drug,l2s2_n_total,l2s2_n_signatures,l2s2_n_significant,l2s2_n_significant_mimic,l2s2_n_significant_general,l2s2_signatures,l2s2_mimic_signatures,l2s2_general_signatures,l2s2_n_sig_pval,l2s2_min_pvalue,l2s2_min_adj_pvalue,l2s2_min_pvalue_general,l2s2_min_adj_pvalue_general,l2s2_min_pvalue_up,l2s2_min_adj_pvalue_up,l2s2_mean_neglog10p,l2s2_max_neglog10p,l2s2_mean_odds_ratio,l2s2_max_odds_ratio,l2s2_direction,l2s2_retrieval_sort,l1k_n_total,l1k_n_signatures,l1k_signatures,l1k_mean_score,l1k_max_score,l1k_false_rescue,n_engines,n_total_signatures,regulatory_status,approved_jurisdiction,mechanism,target_axis,candidate_tier,lincs_eligible,lookup_source,mechanism_flag,firewall_status,firewall_reason,lincs_drug,signature_has_nominal_genes
dasatinib,9,9,1,5,0,GSE22206_case_v_control_100_rescue,GSE134780_HH_v_WT_fat_150_rescue;GSE134780_HH_v_WT_fat_250_rescue;GSE22206_LCL_case_v_control_100_rescue;GSE22206_LCL_case_v_control_150_rescue;GSE22206_LCL_case_v_control_250_rescue,,1,7.12023649956272e-07,8.949741711255919e-05,0.0021578261881938,0.4317528746986188,1.5686683803158758e-21,4.227561284951285e-18,0.687,6.148,0.756,1.928,MIXED,adj_pvalue_down (rescue-sorted),0,0,,,,False,1,1,APPROVED_MEDICATION,FDA; EMA,Approved tyrosine-kinase inhibitor for Ph+ CML and ALL; used as the approved component of a dasatinib + quercetin senolytic adjunct,BCR-ABL / SRC / senolytic adjunct,Tier2-SENESCENCE (adjunct),True,track2_candidates,mechanism_ok,WEAK,only_1_signature_total; mixed_l2s2_directionality_reverse_and_mimic,dasatinib,False
sirolimus,13,13,1,9,2,GSE22206_case_v_control_100_rescue,GSE134780_HH_v_WT_fat_250_rescue;GSE22206_LCL_case_v_control_100_rescue;GSE22206_LCL_case_v_control_150_rescue;GSE22206_LCL_case_v_control_250_rescue;GSE22206_case_v_control_150_rescue;GSE22206_case_v_control_250_rescue;GSE22206_fibro_case_v_control_100_rescue;GSE22206_fibro_case_v_control_150_rescue;GSE22206_fibro_case_v_control_250_rescue,GSE134780_HL1002P_v_WT_fat_250_rescue;GSE22206_case_v_control_100_rescue,1,1.699987987803262e-06,0.0001972421960207,4.1251167427815636e-10,6.436604572788474e-08,9.212274243388229e-18,2.6314861376238474e-14,0.459,5.77,0.67,2.438,MIXED,adj_pvalue_down (rescue-sorted),0,0,,,,False,1,1,APPROVED_MEDICATION,FDA; EMA,mTORC1 inhibition; fly TOR-depletion / larval rapamycin rescued aneuploid neuroblast COUNTS (not brain size),MTORC1/autophagy via FKBP1A,Tier2-AUTOPHAGY,True,track2_candidates,mechanism_ok,WEAK,only_1_signature_total; mixed_l2s2_directionality_reverse_and_mimic,sirolimus,False
palbociclib,6,6,1,0,1,GSE22206_case_v_control_100_rescue,,GSE22206_case_v_control_100_rescue,2,1.025997250114741e-28,4.642637556769205e-25,1.753192716786863e-48,7.933197043460555e-45,0.0077041378217929,0.2043182882774012,5.207,27.989,1.995,8.287,REVERSE,adj_pvalue_down (rescue-sorted),0,0,,,,False,1,1,UNKNOWN,,,,,False,none,cytotoxic_cancer,REJECT,not_matched_to_candidate_or_axis; cytotoxic_or_cancer_mechanism; only_1_signature_total,palbociclib,False
bortezomib,14,14,1,10,0,GSE22206_case_v_control_100_rescue,GSE134780_HH_v_WT_fat_250_rescue;GSE134780_HL1002P_v_WT_fat_250_rescue;GSE22206_LCL_case_v_control_100_rescue;GSE22206_LCL_case_v_control_150_rescue;GSE22206_LCL_case_v_control_250_rescue;GSE22206_case_v_control_150_rescue;GSE22206_case_v_control_250_rescue;GSE22206_fibro_case_v_control_100_rescue;GSE22206_fibro_case_v_control_150_rescue;GSE22206_fibro_case_v_control_250_rescue,,2,5.001649103658495e-15,3.772077032342448e-12,0.4163283008138326,1.0,4.208242365570648e-26,2.3317870947626964e-22,1.2,14.301,0.218,1.041,MIXED,adj_pvalue_down (rescue-sorted),0,0,,,,False,1,1,UNKNOWN,,,,,False,none,cytotoxic_cancer,REJECT,not_matched_to_candidate_or_axis; cytotoxic_or_cancer_mechanism; only_1_signature_total; mixed_l2s2_directionality_reverse_and_mimic,bortezomib,False
afatinib,7,7,1,4,1,GSE22206_case_v_control_100_rescue,GSE134780_HH_v_WT_fat_250_rescue;GSE22206_LCL_case_v_control_100_rescue;GSE22206_LCL_case_v_control_150_rescue;GSE22206_LCL_case_v_control_250_rescue,GSE22206_case_v_control_100_rescue,1,3.187352487941305e-13,1.8028462509918004e-10,1.778353007781091e-06,0.0001463099520038,3.810023288949297e-10,3.422670921239452e-07,1.785,12.497,1.136,2.983,MIXED,adj_pvalue_down (rescue-sorted),0,0,,,,False,1,1,UNKNOWN,,,,,False,none,mechanism_ok,REJECT,not_matched_to_candidate_or_axis; only_1_signature_total; mixed_l2s2_directionality_reverse_and_mimic,afatinib,False
vorinostat,17,17,1,9,1,GSE22206_case_v_control_100_rescue,GSE134780_HH_v_WT_fat_250_rescue;GSE22206_LCL_case_v_control_100_rescue;GSE22206_LCL_case_v_control_150_rescue;GSE22206_LCL_case_v_control_250_rescue;GSE22206_case_v_control_150_rescue;GSE22206_case_v_control_250_rescue;GSE22206_fibro_case_v_control_100_rescue;GSE22206_fibro_case_v_control_150_rescue;GSE22206_fibro_case_v_control_250_rescue,GSE22206_case_v_control_100_rescue,2,4.379375942724464e-13,2.2018529045364663e-10,4.496411181086474e-09,5.651739054004527e-07,6.585996228143605e-19,4.951571497525967e-16,0.871,12.359,0.331,1.956,MIXED,adj_pvalue_down (rescue-sorted),0,0,,,,False,1,1,UNKNOWN,,,,,False,none,mechanism_ok,REJECT,not_matched_to_candidate_or_axis; only_1_signature_total; mixed_l2s2_directionality_reverse_and_mimic,vorinostat,False
neratinib,4,4,1,0,1,GSE22206_case_v_control_100_rescue,,GSE22206_case_v_control_100_rescue,1,1.4009024992905216e-10,4.5279170066354363e-08,3.662781784255671e-11,7.533676169889503e-09,0.0076503877036401,0.3076788971850099,2.611,9.854,2.622,4.344,REVERSE,adj_pvalue_down (rescue-sorted),0,0,,,,False,1,1,UNKNOWN,,,,,False,none,mechanism_ok,REJECT,not_matched_to_candidate_or_axis; only_1_signature_total,neratinib,False
mitoxantrone,13,13,1,8,1,GSE22206_case_v_control_100_rescue,GSE134780_HH_v_WT_fat_250_rescue;GSE22206_LCL_case_v_control_100_rescue;GSE22206_LCL_case_v_control_150_rescue;GSE22206_LCL_case_v_control_250_rescue;GSE22206_case_v_control_150_rescue;GSE22206_case_v_control_250_rescue;GSE22206_fibro_case_v_control_100_rescue;GSE22206_fibro_case_v_control_150_rescue,GSE22206_case_v_control_100_rescue,1,2.787279115788741e-10,8.408291999296036e-08,1.2675269416309917e-12,3.1864218949334643e-10,1.7700692470483446e-13,3.388502561932881e-10,0.745,9.555,0.515,2.706,MIXED,adj_pvalue_down (rescue-sorted),0,0,,,,False,1,1,UNKNOWN,,,,,False,none,mechanism_ok,REJECT,not_matched_to_candidate_or_axis; only_1_signature_total; mixed_l2s2_directionality_reverse_and_mimic,mitoxantrone,False
pralatrexate,1,1,1,0,1,GSE22206_case_v_control_100_rescue,,GSE22206_case_v_control_100_rescue,1,2.2679615758299833e-09,6.40330039032951e-07,1.1361220757541696e-19,7.34421770398231e-17,0.9999999999992346,1.0,8.644,8.644,12.146,12.146,REVERSE,adj_pvalue_down (rescue-sorted),0,0,,,,False,1,1,UNKNOWN,,,,,False,none,mechanism_ok,REJECT,not_matched_to_candidate_or_axis; only_1_signature_total,pralatrexate,False
azacitidine,4,4,1,0,1,GSE22206_case_v_control_100_rescue,,GSE22206_case_v_control_100_rescue,1,2.405659815151418e-09,6.40330039032951e-07,7.531364565241336e-10,1.0675117161502408e-07,0.0076294014544642,0.3477961535027336,2.155,8.619,1.091,4.3,REVERSE,adj_pvalue_down (rescue-sorted),0,0,,,,False,1,1,UNKNOWN,,,,,False,none,cytotoxic_cancer,REJECT,not_matched_to_candidate_or_axis; cytotoxic_or_cancer_mechanism; only_1_signature_total,azacitidine,False
niclosamide,1,1,1,0,1,GSE22206_case_v_control_100_rescue,,GSE22206_case_v_control_100_rescue,1,4.2879603468848095e-09,9.70151028482688e-07,4.771287937967591e-12,1.1363198904896502e-09,1.000000000000382,1.0,8.368,8.368,5.645,5.645,REVERSE,adj_pvalue_down (rescue-sorted),0,0,,,,False,1,1,UNKNOWN,,,,,False,none,mechanism_ok,REJECT,not_matched_to_candidate_or_axis; only_1_signature_total,niclosamide,False
floxuridine,1,1,1,0,1,GSE22206_case_v_control_100_rescue,,GSE22206_case_v_control_100_rescue,1,2.1037565516126308e-08,4.327044725475979e-06,4.607523268901934e-08,4.9640578075669644e-06,1.000000000000646,1.0,7.677,7.677,3.859,3.859,REVERSE,adj_pvalue_down (rescue-sorted),0,0,,,,False,1,1,UNKNOWN,,,,,False,none,mechanism_ok,REJECT,not_matched_to_candidate_or_axis; only_1_signature_total,floxuridine,False
fluphenazine,6,6,1,0,1,GSE22206_case_v_control_100_rescue,,GSE22206_case_v_control_100_rescue,1,1.179822774446507e-07,1.977295575692757e-05,6.61283232704051e-17,2.493588856654859e-14,0.0037616841729381,0.1654444157196352,1.276,6.928,1.479,6.48,REVERSE,adj_pvalue_down (rescue-sorted),0,0,,,,False,1,1,UNKNOWN,,,,,False,none,mechanism_ok,REJECT,not_matched_to_candidate_or_axis; only_1_signature_total,fluphenazine,False
dabrafenib,8,8,1,0,1,GSE22206_case_v_control_100_rescue,,GSE22206_case_v_control_100_rescue,1,1.9911897293046842e-07,3.217904830394177e-05,0.0006170141927352,0.0247078692223609,0.0076870721713157,0.2669216921682224,0.838,6.701,0.533,2.285,REVERSE,adj_pvalue_down (rescue-sorted),0,0,,,,False,1,1,UNKNOWN,,,,,False,none,broad_cancer_kinase,REJECT,not_matched_to_candidate_or_axis; broad_cancer_kinase_not_MVA_axis; only_1_signature_total,dabrafenib,False
erlotinib,11,11,1,4,0,GSE22206_case_v_control_100_rescue,GSE134780_HH_v_WT_fat_250_rescue;GSE22206_LCL_case_v_control_100_rescue;GSE22206_LCL_case_v_control_150_rescue;GSE22206_LCL_case_v_control_250_rescue,,1,3.556051575535813e-07,4.876101024030168e-05,0.0296870502402291,0.7183631141018021,2.912824563814704e-05,0.0082632233678743,0.599,6.449,0.42,1.694,MIXED,adj_pvalue_down (rescue-sorted),0,0,,,,False,1,1,UNKNOWN,,,,,False,none,mechanism_ok,REJECT,not_matched_to_candidate_or_axis; only_1_signature_total; mixed_l2s2_directionality_reverse_and_mimic,erlotinib,False
trifluoperazine,10,10,1,0,1,GSE22206_case_v_control_100_rescue,,GSE22206_case_v_control_100_rescue,1,5.397437364996315e-07,7.183354140178919e-05,2.2538986338894226e-08,2.4875344678901555e-06,0.0038278191615183,0.2043182882774012,0.662,6.268,0.886,3.224,REVERSE,adj_pvalue_down (rescue-sorted),0,0,,,,False,1,1,UNKNOWN,,,,,False,none,mechanism_ok,REJECT,not_matched_to_candidate_or_axis; only_1_signature_total,trifluoperazine,False
vandetanib,10,10,1,3,1,GSE22206_case_v_control_100_rescue,GSE134780_HH_v_WT_fat_250_rescue;GSE22206_LCL_case_v_control_100_rescue;GSE22206_LCL_case_v_control_150_rescue,GSE22206_case_v_control_100_rescue,1,2.3341986901329085e-06,0.0002514821207821,1.144786496160815e-05,0.0007731580440489,2.8233092131964197e-05,0.0082632233678743,0.563,5.632,0.338,2.68,MIXED,adj_pvalue_down (rescue-sorted),0,0,,,,False,1,1,UNKNOWN,,,,,False,none,mechanism_ok,REJECT,not_matched_to_candidate_or_axis; only_1_signature_total; mixed_l2s2_directionality_reverse_and_mimic,vandetanib,False
thioridazine,3,3,1,0,1,GSE22206_case_v_control_100_rescue,,GSE22206_case_v_control_100_rescue,1,2.44227534552462e-06,0.0002570068822906,1.7587702419655912e-08,2.0943250907616573e-06,0.0076991988014934,0.2622690957986608,2.017,5.612,1.575,3.191,REVERSE,adj_pvalue_down (rescue-sorted),0,0,,,,False,1,1,UNKNOWN,,,,,False,none,mechanism_ok,REJECT,not_matched_to_candidate_or_axis; only_1_signature_total,thioridazine,False
idarubicin,3,3,1,0,1,GSE22206_case_v_control_100_rescue,,GSE22206_case_v_control_100_rescue,1,3.1025520980788857e-06,0.0003119788498623,3.244720886088492e-05,0.0018126372851296,0.0037631966602095,0.3835204929315329,1.836,5.508,2.121,3.254,REVERSE,adj_pvalue_down (rescue-sorted),0,0,,,,False,1,1,UNKNOWN,,,,,False,none,mechanism_ok,REJECT,not_matched_to_candidate_or_axis; only_1_signature_total,idarubicin,False
sorafenib,8,8,1,0,1,GSE22206_case_v_control_100_rescue,,GSE22206_case_v_control_100_rescue,1,4.766008411355883e-06,0.0004588550651358,0.0012854809950474,0.0465344120207187,0.0019025975409764,0.1559779828054443,0.68,5.322,0.659,2.154,REVERSE,adj_pvalue_down (rescue-sorted),0,0,,,,False,1,1,UNKNOWN,,,,,False,none,mechanism_ok,REJECT,not_matched_to_candidate_or_axis; only_1_signature_total,sorafenib,False
ponatinib,3,3,1,0,1,GSE22206_case_v_control_100_rescue,,GSE22206_case_v_control_100_rescue,1,1.6939346264410846e-05,0.0013687596758296,5.445586839905166e-05,0.0026798474169132,0.0076383419415363,0.3076788971850099,1.59,4.771,1.024,2.908,REVERSE,adj_pvalue_down (rescue-sorted),0,0,,,,False,1,1,UNKNOWN,,,,,False,none,mechanism_ok,REJECT,not_matched_to_candidate_or_axis; only_1_signature_total,ponatinib,False
kpt 330,2,2,1,0,1,GSE22206_case_v_control_100_rescue,,GSE22206_case_v_control_100_rescue,1,1.9071151985886625e-05,0.0015139818023883,7.54925412526137e-10,1.0675117161502408e-07,0.9999999999995998,1.0,2.36,4.72,4.517,9.035,REVERSE,adj_pvalue_down (rescue-sorted),0,0,,,,False,1,1,UNKNOWN,,,,,False,none,mechanism_ok,REJECT,not_matched_to_candidate_or_axis; only_1_signature_total,kpt 330,False
mek 162,1,1,1,0,1,GSE22206_case_v_control_100_rescue,,GSE22206_case_v_control_100_rescue,1,9.407462409850574e-05,0.0065490411391652,1.1823667794823414e-06,0.0001049060721011,0.9999999999994182,1.0,4.027,4.027,5.87,5.87,REVERSE,adj_pvalue_down (rescue-sorted),0,0,,,,False,1,1,UNKNOWN,,,,,False,none,broad_cancer_kinase,REJECT,not_matched_to_candidate_or_axis; broad_cancer_kinase_not_MVA_axis; only_1_signature_total,mek 162,False
sertraline,1,1,1,0,1,GSE22206_case_v_control_100_rescue,,GSE22206_case_v_control_100_rescue,1,0.0001060238378852,0.0070933819190191,0.000520649816304,0.0216141322823453,0.9999999999991576,1.0,3.975,3.975,3.175,3.175,REVERSE,adj_pvalue_down (rescue-sorted),0,0,,,,False,1,1,UNKNOWN,,,,,False,none,mechanism_ok,REJECT,not_matched_to_candidate_or_axis; only_1_signature_total,sertraline,False
etoposide,2,2,1,0,1,GSE22206_case_v_control_100_rescue,,GSE22206_case_v_control_100_rescue,1,0.000106596678562,0.0070933819190191,0.0007379876706498,0.0287878811180221,0.0152277704188646,0.4108661696454894,1.986,3.972,1.64,3.054,REVERSE,adj_pvalue_down (rescue-sorted),0,0,,,,False,1,1,UNKNOWN,,,,,False,none,cytotoxic_cancer,REJECT,not_matched_to_candidate_or_axis; cytotoxic_or_cancer_mechanism; only_1_signature_total,etoposide,False
gemcitabine,3,3,1,0,0,GSE22206_case_v_control_100_rescue,,,1,0.000110987055026,0.0072784988984488,0.0131391241568373,0.3603305261193278,0.0308746274852966,0.3835204929315329,1.318,3.955,0.822,2.144,REVERSE,adj_pvalue_down (rescue-sorted),0,0,,,,False,1,1,UNKNOWN,,,,,False,none,mechanism_ok,REJECT,not_matched_to_candidate_or_axis; only_1_signature_total,gemcitabine,False
sunitinib,2,2,1,0,1,GSE22206_case_v_control_100_rescue,,GSE22206_case_v_control_100_rescue,1,0.000215063440506,0.0133309872368501,0.0009778816949383,0.0362697923737396,0.0075064458432758,0.3076788971850099,1.834,3.667,1.708,3.126,REVERSE,adj_pvalue_down (rescue-sorted),0,0,,,,False,1,1,UNKNOWN,,,,,False,none,mechanism_ok,REJECT,not_matched_to_candidate_or_axis; only_1_signature_total,sunitinib,False
artesunate,1,1,1,0,1,GSE22206_case_v_control_100_rescue,,GSE22206_case_v_control_100_rescue,1,0.0004039892013689,0.02256853254561,1.6909490556945456e-06,0.0001416952680929,0.9999762983573072,1.0,3.394,3.394,4.859,4.859,REVERSE,adj_pvalue_down (rescue-sorted),0,0,,,,False,1,1,UNKNOWN,,,,,False,none,mechanism_ok,REJECT,not_matched_to_candidate_or_axis; only_1_signature_total,artesunate,False
tioguanine,1,1,1,0,1,GSE22206_case_v_control_100_rescue,,GSE22206_case_v_control_100_rescue,1,0.0004037790531876,0.02256853254561,2.50778208272561e-05,0.0014364194840928,0.9999999999999072,1.0,3.394,3.394,5.171,5.171,REVERSE,adj_pvalue_down (rescue-sorted),0,0,,,,False,1,1,UNKNOWN,,,,,False,none,mechanism_ok,REJECT,not_matched_to_candidate_or_axis; only_1_signature_total,tioguanine,False
epirubicin,6,6,1,0,0,GSE22206_case_v_control_100_rescue,,,1,0.0004576688933102,0.0242573452008276,0.069611563306882,1.0,0.0018722700711233,0.0521350588242644,0.557,3.339,0.328,1.761,REVERSE,adj_pvalue_down (rescue-sorted),0,0,,,,False,1,1,UNKNOWN,,,,,False,none,mechanism_ok,REJECT,not_matched_to_candidate_or_axis; only_1_signature_total,epirubicin,False
fulvestrant,11,11,1,3,1,GSE22206_case_v_control_100_rescue,GSE22206_LCL_case_v_control_100_rescue;GSE22206_case_v_control_150_rescue;GSE22206_case_v_control_250_rescue,GSE22206_case_v_control_100_rescue,1,0.0005943486554272,0.0298825296200933,2.937188733527865e-06,0.0002252674410036,2.8707739579305456e-05,0.0042053158004249,0.298,3.226,0.499,2.571,MIXED,adj_pvalue_down (rescue-sorted),0,0,,,,False,1,1,UNKNOWN,,,,,False,none,mechanism_ok,REJECT,not_matched_to_candidate_or_axis; only_1_signature_total; mixed_l2s2_directionality_reverse_and_mimic,fulvestrant,False
thioguanine,1,1,1,0,1,GSE22206_case_v_control_100_rescue,,GSE22206_case_v_control_100_rescue,1,0.0007321459875492,0.0360104412354375,1.9137047155847096e-07,1.8825030082653935e-05,0.9999550077880428,1.0,3.135,3.135,6.327,6.327,REVERSE,adj_pvalue_down (rescue-sorted),0,0,,,,False,1,1,UNKNOWN,,,,,False,none,mechanism_ok,REJECT,not_matched_to_candidate_or_axis; only_1_signature_total,thioguanine,False
doxorubicin,9,9,0,0,1,GSE22206_case_v_control_100_rescue,,GSE22206_case_v_control_100_rescue,1,0.0011339371406032,0.0518289450629243,1.974940716447988e-05,0.001195656877808,0.0004683169949873,0.0628387910165974,0.361,2.945,0.516,2.652,NOT_SIGNIFICANT,adj_pvalue_down (rescue-sorted),0,0,,,,False,0,0,UNKNOWN,,,,,False,none,cytotoxic_cancer,REJECT,not_matched_to_candidate_or_axis; cytotoxic_or_cancer_mechanism; no_significant_fdr_lincs_signal,doxorubicin,False
bosutinib,6,6,0,0,0,GSE22206_case_v_control_100_rescue,,,1,0.001614874682903,0.0706033023006375,0.0457603959429884,1.0,0.0153901586365727,0.2669216921682224,0.465,2.792,0.301,1.786,NOT_SIGNIFICANT,adj_pvalue_down (rescue-sorted),0,0,,,,False,0,0,UNKNOWN,,,,,False,none,mechanism_ok,REJECT,not_matched_to_candidate_or_axis; no_significant_fdr_lincs_signal,bosutinib,False
cabozantinib,9,9,0,3,0,GSE22206_case_v_control_100_rescue,GSE134780_HH_v_WT_fat_250_rescue;GSE22206_LCL_case_v_control_100_rescue;GSE22206_LCL_case_v_control_250_rescue,,1,0.0016453237491712,0.0706033023006375,0.0384069130361112,1.0,3.4357781679741077e-06,0.0016357258583195,0.331,2.784,0.818,2.666,MIMIC,adj_pvalue_down (rescue-sorted),0,0,,,,False,0,0,UNKNOWN,,,,,False,none,mechanism_ok,REJECT,not_matched_to_candidate_or_axis; no_significant_fdr_lincs_signal,cabozantinib,False
selumetinib,12,12,0,4,0,GSE22206_case_v_control_100_rescue,GSE22206_LCL_case_v_control_100_rescue;GSE22206_LCL_case_v_control_150_rescue;GSE22206_LCL_case_v_control_250_rescue;GSE22206_fibro_case_v_control_250_rescue,,1,0.0016668092617607,0.0706033023006375,0.1236897015769614,1.0,2.148619269282074e-07,0.0001661803531984,0.35,2.778,0.449,1.534,MIMIC,adj_pvalue_down (rescue-sorted),0,0,,,,False,0,0,UNKNOWN,,,,,False,none,mechanism_ok,REJECT,not_matched_to_candidate_or_axis; no_significant_fdr_lincs_signal,selumetinib,False
ivermectin,2,2,0,0,1,GSE22206_case_v_control_100_rescue,,GSE22206_case_v_control_100_rescue,1,0.0028789752717942,0.1123048543523172,0.0004014103357696,0.0169755305547459,0.999787942960646,1.0,1.27,2.541,1.737,3.473,NOT_SIGNIFICANT,adj_pvalue_down (rescue-sorted),0,0,,,,False,0,0,UNKNOWN,,,,,False,none,mechanism_ok,REJECT,not_matched_to_candidate_or_axis; no_significant_fdr_lincs_signal,ivermectin,False
valrubicin,1,1,0,0,0,GSE22206_case_v_control_100_rescue,,,1,0.0035754898805104,0.1302977667944548,0.0038142118349059,0.1278467300218464,0.9999999999999408,1.0,2.447,2.447,3.495,3.495,NOT_SIGNIFICANT,adj_pvalue_down (rescue-sorted),0,0,,,,False,0,0,UNKNOWN,,,,,False,none,mechanism_ok,REJECT,not_matched_to_candidate_or_axis; no_significant_fdr_lincs_signal,valrubicin,False
hexachlorophene,2,2,0,0,0,GSE22206_case_v_control_100_rescue,,,1,0.0036708450312324,0.1302977667944548,0.0014120544461591,0.3420144505907644,0.3620726644268356,1.0,1.251,2.435,3.283,4.111,NOT_SIGNIFICANT,adj_pvalue_down (rescue-sorted),0,0,,,,False,0,0,UNKNOWN,,,,,False,none,mechanism_ok,REJECT,not_matched_to_candidate_or_axis; no_significant_fdr_lincs_signal,hexachlorophene,False
midostaurin,8,8,0,0,0,GSE22206_case_v_control_100_rescue,,,1,0.0055867751477082,0.1900763725066165,0.0400331905363641,0.9242356488624888,0.0037671973936137,0.1743667488124219,0.282,2.253,0.641,2.297,NOT_SIGNIFICANT,adj_pvalue_down (rescue-sorted),0,0,,,,False,0,0,UNKNOWN,,,,,False,none,mechanism_ok,REJECT,not_matched_to_candidate_or_axis; no_significant_fdr_lincs_signal,midostaurin,False
tamoxifen,4,4,0,0,0,GSE22206_case_v_control_100_rescue,,,1,0.0056665326978867,0.1913511974472938,0.2294637325312549,1.0,0.0038079399182504,0.2474500626389431,0.638,2.247,1.093,1.485,NOT_SIGNIFICANT,adj_pvalue_down (rescue-sorted),0,0,,,,False,0,0,UNKNOWN,,,,,False,none,mechanism_ok,REJECT,not_matched_to_candidate_or_axis; no_significant_fdr_lincs_signal,tamoxifen,False
gefitinib,15,15,0,4,0,GSE22206_case_v_control_100_rescue,GSE22206_LCL_case_v_control_100_rescue;GSE22206_LCL_case_v_control_150_rescue;GSE22206_LCL_case_v_control_250_rescue;GSE22206_case_v_control_250_rescue,,1,0.0061844254403074,0.2062115250841572,0.2079000860839823,1.0,0.0001174228282998,0.014887120747247,0.15,2.209,0.29,1.428,MIMIC,adj_pvalue_down (rescue-sorted),0,0,,,,False,0,0,UNKNOWN,,,,,False,none,mechanism_ok,REJECT,not_matched_to_candidate_or_axis; no_significant_fdr_lincs_signal,gefitinib,False
vinblastine,6,6,0,3,0,GSE134780_HH_v_WT_fat_150_rescue,GSE22206_fibro_case_v_control_100_rescue;GSE22206_fibro_case_v_control_150_rescue;GSE22206_fibro_case_v_control_250_rescue,,1,0.007156578629606,1.0,0.0001602486769357,0.0921830514072769,3.4015190829403087e-09,6.737842383457597e-07,0.358,2.145,1.513,6.823,MIMIC,adj_pvalue_down (rescue-sorted),0,0,,,,False,0,0,UNKNOWN,,,,,False,none,cytotoxic_cancer,REJECT,not_matched_to_candidate_or_axis; cytotoxic_or_cancer_mechanism; no_significant_fdr_lincs_signal,vinblastine,False
nelfinavir,1,1,0,0,0,GSE22206_case_v_control_100_rescue,,,1,0.0102608534003714,0.2995507202366493,0.025806918458345,0.6451729614586252,0.9990913332821671,1.0,1.989,1.989,2.188,2.188,NOT_SIGNIFICANT,adj_pvalue_down (rescue-sorted),0,0,,,,False,0,0,UNKNOWN,,,,,False,none,mechanism_ok,REJECT,not_matched_to_candidate_or_axis; no_significant_fdr_lincs_signal,nelfinavir,False
amitriptyline,3,3,0,0,0,GSE22206_case_v_control_100_rescue,,,1,0.0150748671441437,0.3748740546915936,0.1087394851641642,1.0,0.0074292407456773,0.1693853159267939,0.607,1.822,0.684,2.02,NOT_SIGNIFICANT,adj_pvalue_down (rescue-sorted),0,0,,,,False,0,0,UNKNOWN,,,,,False,none,mechanism_ok,REJECT,not_matched_to_candidate_or_axis; no_significant_fdr_lincs_signal,amitriptyline,False
trifluridine,2,2,0,0,0,GSE22206_case_v_control_100_rescue,,,1,0.0150899369871022,0.3748740546915936,0.119656326063911,1.0,1.0,1.0,0.911,1.821,0.982,1.964,NOT_SIGNIFICANT,adj_pvalue_down (rescue-sorted),0,0,,,,False,0,0,UNKNOWN,,,,,False,none,mechanism_ok,REJECT,not_matched_to_candidate_or_axis; no_significant_fdr_lincs_signal,trifluridine,False
digitoxin,4,4,0,2,0,GSE22206_case_v_control_100_rescue,GSE22206_fibro_case_v_control_150_rescue;GSE22206_fibro_case_v_control_250_rescue,,1,0.0152356879866442,0.3748740546915936,0.3104115552467907,1.0,0.0004447833501075,0.0219544097212971,0.454,1.817,0.365,1.422,MIMIC,adj_pvalue_down (rescue-sorted),0,0,,,,False,0,0,UNKNOWN,,,,,False,none,mechanism_ok,REJECT,not_matched_to_candidate_or_axis; no_significant_fdr_lincs_signal,digitoxin,False
paroxetine,3,3,0,0,0,GSE22206_case_v_control_100_rescue,,,1,0.0152330841000035,0.3748740546915936,0.3051405282553744,1.0,0.9999999999997766,1.0,0.606,1.817,0.477,1.431,NOT_SIGNIFICANT,adj_pvalue_down (rescue-sorted),0,0,,,,False,0,0,UNKNOWN,,,,,False,none,mechanism_ok,REJECT,not_matched_to_candidate_or_axis; no_significant_fdr_lincs_signal,paroxetine,False
mycophenolate mofetil,2,2,0,0,0,GSE22206_case_v_control_100_rescue,,,1,0.0153082852070741,0.3748740546915936,0.4941617522950189,1.0,0.9999999999992634,1.0,0.908,1.815,0.577,1.154,NOT_SIGNIFICANT,adj_pvalue_down (rescue-sorted),0,0,,,,False,0,0,UNKNOWN,,,,,False,none,mechanism_ok,REJECT,not_matched_to_candidate_or_axis; no_significant_fdr_lincs_signal,mycophenolate mofetil,False
mitomycin c,1,1,0,0,0,GSE22206_case_v_control_100_rescue,,,1,0.0153708014007478,0.3748740546915936,0.7032150772530047,1.0,0.9999999999998942,1.0,1.813,1.813,0.924,0.924,NOT_SIGNIFICANT,adj_pvalue_down (rescue-sorted),0,0,,,,False,0,0,UNKNOWN,,,,,False,none,cytotoxic_cancer,REJECT,not_matched_to_candidate_or_axis; cytotoxic_or_cancer_mechanism; no_significant_fdr_lincs_signal,mitomycin c,False
decitabine,6,6,0,0,0,GSE22206_case_v_control_100_rescue,,,1,0.015409187662461,0.3748740546915936,0.2065266506771264,1.0,0.0038059567772169,0.1012881622546202,0.303,1.812,0.419,1.649,NOT_SIGNIFICANT,adj_pvalue_down (rescue-sorted),0,0,,,,False,0,0,UNKNOWN,,,,,False,none,cytotoxic_cancer,REJECT,not_matched_to_candidate_or_axis; cytotoxic_or_cancer_mechanism; no_significant_fdr_lincs_signal,decitabine,False
everolimus,11,11,0,8,1,GSE134780_HH_v_WT_fat_150_rescue,GSE22206_LCL_case_v_control_100_rescue;GSE22206_LCL_case_v_control_150_rescue;GSE22206_LCL_case_v_control_250_rescue;GSE22206_case_v_control_150_rescue;GSE22206_case_v_control_250_rescue;GSE22206_fibro_case_v_control_100_rescue;GSE22206_fibro_case_v_control_150_rescue;GSE22206_fibro_case_v_control_250_rescue,GSE22206_case_v_control_100_rescue,1,0.0154313035165776,1.0,1.1409501009410378e-05,0.0007731580440489,3.1372285610892255e-10,6.432744563215227e-08,0.167,1.812,0.719,2.808,MIMIC,adj_pvalue_down (rescue-sorted),0,0,,,,False,0,0,APPROVED_MEDICATION,FDA; EMA,mTORC1 inhibitor; paediatric-approved for TSC-SEGA,MTORC1/autophagy via FKBP1A,Tier2-AUTOPHAGY,True,track2_candidates,mechanism_ok,REJECT,no_significant_fdr_lincs_signal,everolimus,False
teniposide,1,1,0,0,1,GSE22206_case_v_control_100_rescue,,GSE22206_case_v_control_100_rescue,1,0.0175448208663966,0.4222889064917287,8.729500612756273e-06,0.0006269998455987,0.9972629624375136,1.0,1.756,1.756,5.276,5.276,NOT_SIGNIFICANT,adj_pvalue_down (rescue-sorted),0,0,,,,False,0,0,UNKNOWN,,,,,False,none,mechanism_ok,REJECT,not_matched_to_candidate_or_axis; no_significant_fdr_lincs_signal,teniposide,False
daunorubicin,7,7,0,0,0,GSE22206_case_v_control_100_rescue,,,1,0.0191928091406626,0.452330527924472,0.6083971391844993,1.0,0.0009416054977802,0.0982061858422333,0.245,1.717,0.223,1.0,NOT_SIGNIFICANT,adj_pvalue_down (rescue-sorted),0,0,,,,False,0,0,UNKNOWN,,,,,False,none,mechanism_ok,REJECT,not_matched_to_candidate_or_axis; no_significant_fdr_lincs_signal,daunorubicin,False
irinotecan,1,1,0,0,0,GSE22206_case_v_control_100_rescue,,,1,0.0304997228623949,0.6219831289195356,0.2143796877461062,1.0,1.0000000000000435,1.0,1.516,1.516,1.738,1.738,NOT_SIGNIFICANT,adj_pvalue_down (rescue-sorted),0,0,,,,False,0,0,UNKNOWN,,,,,False,none,cytotoxic_cancer,REJECT,not_matched_to_candidate_or_axis; cytotoxic_or_cancer_mechanism; no_significant_fdr_lincs_signal,irinotecan,False
disulfiram,3,3,0,0,0,GSE22206_case_v_control_100_rescue,,,1,0.0305969325830448,0.6219831289195356,0.3025567049947701,1.0,0.0018089548541641,0.0827401047291609,0.505,1.514,0.516,1.51,NOT_SIGNIFICANT,adj_pvalue_down (rescue-sorted),0,0,,,,False,0,0,UNKNOWN,,,,,False,none,mechanism_ok,REJECT,not_matched_to_candidate_or_axis; no_significant_fdr_lincs_signal,disulfiram,False
maprotiline,2,2,0,0,0,GSE22206_case_v_control_100_rescue,,,1,0.0306050197354747,0.6219831289195356,0.3114115097900933,1.0,1.0,1.0,0.757,1.514,0.746,1.492,NOT_SIGNIFICANT,adj_pvalue_down (rescue-sorted),0,0,,,,False,0,0,UNKNOWN,,,,,False,none,mechanism_ok,REJECT,not_matched_to_candidate_or_axis; no_significant_fdr_lincs_signal,maprotiline,False
amiodarone,1,1,0,0,0,GSE22206_case_v_control_100_rescue,,,1,0.0307116794329732,0.6219831289195356,0.454308884996758,1.0,1.0000000000003348,1.0,1.513,1.513,1.243,1.243,NOT_SIGNIFICANT,adj_pvalue_down (rescue-sorted),0,0,,,,False,0,0,UNKNOWN,,,,,False,none,mechanism_ok,REJECT,not_matched_to_candidate_or_axis; no_significant_fdr_lincs_signal,amiodarone,False
dacomitinib,2,2,0,0,0,GSE22206_case_v_control_100_rescue,,,1,0.0307543682156778,0.6219831289195356,0.0028492258512603,0.456648759622519,0.5000000000002951,1.0,0.819,1.512,2.237,3.331,NOT_SIGNIFICANT,adj_pvalue_down (rescue-sorted),0,0,,,,False,0,0,UNKNOWN,,,,,False,none,mechanism_ok,REJECT,not_matched_to_candidate_or_axis; no_significant_fdr_lincs_signal,dacomitinib,False
temsirolimus,6,6,0,0,0,GSE22206_case_v_control_100_rescue,,,1,0.0343257916781384,0.6753226406242446,0.1348240483637218,1.0,0.0018478113012012,0.1034007020918714,0.244,1.464,0.448,1.7,NOT_SIGNIFICANT,adj_pvalue_down (rescue-sorted),0,0,,,,False,0,0,APPROVED_MEDICATION,,FK506-binding protein 1A inhibitor,FK506-binding protein 1A inhibitor,,True,chembl_axis_approved,mechanism_ok,REJECT,no_significant_fdr_lincs_signal,temsirolimus,False
atorvastatin,5,5,0,0,0,GSE22206_case_v_control_100_rescue,,,1,0.0346376459814336,0.6773820599230344,0.3527616994261899,1.0,0.0154030567835965,0.3262240921439919,0.485,1.46,0.483,1.349,NOT_SIGNIFICANT,adj_pvalue_down (rescue-sorted),0,0,,,,False,0,0,UNKNOWN,,,,,False,none,mechanism_ok,REJECT,not_matched_to_candidate_or_axis; no_significant_fdr_lincs_signal,atorvastatin,False
simvastatin,9,9,0,0,0,GSE22206_case_v_control_100_rescue,,,1,0.0347357422234609,0.6773820599230344,0.1998288327504761,1.0,0.0009430961489773,0.0628387910165974,0.163,1.459,0.343,1.587,NOT_SIGNIFICANT,adj_pvalue_down (rescue-sorted),0,0,,,,False,0,0,UNKNOWN,,,,,False,none,mechanism_ok,REJECT,not_matched_to_candidate_or_axis; no_significant_fdr_lincs_signal,simvastatin,False
gdc 0199,10,10,0,0,0,,,,0,0.061913541228312,1.0,0.118656277229213,1.0,0.0018908787761269,0.0622660934215553,0.207,1.208,0.457,1.844,NOT_SIGNIFICANT,adj_pvalue_down (rescue-sorted),0,0,,,,False,0,0,UNKNOWN,,,,,False,none,mechanism_ok,REJECT,not_matched_to_candidate_or_axis; no_significant_fdr_lincs_signal,gdc 0199,False
ibrutinib,11,11,0,4,0,,GSE134780_HH_v_WT_fat_250_rescue;GSE22206_LCL_case_v_control_100_rescue;GSE22206_LCL_case_v_control_150_rescue;GSE22206_LCL_case_v_control_250_rescue,,0,0.0622050564782234,1.0,0.0188393562333082,1.0,2.1469975076314866e-07,0.0001446539570766,0.124,1.206,0.39,1.921,MIMIC,adj_pvalue_down (rescue-sorted),0,0,,,,False,0,0,UNKNOWN,,,,,False,none,mechanism_ok,REJECT,not_matched_to_candidate_or_axis; no_significant_fdr_lincs_signal,ibrutinib,False
menadione,2,2,0,0,0,,,,0,0.0880588705065152,1.0,0.0283927187349465,0.6944705528412608,0.0152034815807246,0.4040540003663931,0.528,1.055,1.256,2.266,NOT_SIGNIFICANT,adj_pvalue_down (rescue-sorted),0,0,,,,False,0,0,UNKNOWN,,,,,False,none,mechanism_ok,REJECT,not_matched_to_candidate_or_axis; no_significant_fdr_lincs_signal,menadione,False
raloxifene,10,10,0,0,0,,,,0,0.0891646378939563,1.0,0.65212045300635,1.0,0.0019050173761259,0.0622660934215553,0.123,1.05,0.232,0.977,NOT_SIGNIFICANT,adj_pvalue_down (rescue-sorted),0,0,,,,False,0,0,UNKNOWN,,,,,False,none,mechanism_ok,REJECT,not_matched_to_candidate_or_axis; no_significant_fdr_lincs_signal,raloxifene,False
trametinib,9,9,0,2,0,,GSE22206_LCL_case_v_control_150_rescue;GSE22206_LCL_case_v_control_250_rescue,,0,0.0892084655541537,1.0,0.2837110435230787,1.0,5.752966668271712e-05,0.0170956164881808,0.224,1.05,0.247,1.34,MIMIC,adj_pvalue_down (rescue-sorted),0,0,,,,False,0,0,UNKNOWN,,,,,False,none,mechanism_ok,REJECT,not_matched_to_candidate_or_axis; no_significant_fdr_lincs_signal,trametinib,False
lapatinib,11,11,0,4,0,,GSE134780_HH_v_WT_fat_250_rescue;GSE22206_LCL_case_v_control_100_rescue;GSE22206_LCL_case_v_control_150_rescue;GSE22206_case_v_control_150_rescue,,0,0.1040747748551564,1.0,0.1561648981147981,1.0,2.1043860332389975e-07,0.0001446539570766,0.115,0.983,0.562,1.779,MIMIC,adj_pvalue_down (rescue-sorted),0,0,,,,False,0,0,UNKNOWN,,,,,False,none,mechanism_ok,REJECT,not_matched_to_candidate_or_axis; no_significant_fdr_lincs_signal,lapatinib,False
auranofin,3,3,0,0,0,,,,0,0.1075994395107004,1.0,0.0869482589439808,1.0,0.9849608852558902,1.0,0.323,0.968,0.718,2.154,NOT_SIGNIFICANT,adj_pvalue_down (rescue-sorted),0,0,,,,False,0,0,UNKNOWN,,,,,False,none,mechanism_ok,REJECT,not_matched_to_candidate_or_axis; no_significant_fdr_lincs_signal,auranofin,False
diltiazem,5,5,0,0,0,,,,0,0.1082624623221629,1.0,0.0736995477316326,1.0,0.0037355089065598,0.2197721896039215,0.193,0.966,0.541,2.252,NOT_SIGNIFICANT,adj_pvalue_down (rescue-sorted),0,0,,,,False,0,0,UNKNOWN,,,,,False,none,mechanism_ok,REJECT,not_matched_to_candidate_or_axis; no_significant_fdr_lincs_signal,diltiazem,False
amlodipine,4,4,0,0,0,,,,0,0.1085723465935721,1.0,0.1118522533559445,1.0,0.0037826015996027,0.2474500626389431,0.316,0.964,0.762,1.874,NOT_SIGNIFICANT,adj_pvalue_down (rescue-sorted),0,0,,,,False,0,0,UNKNOWN,,,,,False,none,mechanism_ok,REJECT,not_matched_to_candidate_or_axis; no_significant_fdr_lincs_signal,amlodipine,False
fostamatinib,11,11,0,3,0,,GSE134780_HH_v_WT_fat_250_rescue;GSE22206_LCL_case_v_control_100_rescue;GSE22206_LCL_case_v_control_250_rescue,,0,0.1089886676606061,1.0,0.0381642650000463,1.0,1.4278116746841386e-05,0.0049295575134556,0.093,0.963,0.625,2.163,MIMIC,adj_pvalue_down (rescue-sorted),0,0,,,,False,0,0,UNKNOWN,,,,,False,none,mechanism_ok,REJECT,not_matched_to_candidate_or_axis; no_significant_fdr_lincs_signal,fostamatinib,False
nilotinib,7,7,0,0,0,,,,0,0.1088024228930414,1.0,0.2935511713369392,1.0,0.0038177979740076,0.1012881622546202,0.164,0.963,0.398,1.452,NOT_SIGNIFICANT,adj_pvalue_down (rescue-sorted),0,0,,,,False,0,0,UNKNOWN,,,,,False,none,mechanism_ok,REJECT,not_matched_to_candidate_or_axis; no_significant_fdr_lincs_signal,nilotinib,False
belinostat,10,10,0,1,0,,GSE22206_case_v_control_150_rescue,,0,0.1313785556264978,1.0,0.0075686976038545,0.2290497747500874,6.375461151373017e-06,0.0012727623746643,0.088,0.881,0.387,2.307,MIMIC,adj_pvalue_down (rescue-sorted),0,0,,,,False,0,0,UNKNOWN,,,,,False,none,mechanism_ok,REJECT,not_matched_to_candidate_or_axis; no_significant_fdr_lincs_signal,belinostat,False
digoxin,5,5,0,1,0,,GSE22206_fibro_case_v_control_250_rescue,,0,0.1434618578496405,1.0,0.4091440817981147,1.0,0.0004597497298031,0.017471638113674,0.169,0.843,0.304,1.206,MIMIC,adj_pvalue_down (rescue-sorted),0,0,,,,False,0,0,UNKNOWN,,,,,False,none,mechanism_ok,REJECT,not_matched_to_candidate_or_axis; no_significant_fdr_lincs_signal,digoxin,False
calcitriol,8,8,0,0,0,,,,0,0.1709491383469779,1.0,0.0905555744893732,1.0,0.0009439407334024,0.0516372557950343,0.096,0.767,0.454,1.726,NOT_SIGNIFICANT,adj_pvalue_down (rescue-sorted),0,0,,,,False,0,0,UNKNOWN,,,,,False,none,mechanism_ok,REJECT,not_matched_to_candidate_or_axis; no_significant_fdr_lincs_signal,calcitriol,False
protriptyline,1,1,0,0,0,,,,0,0.1859433302599565,1.0,0.1983228444277737,1.0,0.9695225336163632,1.0,0.731,0.731,1.79,1.79,NOT_SIGNIFICANT,adj_pvalue_down (rescue-sorted),0,0,,,,False,0,0,UNKNOWN,,,,,False,none,mechanism_ok,REJECT,not_matched_to_candidate_or_axis; no_significant_fdr_lincs_signal,protriptyline,False
lonafarnib,1,1,0,0,0,,,,0,0.186337206289558,1.0,0.395002892023269,1.0,0.9693281578767378,1.0,0.73,0.73,1.335,1.335,NOT_SIGNIFICANT,adj_pvalue_down (rescue-sorted),0,0,,,,False,0,0,UNKNOWN,,,,,False,none,mechanism_ok,REJECT,not_matched_to_candidate_or_axis; no_significant_fdr_lincs_signal,lonafarnib,False
cyt 387,5,5,0,0,0,,,,0,0.1866877832478332,1.0,0.7014036732756316,1.0,0.0018631683014264,0.1740015623884907,0.146,0.729,0.276,0.932,NOT_SIGNIFICANT,adj_pvalue_down (rescue-sorted),0,0,,,,False,0,0,UNKNOWN,,,,,False,none,mechanism_ok,REJECT,not_matched_to_candidate_or_axis; no_significant_fdr_lincs_signal,cyt 387,False
nintedanib,1,1,0,0,0,,,,0,0.1865465277049949,1.0,0.5641559778012856,1.0,0.9692245576114208,1.0,0.729,0.729,1.094,1.094,NOT_SIGNIFICANT,adj_pvalue_down (rescue-sorted),0,0,,,,False,0,0,UNKNOWN,,,,,False,none,mechanism_ok,REJECT,not_matched_to_candidate_or_axis; no_significant_fdr_lincs_signal,nintedanib,False
pazopanib,10,10,0,5,0,,GSE134780_HH_v_WT_fat_250_rescue;GSE22206_LCL_case_v_control_150_rescue;GSE22206_LCL_case_v_control_250_rescue;GSE22206_case_v_control_150_rescue;GSE22206_case_v_control_250_rescue,,0,0.2260014102146577,1.0,0.4437098535789301,1.0,1.4047212996200051e-05,0.0022292146624247,0.065,0.646,0.347,1.217,MIMIC,adj_pvalue_down (rescue-sorted),0,0,,,,False,0,0,UNKNOWN,,,,,False,none,mechanism_ok,REJECT,not_matched_to_candidate_or_axis; no_significant_fdr_lincs_signal,pazopanib,False
methazolamide,4,4,0,0,0,,,,0,0.3424183024589924,1.0,0.0064051991018093,0.7558134940135043,0.8926112180211809,1.0,0.116,0.465,1.01,4.039,NOT_SIGNIFICANT,adj_pvalue_down (rescue-sorted),0,0,,,,False,0,0,UNKNOWN,,,,,False,none,mechanism_ok,REJECT,not_matched_to_candidate_or_axis; no_significant_fdr_lincs_signal,methazolamide,False
crizotinib,11,11,0,2,0,,GSE134780_HH_v_WT_fat_250_rescue;GSE22206_fibro_case_v_control_250_rescue,,0,0.3868461890786722,1.0,0.771988119721623,1.0,0.0001170872174887,0.017471638113674,0.042,0.412,0.194,0.868,MIMIC,adj_pvalue_down (rescue-sorted),0,0,,,,False,0,0,UNKNOWN,,,,,False,none,mechanism_ok,REJECT,not_matched_to_candidate_or_axis; no_significant_fdr_lincs_signal,crizotinib,False
idelalisib,7,7,0,4,0,,GSE134780_HH_v_WT_fat_250_rescue;GSE22206_LCL_case_v_control_100_rescue;GSE22206_LCL_case_v_control_150_rescue;GSE22206_LCL_case_v_control_250_rescue,,0,0.5000000000004589,1.0,0.9613860254535408,1.0,1.3845327168666284e-05,0.0051839297756903,0.043,0.301,0.227,0.574,MIMIC,adj_pvalue_down (rescue-sorted),0,0,,,,False,0,0,UNKNOWN,,,,,False,none,mechanism_ok,REJECT,not_matched_to_candidate_or_axis; no_significant_fdr_lincs_signal,idelalisib,False
imatinib,11,11,0,2,0,,GSE22206_LCL_case_v_control_100_rescue;GSE22206_LCL_case_v_control_150_rescue,,0,0.4999999999989203,1.0,0.3673978531577641,1.0,0.0001165112550993,0.0261669891076909,0.039,0.301,0.205,1.232,MIMIC,adj_pvalue_down (rescue-sorted),0,0,,,,False,0,0,UNKNOWN,,,,,False,none,mechanism_ok,REJECT,not_matched_to_candidate_or_axis; no_significant_fdr_lincs_signal,imatinib,False
indinavir,3,3,0,0,0,,,,0,0.5000000000000945,1.0,0.3119651485982995,1.0,0.0076104618992815,0.2043182882774012,0.1,0.301,0.564,1.49,NOT_SIGNIFICANT,adj_pvalue_down (rescue-sorted),0,0,,,,False,0,0,UNKNOWN,,,,,False,none,mechanism_ok,REJECT,not_matched_to_candidate_or_axis; no_significant_fdr_lincs_signal,indinavir,False
salmeterol,2,2,0,0,0,,,,0,0.4999999999999493,1.0,0.1663541565156237,1.0,0.0037349742394666,0.0863440394998882,0.151,0.301,0.961,1.908,NOT_SIGNIFICANT,adj_pvalue_down (rescue-sorted),0,0,,,,False,0,0,UNKNOWN,,,,,False,none,mechanism_ok,REJECT,not_matched_to_candidate_or_axis; no_significant_fdr_lincs_signal,salmeterol,False
thalidomide,7,7,0,1,0,,GSE22206_fibro_case_v_control_250_rescue,,0,0.5000000000003234,1.0,0.3493828385888195,1.0,0.0009256517413519,0.0302580797481067,0.043,0.301,0.3,1.416,MIMIC,adj_pvalue_down (rescue-sorted),0,0,,,,False,0,0,UNKNOWN,,,,,False,none,mechanism_ok,REJECT,not_matched_to_candidate_or_axis; pediatric_safety_contraindication; no_significant_fdr_lincs_signal,thalidomide,False
trilostane,3,3,0,0,0,,,,0,0.4999999999998708,1.0,0.0059275400405005,1.0,0.003560876280423,0.2474500626389431,0.105,0.301,3.141,4.93,NOT_SIGNIFICANT,adj_pvalue_down (rescue-sorted),0,0,,,,False,0,0,UNKNOWN,,,,,False,none,mechanism_ok,REJECT,not_matched_to_candidate_or_axis; no_significant_fdr_lincs_signal,trilostane,False
olaparib,11,11,0,3,0,,GSE22206_LCL_case_v_control_100_rescue;GSE22206_fibro_case_v_control_100_rescue;GSE22206_fibro_case_v_control_150_rescue,,0,0.6369932170116209,1.0,0.4428215959547943,1.0,1.4362568643397844e-05,0.0051839297756903,0.036,0.196,0.234,1.168,MIMIC,adj_pvalue_down (rescue-sorted),0,0,,,,False,0,0,UNKNOWN,,,,,False,none,cytotoxic_cancer,REJECT,not_matched_to_candidate_or_axis; cytotoxic_or_cancer_mechanism; no_significant_fdr_lincs_signal,olaparib,False
valproic acid,10,10,0,4,0,,GSE22206_LCL_case_v_control_100_rescue;GSE22206_case_v_control_150_rescue;GSE22206_case_v_control_250_rescue;GSE22206_fibro_case_v_control_250_rescue,,0,0.6566824269334199,1.0,0.3801018394315685,1.0,3.3066351799441983e-06,0.0007912502432674,0.018,0.183,0.288,1.307,MIMIC,adj_pvalue_down (rescue-sorted),0,0,,,,False,0,0,UNKNOWN,,,,,False,none,mechanism_ok,REJECT,not_matched_to_candidate_or_axis; no_significant_fdr_lincs_signal,valproic acid,False
pentoxifylline,3,3,0,0,0,,,,0,0.6569538319951718,1.0,0.0378201889555115,1.0,0.0152762386128819,0.3925736407145438,0.061,0.182,0.908,2.678,NOT_SIGNIFICANT,adj_pvalue_down (rescue-sorted),0,0,,,,False,0,0,UNKNOWN,,,,,False,none,mechanism_ok,REJECT,not_matched_to_candidate_or_axis; no_significant_fdr_lincs_signal,pentoxifylline,False
troglitazone,11,11,0,5,0,,GSE134780_HH_v_WT_fat_250_rescue;GSE22206_case_v_control_150_rescue;GSE22206_case_v_control_250_rescue;GSE22206_fibro_case_v_control_100_rescue;GSE22206_fibro_case_v_control_250_rescue,,0,0.7738137902952938,1.0,0.2775272761776247,1.0,1.0604146866275176e-07,4.660114695925391e-05,0.01,0.111,0.277,1.321,MIMIC,adj_pvalue_down (rescue-sorted),0,0,,,,False,0,0,UNKNOWN,,,,,False,none,mechanism_ok,REJECT,not_matched_to_candidate_or_axis; no_significant_fdr_lincs_signal,troglitazone,False
phentolamine,4,4,0,0,0,,,,0,0.7756911396482047,1.0,0.0017138030673284,0.3943460857922826,0.030402000671871,0.5000843496425292,0.028,0.11,1.207,4.52,NOT_SIGNIFICANT,adj_pvalue_down (rescue-sorted),0,0,,,,False,0,0,UNKNOWN,,,,,False,none,mechanism_ok,REJECT,not_matched_to_candidate_or_axis; no_significant_fdr_lincs_signal,phentolamine,False
cimetidine,3,3,0,0,0,,,,0,0.8136091419220776,1.0,0.1205685022415863,1.0,0.0152123861023228,0.3925736407145438,0.03,0.09,0.726,2.132,NOT_SIGNIFICANT,adj_pvalue_down (rescue-sorted),0,0,,,,False,0,0,UNKNOWN,,,,,False,none,mechanism_ok,REJECT,not_matched_to_candidate_or_axis; no_significant_fdr_lincs_signal,cimetidine,False
haloperidol,4,4,0,0,0,,,,0,0.8136542042390487,1.0,0.0506342362347048,1.0,0.0151957621966202,0.3835204929315329,0.022,0.09,0.723,2.791,NOT_SIGNIFICANT,adj_pvalue_down (rescue-sorted),0,0,,,,False,0,0,UNKNOWN,,,,,False,none,mechanism_ok,REJECT,not_matched_to_candidate_or_axis; no_significant_fdr_lincs_signal,haloperidol,False
hydrocortisone,4,4,0,0,0,,,,0,0.813462280384012,1.0,0.0923333065277158,1.0,0.0152666403062562,0.4108661696454894,0.045,0.09,1.095,2.325,NOT_SIGNIFICANT,adj_pvalue_down (rescue-sorted),0,0,,,,False,0,0,UNKNOWN,,,,,False,none,mechanism_ok,REJECT,not_matched_to_candidate_or_axis; no_significant_fdr_lincs_signal,hydrocortisone,False
dipyridamole,2,2,0,0,0,,,,0,0.8141212792374901,1.0,0.0342412060604446,1.0,0.0304456525386685,0.5000843496425292,0.045,0.089,1.707,3.123,NOT_SIGNIFICANT,adj_pvalue_down (rescue-sorted),0,0,,,,False,0,0,UNKNOWN,,,,,False,none,mechanism_ok,REJECT,not_matched_to_candidate_or_axis; no_significant_fdr_lincs_signal,dipyridamole,False
eptifibatide,2,2,0,0,0,,,,0,0.813968866235198,1.0,0.0485033108127547,1.0,0.5000000000001071,1.0,0.045,0.089,1.414,2.828,NOT_SIGNIFICANT,adj_pvalue_down (rescue-sorted),0,0,,,,False,0,0,UNKNOWN,,,,,False,none,mechanism_ok,REJECT,not_matched_to_candidate_or_axis; no_significant_fdr_lincs_signal,eptifibatide,False
macitentan,1,1,0,0,0,,,,0,0.8138255611955535,1.0,0.031028729597336,1.0,0.4999999999995306,1.0,0.089,0.089,3.207,3.207,NOT_SIGNIFICANT,adj_pvalue_down (rescue-sorted),0,0,,,,False,0,0,UNKNOWN,,,,,False,none,mechanism_ok,REJECT,not_matched_to_candidate_or_axis; no_significant_fdr_lincs_signal,macitentan,False
trimethoprim,1,1,0,0,0,,,,0,0.8143968264169678,1.0,0.007844396983583,1.0,0.4999999999998883,1.0,0.089,0.089,4.598,4.598,NOT_SIGNIFICANT,adj_pvalue_down (rescue-sorted),0,0,,,,False,0,0,UNKNOWN,,,,,False,none,mechanism_ok,REJECT,not_matched_to_candidate_or_axis; no_significant_fdr_lincs_signal,trimethoprim,False
paclitaxel,9,9,0,5,0,,GSE22206_case_v_control_150_rescue;GSE22206_case_v_control_250_rescue;GSE22206_fibro_case_v_control_100_rescue;GSE22206_fibro_case_v_control_150_rescue;GSE22206_fibro_case_v_control_250_rescue,,0,0.891299783652839,1.0,0.1844742073819822,1.0,1.0552162553701336e-14,3.661600406134364e-12,0.006,0.05,0.361,1.713,MIMIC,adj_pvalue_down (rescue-sorted),0,0,,,,False,0,0,UNKNOWN,,,,,False,none,cytotoxic_cancer,REJECT,not_matched_to_candidate_or_axis; cytotoxic_or_cancer_mechanism; no_significant_fdr_lincs_signal,paclitaxel,False
clobetasol,1,1,0,0,0,,,,0,0.8927301518047598,1.0,0.0048727935829175,0.6555371609371785,0.3423380769053816,1.0,0.049,0.049,4.284,4.284,NOT_SIGNIFICANT,adj_pvalue_down (rescue-sorted),0,0,,,,False,0,0,UNKNOWN,,,,,False,none,mechanism_ok,REJECT,not_matched_to_candidate_or_axis; no_significant_fdr_lincs_signal,clobetasol,False
flutamide,8,8,0,2,0,,GSE22206_fibro_case_v_control_150_rescue;GSE22206_fibro_case_v_control_250_rescue,,0,0.9691720080852816,1.0,0.0559700046830207,1.0,0.0002229937090686,0.010172030433537,0.003,0.014,0.595,2.423,MIMIC,adj_pvalue_down (rescue-sorted),0,0,,,,False,0,0,UNKNOWN,,,,,False,none,mechanism_ok,REJECT,not_matched_to_candidate_or_axis; no_significant_fdr_lincs_signal,flutamide,False
panobinostat,5,5,0,0,0,,,,0,0.9690120535364076,1.0,0.0499074741698635,1.0,0.0009400973019757,0.0628387910165974,0.003,0.014,0.99,2.8,NOT_SIGNIFICANT,adj_pvalue_down (rescue-sorted),0,0,,,,False,0,0,UNKNOWN,,,,,False,none,mechanism_ok,REJECT,not_matched_to_candidate_or_axis; no_significant_fdr_lincs_signal,panobinostat,False
quetiapine,5,5,0,0,0,,,,0,0.969299683164726,1.0,0.121858920218235,1.0,0.0037159003089463,0.0863440394998882,0.003,0.014,0.48,2.125,NOT_SIGNIFICANT,adj_pvalue_down (rescue-sorted),0,0,,,,False,0,0,UNKNOWN,,,,,False,none,mechanism_ok,REJECT,not_matched_to_candidate_or_axis; no_significant_fdr_lincs_signal,quetiapine,False
sildenafil,4,4,0,0,0,,,,0,0.9691433258450448,1.0,0.299604920478604,1.0,0.0018656305641153,0.1559779828054443,0.003,0.014,0.489,1.516,NOT_SIGNIFICANT,adj_pvalue_down (rescue-sorted),0,0,,,,False,0,0,UNKNOWN,,,,,False,none,mechanism_ok,REJECT,not_matched_to_candidate_or_axis; no_significant_fdr_lincs_signal,sildenafil,False
vardenafil,3,3,0,0,0,,,,0,0.9693346477149328,1.0,0.0474761111874545,1.0,0.0151877548183456,0.4108661696454894,0.005,0.014,1.074,2.843,NOT_SIGNIFICANT,adj_pvalue_down (rescue-sorted),0,0,,,,False,0,0,UNKNOWN,,,,,False,none,mechanism_ok,REJECT,not_matched_to_candidate_or_axis; no_significant_fdr_lincs_signal,vardenafil,False
argatroban,2,2,0,0,0,,,,0,0.9695585093758162,1.0,0.0336064942540959,1.0,0.185870265504725,1.0,0.007,0.013,1.57,3.139,NOT_SIGNIFICANT,adj_pvalue_down (rescue-sorted),0,0,,,,False,0,0,UNKNOWN,,,,,False,none,mechanism_ok,REJECT,not_matched_to_candidate_or_axis; no_significant_fdr_lincs_signal,argatroban,False
bexarotene,3,3,0,0,0,,,,0,0.969453018227178,1.0,0.0243745738820771,1.0,0.0150995331312271,0.3896516539537614,0.004,0.013,1.203,3.426,NOT_SIGNIFICANT,adj_pvalue_down (rescue-sorted),0,0,,,,False,0,0,UNKNOWN,,,,,False,none,mechanism_ok,REJECT,not_matched_to_candidate_or_axis; no_significant_fdr_lincs_signal,bexarotene,False
metolazone,3,3,0,0,0,,,,0,0.969602626514342,1.0,0.0276612438189954,1.0,0.0149881786162674,0.3925736407145438,0.004,0.013,1.128,3.313,NOT_SIGNIFICANT,adj_pvalue_down (rescue-sorted),0,0,,,,False,0,0,UNKNOWN,,,,,False,none,mechanism_ok,REJECT,not_matched_to_candidate_or_axis; no_significant_fdr_lincs_signal,metolazone,False
repaglinide,2,2,0,0,0,,,,0,0.9695712576029802,1.0,0.0134370365765058,1.0,0.0304287423976421,0.602522879599936,0.007,0.013,2.352,4.01,NOT_SIGNIFICANT,adj_pvalue_down (rescue-sorted),0,0,,,,False,0,0,UNKNOWN,,,,,False,none,mechanism_ok,REJECT,not_matched_to_candidate_or_axis; no_significant_fdr_lincs_signal,repaglinide,False
tul,6,6,0,3,0,,GSE22206_LCL_case_v_control_150_rescue;GSE22206_LCL_case_v_control_250_rescue;GSE22206_case_v_control_250_rescue,,0,0.9699777963243756,1.0,0.0066375365090261,0.763648575363463,4.17990916627283e-05,0.0131150797017054,0.002,0.013,1.427,4.801,MIMIC,adj_pvalue_down (rescue-sorted),0,0,,,,False,0,0,UNKNOWN,,,,,False,none,mechanism_ok,REJECT,not_matched_to_candidate_or_axis; no_significant_fdr_lincs_signal,tul,False
cytarabine,1,1,0,0,0,,,,0,0.9847776893250992,1.0,0.0207245516963254,1.0,0.1081585232204455,1.0,0.007,0.007,3.098,3.098,NOT_SIGNIFICANT,adj_pvalue_down (rescue-sorted),0,0,,,,False,0,0,UNKNOWN,,,,,False,none,mechanism_ok,REJECT,not_matched_to_candidate_or_axis; no_significant_fdr_lincs_signal,cytarabine,False
lopinavir,3,3,0,0,0,,,,0,0.9846342599015632,1.0,0.2345692374270953,1.0,0.0309037418564332,0.602522879599936,0.002,0.007,0.665,1.578,NOT_SIGNIFICANT,adj_pvalue_down (rescue-sorted),0,0,,,,False,0,0,UNKNOWN,,,,,False,none,mechanism_ok,REJECT,not_matched_to_candidate_or_axis; no_significant_fdr_lincs_signal,lopinavir,False
baricitinib,2,2,0,0,0,,,,0,0.9924600061111074,1.0,0.0069526332013676,1.0,0.0075399938886969,0.2043182882774012,0.002,0.003,1.743,3.473,NOT_SIGNIFICANT,adj_pvalue_down (rescue-sorted),0,0,,,,False,0,0,APPROVED_MEDICATION,FDA; EMA,JAK1/2 inhibition suppresses type-I IFN downstream of micronuclei->cGAS-STING; paediatric compassionate-use in AGS/CANDLE/SAVI,JAK1/JAK2/type-I IFN,Tier3-SYSTEMIC,True,track2_candidates,mechanism_ok,REJECT,no_significant_fdr_lincs_signal,baricitinib,False
docetaxel,9,9,0,4,0,,GSE22206_case_v_control_150_rescue;GSE22206_fibro_case_v_control_100_rescue;GSE22206_fibro_case_v_control_150_rescue;GSE22206_fibro_case_v_control_250_rescue,,0,0.9924294640485756,1.0,0.0127759811199245,1.0,2.075665796298501e-09,4.485325088910489e-07,0.0,0.003,0.54,3.077,MIMIC,adj_pvalue_down (rescue-sorted),0,0,,,,False,0,0,UNKNOWN,,,,,False,none,cytotoxic_cancer,REJECT,not_matched_to_candidate_or_axis; cytotoxic_or_cancer_mechanism; no_significant_fdr_lincs_signal,docetaxel,False
650,1,1,0,0,0,,,,0,1.0,1.0,1.0,1.0,1.0,1.0,0.0,-0.0,0.0,0.0,NOT_SIGNIFICANT,adj_pvalue_down (rescue-sorted),0,0,,,,False,0,0,UNKNOWN,,,,,False,none,mechanism_ok,REJECT,not_matched_to_candidate_or_axis; no_significant_fdr_lincs_signal,650,False
acalabrutinib,1,1,0,0,0,,,,0,1.000000000000143,1.0,0.9999999583611168,1.0,0.0301961011164504,0.5324068150255642,-0.0,-0.0,0.142,0.142,NOT_SIGNIFICANT,adj_pvalue_down (rescue-sorted),0,0,,,,False,0,0,UNKNOWN,,,,,False,none,mechanism_ok,REJECT,not_matched_to_candidate_or_axis; no_significant_fdr_lincs_signal,acalabrutinib,False
acetazolamide,3,3,0,0,0,,,,0,1.0,1.0,0.999704530908905,1.0,0.0303429289604502,0.5000843496425292,-0.0,-0.0,0.11,0.33,NOT_SIGNIFICANT,adj_pvalue_down (rescue-sorted),0,0,,,,False,0,0,UNKNOWN,,,,,False,none,mechanism_ok,REJECT,not_matched_to_candidate_or_axis; no_significant_fdr_lincs_signal,acetazolamide,False
acrivastine,1,1,0,0,0,,,,0,0.9999999999997417,1.0,0.9989775831909596,1.0,0.0302436144756014,0.5000843496425292,0.0,0.0,0.367,0.367,NOT_SIGNIFICANT,adj_pvalue_down (rescue-sorted),0,0,,,,False,0,0,UNKNOWN,,,,,False,none,mechanism_ok,REJECT,not_matched_to_candidate_or_axis; no_significant_fdr_lincs_signal,acrivastine,False
acyclovir,1,1,0,0,0,,,,0,1.0000000000003206,1.0,0.9999999864863116,1.0,0.0301743365926051,0.4918987282082528,-0.0,-0.0,0.076,0.076,NOT_SIGNIFICANT,adj_pvalue_down (rescue-sorted),0,0,,,,False,0,0,UNKNOWN,,,,,False,none,mechanism_ok,REJECT,not_matched_to_candidate_or_axis; no_significant_fdr_lincs_signal,acyclovir,False
adapalene,2,2,0,0,0,,,,0,1.0,1.0,1.0,1.0,1.0,1.0,0.0,-0.0,0.0,0.0,NOT_SIGNIFICANT,adj_pvalue_down (rescue-sorted),0,0,,,,False,0,0,UNKNOWN,,,,,False,none,mechanism_ok,REJECT,not_matched_to_candidate_or_axis; no_significant_fdr_lincs_signal,adapalene,False
albendazole,7,7,0,3,0,,GSE22206_fibro_case_v_control_100_rescue;GSE22206_fibro_case_v_control_150_rescue;GSE22206_fibro_case_v_control_250_rescue,,0,0.9999999999993664,1.0,0.8971891388244411,1.0,2.389780137169443e-05,0.0019931604863339,0.0,0.0,0.165,0.702,MIMIC,adj_pvalue_down (rescue-sorted),0,0,,,,False,0,0,UNKNOWN,,,,,False,none,mechanism_ok,REJECT,not_matched_to_candidate_or_axis; no_significant_fdr_lincs_signal,albendazole,False
allopurinol,1,1,0,0,0,,,,0,1.0,1.0,1.0,1.0,1.0,1.0,0.0,-0.0,0.0,0.0,NOT_SIGNIFICANT,adj_pvalue_down (rescue-sorted),0,0,,,,False,0,0,UNKNOWN,,,,,False,none,mechanism_ok,REJECT,not_matched_to_candidate_or_axis; no_significant_fdr_lincs_signal,allopurinol,False
alogliptin,1,1,0,0,0,,,,0,1.0,1.0,1.0,1.0,1.0,1.0,0.0,-0.0,0.0,0.0,NOT_SIGNIFICANT,adj_pvalue_down (rescue-sorted),0,0,,,,False,0,0,UNKNOWN,,,,,False,none,mechanism_ok,REJECT,not_matched_to_candidate_or_axis; no_significant_fdr_lincs_signal,alogliptin,False
alpelisib,3,3,0,0,0,,,,0,0.9999999999990612,1.0,0.9679960524245044,1.0,0.0036786796343884,0.2197721896039215,0.0,0.0,0.305,0.555,NOT_SIGNIFICANT,adj_pvalue_down (rescue-sorted),0,0,,,,False,0,0,UNKNOWN,,,,,False,none,mechanism_ok,REJECT,not_matched_to_candidate_or_axis; no_significant_fdr_lincs_signal,alpelisib,False
alprostadil,7,7,0,1,0,,GSE22206_fibro_case_v_control_250_rescue,,0,1.000000000000096,1.0,0.8723933410019012,1.0,9.777264385925892e-05,0.005582941727204,-0.0,-0.0,0.213,0.725,MIMIC,adj_pvalue_down (rescue-sorted),0,0,,,,False,0,0,UNKNOWN,,,,,False,none,mechanism_ok,REJECT,not_matched_to_candidate_or_axis; no_significant_fdr_lincs_signal,alprostadil,False
amcinonide,5,5,0,0,0,,,,0,0.9999999999996272,1.0,0.999999667994406,1.0,0.0148926806489173,0.3925736407145438,0.0,0.0,0.091,0.215,NOT_SIGNIFICANT,adj_pvalue_down (rescue-sorted),0,0,,,,False,0,0,UNKNOWN,,,,,False,none,mechanism_ok,REJECT,not_matched_to_candidate_or_axis; no_significant_fdr_lincs_signal,amcinonide,False
amfepramone,1,1,0,0,0,,,,0,1.0,1.0,1.0,1.0,1.0,1.0,0.0,-0.0,0.0,0.0,NOT_SIGNIFICANT,adj_pvalue_down (rescue-sorted),0,0,,,,False,0,0,UNKNOWN,,,,,False,none,mechanism_ok,REJECT,not_matched_to_candidate_or_axis; no_significant_fdr_lincs_signal,amfepramone,False
amikacin,1,1,0,0,0,,,,0,1.0,1.0,1.0,1.0,1.0,1.0,0.0,-0.0,0.0,0.0,NOT_SIGNIFICANT,adj_pvalue_down (rescue-sorted),0,0,,,,False,0,0,UNKNOWN,,,,,False,none,mechanism_ok,REJECT,not_matched_to_candidate_or_axis; no_significant_fdr_lincs_signal,amikacin,False
aminoglutethimide,1,1,0,0,0,,,,0,1.0,1.0,1.0,1.0,1.0,1.0,0.0,-0.0,0.0,0.0,NOT_SIGNIFICANT,adj_pvalue_down (rescue-sorted),0,0,,,,False,0,0,UNKNOWN,,,,,False,none,mechanism_ok,REJECT,not_matched_to_candidate_or_axis; no_significant_fdr_lincs_signal,aminoglutethimide,False
amisulpride,5,5,0,2,0,,GSE22206_fibro_case_v_control_150_rescue;GSE22206_fibro_case_v_control_250_rescue,,0,0.999999999999879,1.0,0.0307879492739653,1.0,6.739392625016401e-05,0.0041082973150606,0.0,0.0,0.761,2.585,MIMIC,adj_pvalue_down (rescue-sorted),0,0,,,,False,0,0,UNKNOWN,,,,,False,none,mechanism_ok,REJECT,not_matched_to_candidate_or_axis; no_significant_fdr_lincs_signal,amisulpride,False
amodiaquine,2,2,0,0,0,,,,0,0.999999999999964,1.0,0.9999999913084788,1.0,0.0035519312652527,0.2075532169363326,0.0,0.0,0.057,0.114,NOT_SIGNIFICANT,adj_pvalue_down (rescue-sorted),0,0,,,,False,0,0,UNKNOWN,,,,,False,none,mechanism_ok,REJECT,not_matched_to_candidate_or_axis; no_significant_fdr_lincs_signal,amodiaquine,False
amoxapine,1,1,0,0,0,,,,0,0.9999999999998324,1.0,0.9964177310931482,1.0,0.0036173981471307,0.2474500626389431,0.0,0.0,0.475,0.475,NOT_SIGNIFICANT,adj_pvalue_down (rescue-sorted),0,0,,,,False,0,0,UNKNOWN,,,,,False,none,mechanism_ok,REJECT,not_matched_to_candidate_or_axis; no_significant_fdr_lincs_signal,amoxapine,False
anagrelide,9,9,0,0,0,,,,0,1.0,1.0,0.999377527646188,1.0,0.003785602017436,0.2540337780783563,-0.0,-0.0,0.085,0.397,NOT_SIGNIFICANT,adj_pvalue_down (rescue-sorted),0,0,,,,False,0,0,UNKNOWN,,,,,False,none,mechanism_ok,REJECT,not_matched_to_candidate_or_axis; no_significant_fdr_lincs_signal,anagrelide,False
anastrozole,1,1,0,0,0,,,,0,0.9999999999998078,1.0,0.9999999935619552,1.0,0.030250054631156,0.4918987282082528,0.0,0.0,0.071,0.071,NOT_SIGNIFICANT,adj_pvalue_down (rescue-sorted),0,0,,,,False,0,0,UNKNOWN,,,,,False,none,mechanism_ok,REJECT,not_matched_to_candidate_or_axis; no_significant_fdr_lincs_signal,anastrozole,False
ap 26113,1,1,0,0,0,,,,0,1.0000000000001366,1.0,0.9998700884434122,1.0,0.0303973734857942,0.5000843496425292,-0.0,-0.0,0.31,0.31,NOT_SIGNIFICANT,adj_pvalue_down (rescue-sorted),0,0,,,,False,0,0,UNKNOWN,,,,,False,none,mechanism_ok,REJECT,not_matched_to_candidate_or_axis; no_significant_fdr_lincs_signal,ap 26113,False
apixaban,1,1,0,0,0,,,,0,1.0,1.0,1.0,1.0,1.0,1.0,0.0,-0.0,0.0,0.0,NOT_SIGNIFICANT,adj_pvalue_down (rescue-sorted),0,0,,,,False,0,0,UNKNOWN,,,,,False,none,mechanism_ok,REJECT,not_matched_to_candidate_or_axis; no_significant_fdr_lincs_signal,apixaban,False
aripiprazole,1,1,0,0,0,,,,0,1.0,1.0,1.0,1.0,1.0,1.0,0.0,-0.0,0.0,0.0,NOT_SIGNIFICANT,adj_pvalue_down (rescue-sorted),0,0,,,,False,0,0,UNKNOWN,,,,,False,none,mechanism_ok,REJECT,not_matched_to_candidate_or_axis; no_significant_fdr_lincs_signal,aripiprazole,False
armodafinil,4,4,0,0,0,,,,0,0.9999999999997392,1.0,0.999797283139016,1.0,0.007140466550296,0.3110424841696662,0.0,0.0,0.117,0.34,NOT_SIGNIFICANT,adj_pvalue_down (rescue-sorted),0,0,,,,False,0,0,UNKNOWN,,,,,False,none,mechanism_ok,REJECT,not_matched_to_candidate_or_axis; no_significant_fdr_lincs_signal,armodafinil,False
atrazine,1,1,0,0,0,,,,0,1.0,1.0,1.0,1.0,1.0,1.0,0.0,-0.0,0.0,0.0,NOT_SIGNIFICANT,adj_pvalue_down (rescue-sorted),0,0,,,,False,0,0,UNKNOWN,,,,,False,none,mechanism_ok,REJECT,not_matched_to_candidate_or_axis; no_significant_fdr_lincs_signal,atrazine,False
avanafil,1,1,0,0,0,,,,0,1.0000000000008904,1.0,0.999995698411158,1.0,0.0075075833477028,0.3076788971850099,-0.0,-0.0,0.289,0.289,NOT_SIGNIFICANT,adj_pvalue_down (rescue-sorted),0,0,,,,False,0,0,UNKNOWN,,,,,False,none,mechanism_ok,REJECT,not_matched_to_candidate_or_axis; no_significant_fdr_lincs_signal,avanafil,False
axitinib,5,5,0,1,0,,GSE22206_fibro_case_v_control_250_rescue,,0,0.9999999999978804,1.0,0.9999999706032932,1.0,0.0002236390528229,0.010172030433537,0.0,0.0,0.046,0.121,MIMIC,adj_pvalue_down (rescue-sorted),0,0,,,,False,0,0,UNKNOWN,,,,,False,none,mechanism_ok,REJECT,not_matched_to_candidate_or_axis; no_significant_fdr_lincs_signal,axitinib,False
azathioprine,5,5,0,0,0,,,,0,0.9999999999991978,1.0,0.9999440749232026,1.0,0.0037839837180732,0.0863440394998882,0.0,0.0,0.09,0.295,NOT_SIGNIFICANT,adj_pvalue_down (rescue-sorted),0,0,,,,False,0,0,UNKNOWN,,,,,False,none,mechanism_ok,REJECT,not_matched_to_candidate_or_axis; no_significant_fdr_lincs_signal,azathioprine,False
azd 5363,9,9,0,4,0,,GSE22206_case_v_control_150_rescue;GSE22206_case_v_control_250_rescue;GSE22206_fibro_case_v_control_150_rescue;GSE22206_fibro_case_v_control_250_rescue,,0,0.9999999999985916,1.0,0.7769499714360012,1.0,1.32330098889545e-05,0.0027141848497237,0.0,0.0,0.198,0.87,MIMIC,adj_pvalue_down (rescue-sorted),0,0,,,,False,0,0,UNKNOWN,,,,,False,none,mechanism_ok,REJECT,not_matched_to_candidate_or_axis; no_significant_fdr_lincs_signal,azd 5363,False
azelastine,1,1,0,0,0,,,,0,1.0,1.0,1.0,1.0,1.0,1.0,0.0,-0.0,0.0,0.0,NOT_SIGNIFICANT,adj_pvalue_down (rescue-sorted),0,0,,,,False,0,0,UNKNOWN,,,,,False,none,mechanism_ok,REJECT,not_matched_to_candidate_or_axis; no_significant_fdr_lincs_signal,azelastine,False
azilsartan,1,1,0,0,0,,,,0,1.0,1.0,1.0,1.0,1.0,1.0,0.0,-0.0,0.0,0.0,NOT_SIGNIFICANT,adj_pvalue_down (rescue-sorted),0,0,,,,False,0,0,UNKNOWN,,,,,False,none,mechanism_ok,REJECT,not_matched_to_candidate_or_axis; no_significant_fdr_lincs_signal,azilsartan,False
balsalazide,1,1,0,0,0,,,,0,0.999999999999976,1.0,0.9999999960196888,1.0,0.0008737377439902,0.0979313038667583,0.0,0.0,0.103,0.103,NOT_SIGNIFICANT,adj_pvalue_down (rescue-sorted),0,0,,,,False,0,0,UNKNOWN,,,,,False,none,mechanism_ok,REJECT,not_matched_to_candidate_or_axis; no_significant_fdr_lincs_signal,balsalazide,False
benazepril,5,5,0,0,0,,,,0,1.000000000000162,1.0,0.95656399797836,1.0,0.0075325547662605,0.1445692082367948,-0.0,-0.0,0.17,0.617,NOT_SIGNIFICANT,adj_pvalue_down (rescue-sorted),0,0,,,,False,0,0,UNKNOWN,,,,,False,none,mechanism_ok,REJECT,not_matched_to_candidate_or_axis; no_significant_fdr_lincs_signal,benazepril,False
betrixaban,3,3,0,0,0,,,,0,1.0,1.0,1.0,1.0,1.0,1.0,0.0,-0.0,0.0,0.0,NOT_SIGNIFICANT,adj_pvalue_down (rescue-sorted),0,0,,,,False,0,0,UNKNOWN,,,,,False,none,mechanism_ok,REJECT,not_matched_to_candidate_or_axis; no_significant_fdr_lincs_signal,betrixaban,False
bicalutamide,2,2,0,0,0,,,,0,1.00000000000071,1.0,0.9999999621422336,1.0,0.0074345374972223,0.3477961535027336,-0.0,-0.0,0.097,0.133,NOT_SIGNIFICANT,adj_pvalue_down (rescue-sorted),0,0,,,,False,0,0,UNKNOWN,,,,,False,none,mechanism_ok,REJECT,not_matched_to_candidate_or_axis; no_significant_fdr_lincs_signal,bicalutamide,False
bimatoprost,2,2,0,0,0,,,,0,1.0,1.0,1.0,1.0,1.0,1.0,0.0,-0.0,0.0,0.0,NOT_SIGNIFICANT,adj_pvalue_down (rescue-sorted),0,0,,,,False,0,0,UNKNOWN,,,,,False,none,mechanism_ok,REJECT,not_matched_to_candidate_or_axis; no_significant_fdr_lincs_signal,bimatoprost,False
biperiden,3,3,0,0,0,,,,0,0.9999999999998086,1.0,0.999968121992305,1.0,0.0304887572613676,0.5324068150255642,0.0,0.0,0.128,0.281,NOT_SIGNIFICANT,adj_pvalue_down (rescue-sorted),0,0,,,,False,0,0,UNKNOWN,,,,,False,none,mechanism_ok,REJECT,not_matched_to_candidate_or_axis; no_significant_fdr_lincs_signal,biperiden,False
bisoprolol,2,2,0,0,0,,,,0,1.0,1.0,1.0,1.0,1.0,1.0,0.0,-0.0,0.0,0.0,NOT_SIGNIFICANT,adj_pvalue_down (rescue-sorted),0,0,,,,False,0,0,UNKNOWN,,,,,False,none,mechanism_ok,REJECT,not_matched_to_candidate_or_axis; no_significant_fdr_lincs_signal,bisoprolol,False
bosentan,1,1,0,0,0,,,,0,1.0,1.0,1.0,1.0,1.0,1.0,0.0,-0.0,0.0,0.0,NOT_SIGNIFICANT,adj_pvalue_down (rescue-sorted),0,0,,,,False,0,0,UNKNOWN,,,,,False,none,mechanism_ok,REJECT,not_matched_to_candidate_or_axis; no_significant_fdr_lincs_signal,bosentan,False
brexpiprazole,1,1,0,0,0,,,,0,1.0,1.0,1.0,1.0,1.0,1.0,0.0,-0.0,0.0,0.0,NOT_SIGNIFICANT,adj_pvalue_down (rescue-sorted),0,0,,,,False,0,0,UNKNOWN,,,,,False,none,mechanism_ok,REJECT,not_matched_to_candidate_or_axis; no_significant_fdr_lincs_signal,brexpiprazole,False
bupivacaine,2,2,0,0,0,,,,0,1.0000000000001248,1.0,0.9999999569160272,1.0,0.0302370908314255,0.4918987282082528,-0.0,-0.0,0.104,0.137,NOT_SIGNIFICANT,adj_pvalue_down (rescue-sorted),0,0,,,,False,0,0,UNKNOWN,,,,,False,none,mechanism_ok,REJECT,not_matched_to_candidate_or_axis; no_significant_fdr_lincs_signal,bupivacaine,False
cabazitaxel,5,5,0,2,0,,GSE22206_fibro_case_v_control_150_rescue;GSE22206_fibro_case_v_control_250_rescue,,0,0.9999999999995002,1.0,0.1341340444964598,1.0,2.1687018047964837e-05,0.0018410729250004,0.0,0.0,0.468,1.592,MIMIC,adj_pvalue_down (rescue-sorted),0,0,,,,False,0,0,UNKNOWN,,,,,False,none,mechanism_ok,REJECT,not_matched_to_candidate_or_axis; no_significant_fdr_lincs_signal,cabazitaxel,False
cabergoline,1,1,0,0,0,,,,0,1.0,1.0,1.0,1.0,1.0,1.0,0.0,-0.0,0.0,0.0,NOT_SIGNIFICANT,adj_pvalue_down (rescue-sorted),0,0,,,,False,0,0,UNKNOWN,,,,,False,none,mechanism_ok,REJECT,not_matched_to_candidate_or_axis; no_significant_fdr_lincs_signal,cabergoline,False
caffeine,3,3,0,0,0,,,,0,1.0,1.0,1.0,1.0,0.0152469897422971,0.3925736407145438,-0.0,-0.0,0.076,0.186,NOT_SIGNIFICANT,adj_pvalue_down (rescue-sorted),0,0,,,,False,0,0,UNKNOWN,,,,,False,none,mechanism_ok,REJECT,not_matched_to_candidate_or_axis; no_significant_fdr_lincs_signal,caffeine,False
calcipotriol,3,3,0,0,0,,,,0,1.0,1.0,1.0,1.0,0.0075553680142326,0.2043182882774012,-0.0,-0.0,0.007,0.012,NOT_SIGNIFICANT,adj_pvalue_down (rescue-sorted),0,0,,,,False,0,0,UNKNOWN,,,,,False,none,mechanism_ok,REJECT,not_matched_to_candidate_or_axis; no_significant_fdr_lincs_signal,calcipotriol,False
capsaicin,3,3,0,0,0,,,,0,0.9999999999990892,1.0,0.9999999990366611,1.0,0.0037125295286013,0.0863440394998882,0.0,0.0,0.015,0.016,NOT_SIGNIFICANT,adj_pvalue_down (rescue-sorted),0,0,,,,False,0,0,UNKNOWN,,,,,False,none,mechanism_ok,REJECT,not_matched_to_candidate_or_axis; no_significant_fdr_lincs_signal,capsaicin,False
carbamazepine,8,8,0,4,0,,GSE22206_case_v_control_250_rescue;GSE22206_fibro_case_v_control_100_rescue;GSE22206_fibro_case_v_control_150_rescue;GSE22206_fibro_case_v_control_250_rescue,,0,0.99999999999942,1.0,0.8490740627054824,1.0,2.9809840191258857e-06,0.0002744330389852,0.0,0.0,0.188,0.791,MIMIC,adj_pvalue_down (rescue-sorted),0,0,,,,False,0,0,UNKNOWN,,,,,False,none,mechanism_ok,REJECT,not_matched_to_candidate_or_axis; no_significant_fdr_lincs_signal,carbamazepine,False
carfilzomib,1,1,0,0,0,,,,0,1.0000000000001783,1.0,0.9981913280747046,1.0,0.0301889447943434,0.5000843496425292,-0.0,-0.0,0.387,0.387,NOT_SIGNIFICANT,adj_pvalue_down (rescue-sorted),0,0,,,,False,0,0,UNKNOWN,,,,,False,none,cytotoxic_cancer,REJECT,not_matched_to_candidate_or_axis; cytotoxic_or_cancer_mechanism; no_significant_fdr_lincs_signal,carfilzomib,False
cefazolin,1,1,0,0,0,,,,0,1.0,1.0,1.0,1.0,1.0,1.0,0.0,-0.0,0.0,0.0,NOT_SIGNIFICANT,adj_pvalue_down (rescue-sorted),0,0,,,,False,0,0,UNKNOWN,,,,,False,none,mechanism_ok,REJECT,not_matched_to_candidate_or_axis; no_significant_fdr_lincs_signal,cefazolin,False
cefepime,1,1,0,0,0,,,,0,1.0,1.0,1.0,1.0,1.0,1.0,0.0,-0.0,0.0,0.0,NOT_SIGNIFICANT,adj_pvalue_down (rescue-sorted),0,0,,,,False,0,0,UNKNOWN,,,,,False,none,mechanism_ok,REJECT,not_matched_to_candidate_or_axis; no_significant_fdr_lincs_signal,cefepime,False
cefixime,1,1,0,0,0,,,,0,1.0,1.0,1.0,1.0,1.0,1.0,0.0,-0.0,0.0,0.0,NOT_SIGNIFICANT,adj_pvalue_down (rescue-sorted),0,0,,,,False,0,0,UNKNOWN,,,,,False,none,mechanism_ok,REJECT,not_matched_to_candidate_or_axis; no_significant_fdr_lincs_signal,cefixime,False
cefoperazone,1,1,0,0,0,,,,0,0.9999999999998086,1.0,0.9999757860233698,1.0,0.0304887572613676,0.5000843496425292,0.0,0.0,0.276,0.276,NOT_SIGNIFICANT,adj_pvalue_down (rescue-sorted),0,0,,,,False,0,0,UNKNOWN,,,,,False,none,mechanism_ok,REJECT,not_matched_to_candidate_or_axis; no_significant_fdr_lincs_signal,cefoperazone,False
cefotetan,1,1,0,0,0,,,,0,1.0,1.0,1.0,1.0,1.0,1.0,0.0,-0.0,0.0,0.0,NOT_SIGNIFICANT,adj_pvalue_down (rescue-sorted),0,0,,,,False,0,0,UNKNOWN,,,,,False,none,mechanism_ok,REJECT,not_matched_to_candidate_or_axis; no_significant_fdr_lincs_signal,cefotetan,False
celecoxib,4,4,0,0,0,,,,0,0.9999999999993424,1.0,0.9933989396391204,1.0,0.0037216811325834,0.1298676506054251,0.0,0.0,0.118,0.448,NOT_SIGNIFICANT,adj_pvalue_down (rescue-sorted),0,0,,,,False,0,0,UNKNOWN,,,,,False,none,mechanism_ok,REJECT,not_matched_to_candidate_or_axis; no_significant_fdr_lincs_signal,celecoxib,False
chenodiol,1,1,0,0,0,,,,0,1.0,1.0,1.0,1.0,1.0,1.0,0.0,-0.0,0.0,0.0,NOT_SIGNIFICANT,adj_pvalue_down (rescue-sorted),0,0,,,,False,0,0,UNKNOWN,,,,,False,none,mechanism_ok,REJECT,not_matched_to_candidate_or_axis; no_significant_fdr_lincs_signal,chenodiol,False
chlorambucil,1,1,0,0,0,,,,0,1.0,1.0,1.0,1.0,1.0,1.0,0.0,-0.0,0.0,0.0,NOT_SIGNIFICANT,adj_pvalue_down (rescue-sorted),0,0,,,,False,0,0,UNKNOWN,,,,,False,none,mechanism_ok,REJECT,not_matched_to_candidate_or_axis; no_significant_fdr_lincs_signal,chlorambucil,False
chloroquine,2,2,0,0,0,,,,0,0.9999999999998408,1.0,0.9477270500660846,1.0,0.0075246981256129,0.2622690957986608,0.0,0.0,0.438,0.635,NOT_SIGNIFICANT,adj_pvalue_down (rescue-sorted),0,0,,,,False,0,0,UNKNOWN,,,,,False,none,mechanism_ok,REJECT,not_matched_to_candidate_or_axis; no_significant_fdr_lincs_signal,chloroquine,False
chlorpropamide,1,1,0,0,0,,,,0,1.0,1.0,1.0,1.0,1.0,1.0,0.0,-0.0,0.0,0.0,NOT_SIGNIFICANT,adj_pvalue_down (rescue-sorted),0,0,,,,False,0,0,UNKNOWN,,,,,False,none,mechanism_ok,REJECT,not_matched_to_candidate_or_axis; no_significant_fdr_lincs_signal,chlorpropamide,False
chlortalidone,1,1,0,0,0,,,,0,0.999999999999857,1.0,0.9999984840565423,1.0,0.0148972279397593,0.3896516539537614,0.0,0.0,0.253,0.253,NOT_SIGNIFICANT,adj_pvalue_down (rescue-sorted),0,0,,,,False,0,0,UNKNOWN,,,,,False,none,mechanism_ok,REJECT,not_matched_to_candidate_or_axis; no_significant_fdr_lincs_signal,chlortalidone,False
chlortetracycline,1,1,0,0,0,,,,0,1.0,1.0,1.0,1.0,1.0,1.0,0.0,-0.0,0.0,0.0,NOT_SIGNIFICANT,adj_pvalue_down (rescue-sorted),0,0,,,,False,0,0,UNKNOWN,,,,,False,none,mechanism_ok,REJECT,not_matched_to_candidate_or_axis; no_significant_fdr_lincs_signal,chlortetracycline,False
cholic acid,3,3,0,0,0,,,,0,1.0,1.0,1.0,1.0,1.0,1.0,0.0,-0.0,0.0,0.0,NOT_SIGNIFICANT,adj_pvalue_down (rescue-sorted),0,0,,,,False,0,0,UNKNOWN,,,,,False,none,mechanism_ok,REJECT,not_matched_to_candidate_or_axis; no_significant_fdr_lincs_signal,cholic acid,False
cinoxacin,2,2,0,0,0,,,,0,1.0,1.0,0.9991147571920612,1.0,0.0302564128905015,0.5000843496425292,-0.0,-0.0,0.181,0.362,NOT_SIGNIFICANT,adj_pvalue_down (rescue-sorted),0,0,,,,False,0,0,UNKNOWN,,,,,False,none,mechanism_ok,REJECT,not_matched_to_candidate_or_axis; no_significant_fdr_lincs_signal,cinoxacin,False
ciprofloxacin,1,1,0,0,0,,,,0,1.0,1.0,1.0,1.0,1.0,1.0,0.0,-0.0,0.0,0.0,NOT_SIGNIFICANT,adj_pvalue_down (rescue-sorted),0,0,,,,False,0,0,UNKNOWN,,,,,False,none,mechanism_ok,REJECT,not_matched_to_candidate_or_axis; no_significant_fdr_lincs_signal,ciprofloxacin,False
citalopram,2,2,0,0,0,,,,0,1.0,1.0,0.999999997839191,1.0,0.030620607699729,0.4254931838706273,-0.0,-0.0,0.006,0.011,NOT_SIGNIFICANT,adj_pvalue_down (rescue-sorted),0,0,,,,False,0,0,UNKNOWN,,,,,False,none,mechanism_ok,REJECT,not_matched_to_candidate_or_axis; no_significant_fdr_lincs_signal,citalopram,False
cladribine,1,1,0,0,0,,,,0,0.9999999999997872,1.0,0.9999847937624896,1.0,0.0305103770429415,0.5000843496425292,0.0,0.0,0.268,0.268,NOT_SIGNIFICANT,adj_pvalue_down (rescue-sorted),0,0,,,,False,0,0,UNKNOWN,,,,,False,none,mechanism_ok,REJECT,not_matched_to_candidate_or_axis; no_significant_fdr_lincs_signal,cladribine,False
clemastine,1,1,0,0,0,,,,0,1.0,1.0,1.0,1.0,1.0,1.0,0.0,-0.0,0.0,0.0,NOT_SIGNIFICANT,adj_pvalue_down (rescue-sorted),0,0,,,,False,0,0,UNKNOWN,,,,,False,none,mechanism_ok,REJECT,not_matched_to_candidate_or_axis; no_significant_fdr_lincs_signal,clemastine,False
clindamycin,1,1,0,0,0,,,,0,1.0,1.0,1.0,1.0,1.0,1.0,0.0,-0.0,0.0,0.0,NOT_SIGNIFICANT,adj_pvalue_down (rescue-sorted),0,0,,,,False,0,0,UNKNOWN,,,,,False,none,mechanism_ok,REJECT,not_matched_to_candidate_or_axis; no_significant_fdr_lincs_signal,clindamycin,False
clioquinol,2,2,0,0,0,,,,0,0.9999999999997712,1.0,0.9996125420777004,1.0,0.0074143622530709,0.3076788971850099,0.0,0.0,0.19,0.38,NOT_SIGNIFICANT,adj_pvalue_down (rescue-sorted),0,0,,,,False,0,0,UNKNOWN,,,,,False,none,mechanism_ok,REJECT,not_matched_to_candidate_or_axis; no_significant_fdr_lincs_signal,clioquinol,False
clofazimine,2,2,0,0,0,,,,0,0.9999999999998336,1.0,0.9994676167856013,1.0,0.0302987532345206,0.5000843496425292,0.0,0.0,0.173,0.346,NOT_SIGNIFICANT,adj_pvalue_down (rescue-sorted),0,0,,,,False,0,0,UNKNOWN,,,,,False,none,mechanism_ok,REJECT,not_matched_to_candidate_or_axis; no_significant_fdr_lincs_signal,clofazimine,False
clonidine,1,1,0,0,0,,,,0,0.9999999999997532,1.0,1.0000000048458983,1.0,0.0151690420290748,0.3925736407145438,0.0,0.0,0.051,0.051,NOT_SIGNIFICANT,adj_pvalue_down (rescue-sorted),0,0,,,,False,0,0,UNKNOWN,,,,,False,none,mechanism_ok,REJECT,not_matched_to_candidate_or_axis; no_significant_fdr_lincs_signal,clonidine,False
clozapine,5,5,0,2,0,,GSE22206_fibro_case_v_control_150_rescue;GSE22206_fibro_case_v_control_250_rescue,,0,1.0000000000004008,1.0,0.999998812923423,1.0,5.194732384813954e-05,0.0033476339696993,-0.0,-0.0,0.095,0.272,MIMIC,adj_pvalue_down (rescue-sorted),0,0,,,,False,0,0,UNKNOWN,,,,,False,none,mechanism_ok,REJECT,not_matched_to_candidate_or_axis; no_significant_fdr_lincs_signal,clozapine,False
cobicistat,3,3,0,0,0,,,,0,1.000000000000126,1.0,0.99631511402531,1.0,0.0142470218514482,0.3925736407145438,-0.0,-0.0,0.291,0.412,NOT_SIGNIFICANT,adj_pvalue_down (rescue-sorted),0,0,,,,False,0,0,UNKNOWN,,,,,False,none,mechanism_ok,REJECT,not_matched_to_candidate_or_axis; no_significant_fdr_lincs_signal,cobicistat,False
colchicine,6,6,0,5,0,,GSE22206_case_v_control_150_rescue;GSE22206_case_v_control_250_rescue;GSE22206_fibro_case_v_control_100_rescue;GSE22206_fibro_case_v_control_150_rescue;GSE22206_fibro_case_v_control_250_rescue,,0,0.999999999999168,1.0,0.0321656630257851,1.0,1.4790842821190025e-17,7.413499107376468e-15,0.0,0.0,0.524,1.896,MIMIC,adj_pvalue_down (rescue-sorted),0,0,,,,False,0,0,UNKNOWN,,,,,False,none,mechanism_ok,REJECT,not_matched_to_candidate_or_axis; no_significant_fdr_lincs_signal,colchicine,False
copanlisib,3,3,0,0,0,,,,0,1.000000000000029,1.0,0.9969318544900329,1.0,0.0016050852207308,0.167807117133392,-0.0,-0.0,0.333,0.427,NOT_SIGNIFICANT,adj_pvalue_down (rescue-sorted),0,0,,,,False,0,0,UNKNOWN,,,,,False,none,mechanism_ok,REJECT,not_matched_to_candidate_or_axis; no_significant_fdr_lincs_signal,copanlisib,False
cyclizine,1,1,0,0,0,,,,0,1.0,1.0,1.0,1.0,1.0,1.0,0.0,-0.0,0.0,0.0,NOT_SIGNIFICANT,adj_pvalue_down (rescue-sorted),0,0,,,,False,0,0,UNKNOWN,,,,,False,none,mechanism_ok,REJECT,not_matched_to_candidate_or_axis; no_significant_fdr_lincs_signal,cyclizine,False
cyclobenzaprine,1,1,0,0,0,,,,0,1.0,1.0,1.0,1.0,1.0,1.0,0.0,-0.0,0.0,0.0,NOT_SIGNIFICANT,adj_pvalue_down (rescue-sorted),0,0,,,,False,0,0,UNKNOWN,,,,,False,none,mechanism_ok,REJECT,not_matched_to_candidate_or_axis; no_significant_fdr_lincs_signal,cyclobenzaprine,False
dacarbazine,2,2,0,0,0,,,,0,0.9999999999997968,1.0,0.9993456325376376,1.0,0.0149740301498997,0.4108661696454894,0.0,0.0,0.188,0.375,NOT_SIGNIFICANT,adj_pvalue_down (rescue-sorted),0,0,,,,False,0,0,UNKNOWN,,,,,False,none,mechanism_ok,REJECT,not_matched_to_candidate_or_axis; no_significant_fdr_lincs_signal,dacarbazine,False
dapsone,1,1,0,0,0,,,,0,1.000000000000497,1.0,0.9999999555197392,1.0,0.0303635131715533,0.5334206113915053,-0.0,-0.0,0.194,0.194,NOT_SIGNIFICANT,adj_pvalue_down (rescue-sorted),0,0,,,,False,0,0,UNKNOWN,,,,,False,none,mechanism_ok,REJECT,not_matched_to_candidate_or_axis; no_significant_fdr_lincs_signal,dapsone,False
darunavir,1,1,0,0,0,,,,0,0.9999999999998996,1.0,0.999602995613577,1.0,0.0303213661422564,0.5000843496425292,0.0,0.0,0.338,0.338,NOT_SIGNIFICANT,adj_pvalue_down (rescue-sorted),0,0,,,,False,0,0,UNKNOWN,,,,,False,none,mechanism_ok,REJECT,not_matched_to_candidate_or_axis; no_significant_fdr_lincs_signal,darunavir,False
deferasirox,1,1,0,0,0,,,,0,1.0,1.0,1.0,1.0,1.0,1.0,0.0,-0.0,0.0,0.0,NOT_SIGNIFICANT,adj_pvalue_down (rescue-sorted),0,0,,,,False,0,0,UNKNOWN,,,,,False,none,mechanism_ok,REJECT,not_matched_to_candidate_or_axis; no_significant_fdr_lincs_signal,deferasirox,False
dehydroepiandrosterone,1,1,0,0,0,,,,0,1.0,1.0,1.0,1.0,1.0,1.0,0.0,-0.0,0.0,0.0,NOT_SIGNIFICANT,adj_pvalue_down (rescue-sorted),0,0,,,,False,0,0,UNKNOWN,,,,,False,none,mechanism_ok,REJECT,not_matched_to_candidate_or_axis; no_significant_fdr_lincs_signal,dehydroepiandrosterone,False
desvenlafaxine,1,1,0,0,0,,,,0,1.0,1.0,1.0,1.0,1.0,1.0,0.0,-0.0,0.0,0.0,NOT_SIGNIFICANT,adj_pvalue_down (rescue-sorted),0,0,,,,False,0,0,UNKNOWN,,,,,False,none,mechanism_ok,REJECT,not_matched_to_candidate_or_axis; no_significant_fdr_lincs_signal,desvenlafaxine,False
dexamethasone,7,7,0,0,0,,,,0,0.9999999999981188,1.0,0.2560042024488023,1.0,0.0009301658958594,0.0979313038667583,0.0,0.0,0.358,1.619,NOT_SIGNIFICANT,adj_pvalue_down (rescue-sorted),0,0,,,,False,0,0,UNKNOWN,,,,,False,none,mechanism_ok,REJECT,not_matched_to_candidate_or_axis; no_significant_fdr_lincs_signal,dexamethasone,False
dexamethasone acetate,1,1,0,0,0,,,,0,1.0,1.0,1.0,1.0,1.0,1.0,0.0,-0.0,0.0,0.0,NOT_SIGNIFICANT,adj_pvalue_down (rescue-sorted),0,0,,,,False,0,0,UNKNOWN,,,,,False,none,mechanism_ok,REJECT,not_matched_to_candidate_or_axis; no_significant_fdr_lincs_signal,dexamethasone acetate,False
diazepam,1,1,0,0,0,,,,0,1.0000000000000435,1.0,0.9999999880539407,1.0,0.0304924479027192,0.5334206113915053,-0.0,-0.0,0.165,0.165,NOT_SIGNIFICANT,adj_pvalue_down (rescue-sorted),0,0,,,,False,0,0,UNKNOWN,,,,,False,none,mechanism_ok,REJECT,not_matched_to_candidate_or_axis; no_significant_fdr_lincs_signal,diazepam,False
diazoxide,1,1,0,0,0,,,,0,0.999999999999884,1.0,0.9999999589052228,1.0,0.030457885112219,0.5324068150255642,0.0,0.0,0.106,0.106,NOT_SIGNIFICANT,adj_pvalue_down (rescue-sorted),0,0,,,,False,0,0,UNKNOWN,,,,,False,none,mechanism_ok,REJECT,not_matched_to_candidate_or_axis; no_significant_fdr_lincs_signal,diazoxide,False
diclofenac,1,1,0,0,0,,,,0,1.0,1.0,1.0,1.0,1.0,1.0,0.0,-0.0,0.0,0.0,NOT_SIGNIFICANT,adj_pvalue_down (rescue-sorted),0,0,,,,False,0,0,UNKNOWN,,,,,False,none,mechanism_ok,REJECT,not_matched_to_candidate_or_axis; no_significant_fdr_lincs_signal,diclofenac,False
dicloxacillin,3,3,0,0,0,,,,0,0.9999999999996206,1.0,0.0123600909026106,1.0,0.0149983928763196,0.4108661696454894,0.0,0.0,1.486,4.098,NOT_SIGNIFICANT,adj_pvalue_down (rescue-sorted),0,0,,,,False,0,0,UNKNOWN,,,,,False,none,mechanism_ok,REJECT,not_matched_to_candidate_or_axis; no_significant_fdr_lincs_signal,dicloxacillin,False
dienestrol,4,4,0,0,0,,,,0,1.0,1.0,0.994340640848602,1.0,0.0037729584660973,0.1445692082367948,-0.0,-0.0,0.182,0.499,NOT_SIGNIFICANT,adj_pvalue_down (rescue-sorted),0,0,,,,False,0,0,UNKNOWN,,,,,False,none,mechanism_ok,REJECT,not_matched_to_candidate_or_axis; no_significant_fdr_lincs_signal,dienestrol,False
diflunisal,2,2,0,0,0,,,,0,0.9999999999997732,1.0,0.9999999876940578,1.0,0.0151199148490549,0.3896516539537614,-0.0,0.0,0.093,0.174,NOT_SIGNIFICANT,adj_pvalue_down (rescue-sorted),0,0,,,,False,0,0,UNKNOWN,,,,,False,none,mechanism_ok,REJECT,not_matched_to_candidate_or_axis; no_significant_fdr_lincs_signal,diflunisal,False
dimethyl fumarate,1,1,0,0,0,,,,0,1.0,1.0,1.0,1.0,1.0,1.0,0.0,-0.0,0.0,0.0,NOT_SIGNIFICANT,adj_pvalue_down (rescue-sorted),0,0,,,,False,0,0,UNKNOWN,,,,,False,none,mechanism_ok,REJECT,not_matched_to_candidate_or_axis; no_significant_fdr_lincs_signal,dimethyl fumarate,False
dinoprostone,5,5,0,1,0,,GSE22206_fibro_case_v_control_250_rescue,,0,1.0000000000000948,1.0,0.1586704590183194,1.0,0.0014788182357606,0.0460065452518351,-0.0,-0.0,0.543,1.952,MIMIC,adj_pvalue_down (rescue-sorted),0,0,,,,False,0,0,UNKNOWN,,,,,False,none,mechanism_ok,REJECT,not_matched_to_candidate_or_axis; no_significant_fdr_lincs_signal,dinoprostone,False
diphenidol,2,2,0,0,0,,,,0,1.00000000000003,1.0,0.999008343892226,1.0,0.014951588183406,0.4108661696454894,-0.0,-0.0,0.226,0.389,NOT_SIGNIFICANT,adj_pvalue_down (rescue-sorted),0,0,,,,False,0,0,UNKNOWN,,,,,False,none,mechanism_ok,REJECT,not_matched_to_candidate_or_axis; no_significant_fdr_lincs_signal,diphenidol,False
diphenoxylate,1,1,0,0,0,,,,0,1.0,1.0,1.0,1.0,1.0,1.0,0.0,-0.0,0.0,0.0,NOT_SIGNIFICANT,adj_pvalue_down (rescue-sorted),0,0,,,,False,0,0,UNKNOWN,,,,,False,none,mechanism_ok,REJECT,not_matched_to_candidate_or_axis; no_significant_fdr_lincs_signal,diphenoxylate,False
diphenylpyraline,2,2,0,0,0,,,,0,1.0,1.0,0.9999999888654482,1.0,0.0294995964487612,0.4918987282082528,-0.0,-0.0,0.063,0.125,NOT_SIGNIFICANT,adj_pvalue_down (rescue-sorted),0,0,,,,False,0,0,UNKNOWN,,,,,False,none,mechanism_ok,REJECT,not_matched_to_candidate_or_axis; no_significant_fdr_lincs_signal,diphenylpyraline,False
disopyramide,1,1,0,0,0,,,,0,1.0,1.0,1.0,1.0,1.0,1.0,0.0,-0.0,0.0,0.0,NOT_SIGNIFICANT,adj_pvalue_down (rescue-sorted),0,0,,,,False,0,0,UNKNOWN,,,,,False,none,mechanism_ok,REJECT,not_matched_to_candidate_or_axis; no_significant_fdr_lincs_signal,disopyramide,False
dolutegravir,1,1,0,0,0,,,,0,1.0,1.0,1.0,1.0,1.0,1.0,0.0,-0.0,0.0,0.0,NOT_SIGNIFICANT,adj_pvalue_down (rescue-sorted),0,0,,,,False,0,0,UNKNOWN,,,,,False,none,mechanism_ok,REJECT,not_matched_to_candidate_or_axis; no_significant_fdr_lincs_signal,dolutegravir,False
donepezil,1,1,0,0,0,,,,0,0.999999999998984,1.0,0.999998086575213,1.0,0.0151725625630205,0.4108661696454894,0.0,0.0,0.259,0.259,NOT_SIGNIFICANT,adj_pvalue_down (rescue-sorted),0,0,,,,False,0,0,UNKNOWN,,,,,False,none,mechanism_ok,REJECT,not_matched_to_candidate_or_axis; no_significant_fdr_lincs_signal,donepezil,False
dopamine,2,2,0,0,0,,,,0,1.0000000000000928,1.0,0.9999999605560644,1.0,0.0150874829397863,0.4281770988300921,-0.0,-0.0,0.136,0.157,NOT_SIGNIFICANT,adj_pvalue_down (rescue-sorted),0,0,,,,False,0,0,UNKNOWN,,,,,False,none,mechanism_ok,REJECT,not_matched_to_candidate_or_axis; no_significant_fdr_lincs_signal,dopamine,False
dorzolamide,1,1,0,0,0,,,,0,1.0,1.0,1.0,1.0,1.0,1.0,0.0,-0.0,0.0,0.0,NOT_SIGNIFICANT,adj_pvalue_down (rescue-sorted),0,0,,,,False,0,0,UNKNOWN,,,,,False,none,mechanism_ok,REJECT,not_matched_to_candidate_or_axis; no_significant_fdr_lincs_signal,dorzolamide,False
doxapram,1,1,0,0,0,,,,0,1.000000000000404,1.0,0.999999997675894,1.0,0.015124231248266,0.2669216921682224,-0.0,-0.0,0.014,0.014,NOT_SIGNIFICANT,adj_pvalue_down (rescue-sorted),0,0,,,,False,0,0,UNKNOWN,,,,,False,none,mechanism_ok,REJECT,not_matched_to_candidate_or_axis; no_significant_fdr_lincs_signal,doxapram,False
doxazosin,1,1,0,0,0,,,,0,1.0,1.0,1.0,1.0,1.0,1.0,0.0,-0.0,0.0,0.0,NOT_SIGNIFICANT,adj_pvalue_down (rescue-sorted),0,0,,,,False,0,0,UNKNOWN,,,,,False,none,mechanism_ok,REJECT,not_matched_to_candidate_or_axis; no_significant_fdr_lincs_signal,doxazosin,False
doxycycline,1,1,0,0,0,,,,0,1.0,1.0,1.0,1.0,1.0,1.0,0.0,-0.0,0.0,0.0,NOT_SIGNIFICANT,adj_pvalue_down (rescue-sorted),0,0,,,,False,0,0,UNKNOWN,,,,,False,none,mechanism_ok,REJECT,not_matched_to_candidate_or_axis; no_significant_fdr_lincs_signal,doxycycline,False
droperidol,2,2,0,0,0,,,,0,1.0,1.0,1.0,1.0,1.0,1.0,0.0,-0.0,0.0,0.0,NOT_SIGNIFICANT,adj_pvalue_down (rescue-sorted),0,0,,,,False,0,0,UNKNOWN,,,,,False,none,mechanism_ok,REJECT,not_matched_to_candidate_or_axis; no_significant_fdr_lincs_signal,droperidol,False
drospirenone,2,2,0,0,0,,,,0,1.0,1.0,0.9999999605560648,1.0,0.0305308027413548,0.5324068150255642,-0.0,-0.0,0.048,0.097,NOT_SIGNIFICANT,adj_pvalue_down (rescue-sorted),0,0,,,,False,0,0,UNKNOWN,,,,,False,none,mechanism_ok,REJECT,not_matched_to_candidate_or_axis; no_significant_fdr_lincs_signal,drospirenone,False
dutasteride,1,1,0,0,0,,,,0,1.0000000000000058,1.0,0.999999985992159,1.0,0.0298825256975049,0.4918987282082528,-0.0,-0.0,0.097,0.097,NOT_SIGNIFICANT,adj_pvalue_down (rescue-sorted),0,0,,,,False,0,0,UNKNOWN,,,,,False,none,mechanism_ok,REJECT,not_matched_to_candidate_or_axis; no_significant_fdr_lincs_signal,dutasteride,False
dydrogesterone,2,2,0,0,0,,,,0,1.0,1.0,1.0,1.0,1.0,1.0,0.0,-0.0,0.0,0.0,NOT_SIGNIFICANT,adj_pvalue_down (rescue-sorted),0,0,,,,False,0,0,UNKNOWN,,,,,False,none,mechanism_ok,REJECT,not_matched_to_candidate_or_axis; no_significant_fdr_lincs_signal,dydrogesterone,False
edaravone,1,1,0,0,0,,,,0,1.0,1.0,1.0,1.0,1.0,1.0,0.0,-0.0,0.0,0.0,NOT_SIGNIFICANT,adj_pvalue_down (rescue-sorted),0,0,,,,False,0,0,UNKNOWN,,,,,False,none,mechanism_ok,REJECT,not_matched_to_candidate_or_axis; no_significant_fdr_lincs_signal,edaravone,False
efavirenz,8,8,0,0,0,,,,0,1.0,1.0,0.9999998238026776,1.0,0.0036233721589163,0.1693853159267939,-0.0,-0.0,0.068,0.246,NOT_SIGNIFICANT,adj_pvalue_down (rescue-sorted),0,0,,,,False,0,0,UNKNOWN,,,,,False,none,mechanism_ok,REJECT,not_matched_to_candidate_or_axis; no_significant_fdr_lincs_signal,efavirenz,False
eflornithine,1,1,0,0,0,,,,0,1.0,1.0,1.0,1.0,1.0,1.0,0.0,-0.0,0.0,0.0,NOT_SIGNIFICANT,adj_pvalue_down (rescue-sorted),0,0,,,,False,0,0,UNKNOWN,,,,,False,none,mechanism_ok,REJECT,not_matched_to_candidate_or_axis; no_significant_fdr_lincs_signal,eflornithine,False
elvitegravir,1,1,0,0,0,,,,0,1.0,1.0,1.0,1.0,1.0,1.0,0.0,-0.0,0.0,0.0,NOT_SIGNIFICANT,adj_pvalue_down (rescue-sorted),0,0,,,,False,0,0,UNKNOWN,,,,,False,none,mechanism_ok,REJECT,not_matched_to_candidate_or_axis; no_significant_fdr_lincs_signal,elvitegravir,False
emedastine,1,1,0,0,0,,,,0,1.0,1.0,1.0,1.0,1.0,1.0,0.0,-0.0,0.0,0.0,NOT_SIGNIFICANT,adj_pvalue_down (rescue-sorted),0,0,,,,False,0,0,UNKNOWN,,,,,False,none,mechanism_ok,REJECT,not_matched_to_candidate_or_axis; no_significant_fdr_lincs_signal,emedastine,False
emtricitabine,1,1,0,0,0,,,,0,1.0,1.0,1.0,1.0,1.0,1.0,0.0,-0.0,0.0,0.0,NOT_SIGNIFICANT,adj_pvalue_down (rescue-sorted),0,0,,,,False,0,0,UNKNOWN,,,,,False,none,mechanism_ok,REJECT,not_matched_to_candidate_or_axis; no_significant_fdr_lincs_signal,emtricitabine,False
enalapril,1,1,0,0,0,,,,0,1.0,1.0,1.0,1.0,1.0,1.0,0.0,-0.0,0.0,0.0,NOT_SIGNIFICANT,adj_pvalue_down (rescue-sorted),0,0,,,,False,0,0,UNKNOWN,,,,,False,none,mechanism_ok,REJECT,not_matched_to_candidate_or_axis; no_significant_fdr_lincs_signal,enalapril,False
enasidenib,1,1,0,0,0,,,,0,1.0,1.0,1.0,1.0,1.0,1.0,0.0,-0.0,0.0,0.0,NOT_SIGNIFICANT,adj_pvalue_down (rescue-sorted),0,0,,,,False,0,0,UNKNOWN,,,,,False,none,mechanism_ok,REJECT,not_matched_to_candidate_or_axis; no_significant_fdr_lincs_signal,enasidenib,False
entecavir,3,3,0,0,0,,,,0,1.0,1.0,0.9999976909424813,1.0,0.0148169484298501,0.4281770988300921,-0.0,-0.0,0.137,0.238,NOT_SIGNIFICANT,adj_pvalue_down (rescue-sorted),0,0,,,,False,0,0,UNKNOWN,,,,,False,none,mechanism_ok,REJECT,not_matched_to_candidate_or_axis; no_significant_fdr_lincs_signal,entecavir,False
enzalutamide,4,4,0,0,0,,,,0,1.0000000000008218,1.0,0.9999999631361168,1.0,0.0152317690514634,0.243140802115362,-0.0,-0.0,0.037,0.083,NOT_SIGNIFICANT,adj_pvalue_down (rescue-sorted),0,0,,,,False,0,0,UNKNOWN,,,,,False,none,mechanism_ok,REJECT,not_matched_to_candidate_or_axis; no_significant_fdr_lincs_signal,enzalutamide,False
erythromycin,1,1,0,0,0,,,,0,1.0,1.0,1.0,1.0,1.0,1.0,0.0,-0.0,0.0,0.0,NOT_SIGNIFICANT,adj_pvalue_down (rescue-sorted),0,0,,,,False,0,0,UNKNOWN,,,,,False,none,mechanism_ok,REJECT,not_matched_to_candidate_or_axis; no_significant_fdr_lincs_signal,erythromycin,False
esmolol,1,1,0,0,0,,,,0,1.0,1.0,1.0,1.0,1.0,1.0,0.0,-0.0,0.0,0.0,NOT_SIGNIFICANT,adj_pvalue_down (rescue-sorted),0,0,,,,False,0,0,UNKNOWN,,,,,False,none,mechanism_ok,REJECT,not_matched_to_candidate_or_axis; no_significant_fdr_lincs_signal,esmolol,False
estradiol,12,12,0,6,0,,GSE134780_HH_v_WT_fat_250_rescue;GSE22206_case_v_control_150_rescue;GSE22206_case_v_control_250_rescue;GSE22206_fibro_case_v_control_100_rescue;GSE22206_fibro_case_v_control_150_rescue;GSE22206_fibro_case_v_control_250_rescue,,0,0.9999999999984904,1.0,0.3952214007805544,1.0,1.1742829855317684e-08,1.7087711444302603e-06,-0.0,0.0,0.28,1.284,MIMIC,adj_pvalue_down (rescue-sorted),0,0,,,,False,0,0,UNKNOWN,,,,,False,none,mechanism_ok,REJECT,not_matched_to_candidate_or_axis; no_significant_fdr_lincs_signal,estradiol,False
estradiol cypionate,4,4,0,1,0,,GSE22206_fibro_case_v_control_250_rescue,,0,0.9999999999994016,1.0,0.9947878134448968,1.0,0.0009051368917519,0.0298261527786514,0.0,0.0,0.12,0.436,MIMIC,adj_pvalue_down (rescue-sorted),0,0,,,,False,0,0,UNKNOWN,,,,,False,none,mechanism_ok,REJECT,not_matched_to_candidate_or_axis; no_significant_fdr_lincs_signal,estradiol cypionate,False
estrone,6,6,0,0,0,,,,0,0.9999999999998314,1.0,0.9999999595608114,1.0,0.0075691001560837,0.1445692082367948,0.0,0.0,0.058,0.203,NOT_SIGNIFICANT,adj_pvalue_down (rescue-sorted),0,0,,,,False,0,0,UNKNOWN,,,,,False,none,mechanism_ok,REJECT,not_matched_to_candidate_or_axis; no_significant_fdr_lincs_signal,estrone,False
etacrynic acid,1,1,0,0,0,,,,0,1.0,1.0,1.0,1.0,1.0,1.0,0.0,-0.0,0.0,0.0,NOT_SIGNIFICANT,adj_pvalue_down (rescue-sorted),0,0,,,,False,0,0,UNKNOWN,,,,,False,none,mechanism_ok,REJECT,not_matched_to_candidate_or_axis; no_significant_fdr_lincs_signal,etacrynic acid,False
ethylenediaminetetraacetic acid,1,1,0,0,0,,,,0,0.9999999999999958,1.0,0.99938396117786,1.0,0.0302870287318032,0.5000843496425292,0.0,0.0,0.351,0.351,NOT_SIGNIFICANT,adj_pvalue_down (rescue-sorted),0,0,,,,False,0,0,UNKNOWN,,,,,False,none,mechanism_ok,REJECT,not_matched_to_candidate_or_axis; no_significant_fdr_lincs_signal,ethylenediaminetetraacetic acid,False
etodolac,3,3,0,0,0,,,,0,0.9999999999999544,1.0,0.9999999907809975,1.0,0.0036748286042346,0.2075532169363326,-0.0,0.0,0.073,0.146,NOT_SIGNIFICANT,adj_pvalue_down (rescue-sorted),0,0,,,,False,0,0,UNKNOWN,,,,,False,none,mechanism_ok,REJECT,not_matched_to_candidate_or_axis; no_significant_fdr_lincs_signal,etodolac,False
etravirine,1,1,0,0,0,,,,0,1.0,1.0,1.0,1.0,1.0,1.0,0.0,-0.0,0.0,0.0,NOT_SIGNIFICANT,adj_pvalue_down (rescue-sorted),0,0,,,,False,0,0,UNKNOWN,,,,,False,none,mechanism_ok,REJECT,not_matched_to_candidate_or_axis; no_significant_fdr_lincs_signal,etravirine,False
famciclovir,2,2,0,0,0,,,,0,1.0000000000000335,1.0,0.9999694710138052,1.0,0.0150477716230191,0.3925736407145438,-0.0,-0.0,0.172,0.28,NOT_SIGNIFICANT,adj_pvalue_down (rescue-sorted),0,0,,,,False,0,0,UNKNOWN,,,,,False,none,mechanism_ok,REJECT,not_matched_to_candidate_or_axis; no_significant_fdr_lincs_signal,famciclovir,False
famotidine,3,3,0,0,0,,,,0,0.9999999999997768,1.0,0.9999998624094988,1.0,0.0303101956859066,0.5324068150255642,0.0,0.0,0.111,0.206,NOT_SIGNIFICANT,adj_pvalue_down (rescue-sorted),0,0,,,,False,0,0,UNKNOWN,,,,,False,none,mechanism_ok,REJECT,not_matched_to_candidate_or_axis; no_significant_fdr_lincs_signal,famotidine,False
felbamate,3,3,0,0,0,,,,0,0.9999999999990776,1.0,0.9999999883682908,1.0,0.0074543373593291,0.3110424841696662,0.0,0.0,0.081,0.178,NOT_SIGNIFICANT,adj_pvalue_down (rescue-sorted),0,0,,,,False,0,0,UNKNOWN,,,,,False,none,mechanism_ok,REJECT,not_matched_to_candidate_or_axis; no_significant_fdr_lincs_signal,felbamate,False
fexofenadine,1,1,0,0,0,,,,0,0.99999999999955,1.0,0.9999999853615849,1.0,0.0304538491377176,0.5334206113915053,0.0,0.0,0.174,0.174,NOT_SIGNIFICANT,adj_pvalue_down (rescue-sorted),0,0,,,,False,0,0,UNKNOWN,,,,,False,none,mechanism_ok,REJECT,not_matched_to_candidate_or_axis; no_significant_fdr_lincs_signal,fexofenadine,False
fidaxomicin,1,1,0,0,0,,,,0,1.0,1.0,1.0,1.0,1.0,1.0,0.0,-0.0,0.0,0.0,NOT_SIGNIFICANT,adj_pvalue_down (rescue-sorted),0,0,,,,False,0,0,UNKNOWN,,,,,False,none,mechanism_ok,REJECT,not_matched_to_candidate_or_axis; no_significant_fdr_lincs_signal,fidaxomicin,False
finasteride,3,3,0,0,0,,,,0,0.999999999999556,1.0,0.9536473745951168,1.0,0.030550130621132,0.5324068150255642,0.0,0.0,0.279,0.59,NOT_SIGNIFICANT,adj_pvalue_down (rescue-sorted),0,0,,,,False,0,0,UNKNOWN,,,,,False,none,mechanism_ok,REJECT,not_matched_to_candidate_or_axis; no_significant_fdr_lincs_signal,finasteride,False
fingolimod,2,2,0,0,0,,,,0,1.0,1.0,0.9999999850644598,1.0,0.0150534021501785,0.3896516539537614,-0.0,-0.0,0.099,0.198,NOT_SIGNIFICANT,adj_pvalue_down (rescue-sorted),0,0,,,,False,0,0,UNKNOWN,,,,,False,none,mechanism_ok,REJECT,not_matched_to_candidate_or_axis; no_significant_fdr_lincs_signal,fingolimod,False
flavoxate,1,1,0,0,0,,,,0,1.0,1.0,1.0,1.0,1.0,1.0,0.0,-0.0,0.0,0.0,NOT_SIGNIFICANT,adj_pvalue_down (rescue-sorted),0,0,,,,False,0,0,UNKNOWN,,,,,False,none,mechanism_ok,REJECT,not_matched_to_candidate_or_axis; no_significant_fdr_lincs_signal,flavoxate,False
fluconazole,1,1,0,0,0,,,,0,1.0000000000000335,1.0,0.9999999590798864,1.0,0.0304774663836702,0.5324068150255642,-0.0,-0.0,0.104,0.104,NOT_SIGNIFICANT,adj_pvalue_down (rescue-sorted),0,0,,,,False,0,0,UNKNOWN,,,,,False,none,mechanism_ok,REJECT,not_matched_to_candidate_or_axis; no_significant_fdr_lincs_signal,fluconazole,False
fludarabine,4,4,0,0,0,,,,0,1.0,1.0,0.9999999984411996,1.0,0.0305274771632112,0.3835204929315329,-0.0,-0.0,0.006,0.013,NOT_SIGNIFICANT,adj_pvalue_down (rescue-sorted),0,0,,,,False,0,0,UNKNOWN,,,,,False,none,mechanism_ok,REJECT,not_matched_to_candidate_or_axis; no_significant_fdr_lincs_signal,fludarabine,False
flumazenil,1,1,0,0,0,,,,0,1.000000000000284,1.0,0.9980892782635472,1.0,0.0073618839037835,0.3076788971850099,-0.0,-0.0,0.432,0.432,NOT_SIGNIFICANT,adj_pvalue_down (rescue-sorted),0,0,,,,False,0,0,UNKNOWN,,,,,False,none,mechanism_ok,REJECT,not_matched_to_candidate_or_axis; no_significant_fdr_lincs_signal,flumazenil,False
fluocinolone acetonide,2,2,0,0,0,,,,0,0.9999999999999496,1.0,0.9998677369732326,1.0,0.0304111059978491,0.6094564297617121,0.0,0.0,0.155,0.31,NOT_SIGNIFICANT,adj_pvalue_down (rescue-sorted),0,0,,,,False,0,0,UNKNOWN,,,,,False,none,mechanism_ok,REJECT,not_matched_to_candidate_or_axis; no_significant_fdr_lincs_signal,fluocinolone acetonide,False
fluticasone,1,1,0,0,0,,,,0,1.0,1.0,1.0,1.0,1.0,1.0,0.0,-0.0,0.0,0.0,NOT_SIGNIFICANT,adj_pvalue_down (rescue-sorted),0,0,,,,False,0,0,UNKNOWN,,,,,False,none,mechanism_ok,REJECT,not_matched_to_candidate_or_axis; no_significant_fdr_lincs_signal,fluticasone,False
fluticasone propionate,1,1,0,0,0,,,,0,0.999999999999884,1.0,0.9999999589052228,1.0,0.030457885112219,0.5324068150255642,0.0,0.0,0.106,0.106,NOT_SIGNIFICANT,adj_pvalue_down (rescue-sorted),0,0,,,,False,0,0,UNKNOWN,,,,,False,none,mechanism_ok,REJECT,not_matched_to_candidate_or_axis; no_significant_fdr_lincs_signal,fluticasone propionate,False
fluvoxamine,1,1,0,0,0,,,,0,1.0000000000002447,1.0,0.9999999951059284,1.0,0.0305173133083077,0.4254931838706273,-0.0,-0.0,0.013,0.013,NOT_SIGNIFICANT,adj_pvalue_down (rescue-sorted),0,0,,,,False,0,0,UNKNOWN,,,,,False,none,mechanism_ok,REJECT,not_matched_to_candidate_or_axis; no_significant_fdr_lincs_signal,fluvoxamine,False
formoterol,3,3,0,0,0,,,,0,0.999999999999884,1.0,0.9999999923917818,1.0,0.0150331977931801,0.243140802115362,0.0,0.0,0.01,0.017,NOT_SIGNIFICANT,adj_pvalue_down (rescue-sorted),0,0,,,,False,0,0,UNKNOWN,,,,,False,none,mechanism_ok,REJECT,not_matched_to_candidate_or_axis; no_significant_fdr_lincs_signal,formoterol,False
fosfomycin,2,2,0,0,0,,,,0,0.9999999999998108,1.0,0.9999999935619552,1.0,0.0072934761597109,0.3110424841696662,0.0,0.0,0.049,0.097,NOT_SIGNIFICANT,adj_pvalue_down (rescue-sorted),0,0,,,,False,0,0,UNKNOWN,,,,,False,none,mechanism_ok,REJECT,not_matched_to_candidate_or_axis; no_significant_fdr_lincs_signal,fosfomycin,False
gatifloxacin,8,8,0,0,0,,,,0,1.0,1.0,0.9999732630577044,1.0,0.0009300677370587,0.0516372557950343,-0.0,-0.0,0.071,0.281,NOT_SIGNIFICANT,adj_pvalue_down (rescue-sorted),0,0,,,,False,0,0,UNKNOWN,,,,,False,none,mechanism_ok,REJECT,not_matched_to_candidate_or_axis; no_significant_fdr_lincs_signal,gatifloxacin,False
gemfibrozil,1,1,0,0,0,,,,0,1.0,1.0,1.0,1.0,1.0,1.0,0.0,-0.0,0.0,0.0,NOT_SIGNIFICANT,adj_pvalue_down (rescue-sorted),0,0,,,,False,0,0,UNKNOWN,,,,,False,none,mechanism_ok,REJECT,not_matched_to_candidate_or_axis; no_significant_fdr_lincs_signal,gemfibrozil,False
gemifloxacin,2,2,0,0,0,,,,0,0.9999999999995686,1.0,0.999999995553234,1.0,0.0149233685181349,0.2669216921682224,0.0,0.0,0.02,0.02,NOT_SIGNIFICANT,adj_pvalue_down (rescue-sorted),0,0,,,,False,0,0,UNKNOWN,,,,,False,none,mechanism_ok,REJECT,not_matched_to_candidate_or_axis; no_significant_fdr_lincs_signal,gemifloxacin,False
glibenclamide,5,5,0,1,0,,GSE22206_LCL_case_v_control_150_rescue,,0,0.9999999999979172,1.0,0.9954835923532176,1.0,0.0002235342430475,0.0385500374305452,0.0,0.0,0.183,0.471,MIMIC,adj_pvalue_down (rescue-sorted),0,0,,,,False,0,0,UNKNOWN,,,,,False,none,mechanism_ok,REJECT,not_matched_to_candidate_or_axis; no_significant_fdr_lincs_signal,glibenclamide,False
goserelin acetate,1,1,0,0,0,,,,0,1.0,1.0,1.0,1.0,1.0,1.0,0.0,-0.0,0.0,0.0,NOT_SIGNIFICANT,adj_pvalue_down (rescue-sorted),0,0,,,,False,0,0,UNKNOWN,,,,,False,none,mechanism_ok,REJECT,not_matched_to_candidate_or_axis; no_significant_fdr_lincs_signal,goserelin acetate,False
griseofulvin,1,1,0,0,0,,,,0,0.9999999999999796,1.0,0.9999999839875784,1.0,0.0150506006832905,0.3896516539537614,0.0,0.0,0.199,0.199,NOT_SIGNIFICANT,adj_pvalue_down (rescue-sorted),0,0,,,,False,0,0,UNKNOWN,,,,,False,none,mechanism_ok,REJECT,not_matched_to_candidate_or_axis; no_significant_fdr_lincs_signal,griseofulvin,False
guanethidine,3,3,0,0,0,,,,0,1.0,1.0,0.9999999610824862,1.0,0.0151018786290486,0.4281770988300921,-0.0,-0.0,0.037,0.111,NOT_SIGNIFICANT,adj_pvalue_down (rescue-sorted),0,0,,,,False,0,0,UNKNOWN,,,,,False,none,mechanism_ok,REJECT,not_matched_to_candidate_or_axis; no_significant_fdr_lincs_signal,guanethidine,False
histamine,1,1,0,0,0,,,,0,1.0000000000001426,1.0,0.9985380030683004,1.0,0.0302101280362198,0.5000843496425292,-0.0,-0.0,0.379,0.379,NOT_SIGNIFICANT,adj_pvalue_down (rescue-sorted),0,0,,,,False,0,0,UNKNOWN,,,,,False,none,mechanism_ok,REJECT,not_matched_to_candidate_or_axis; no_significant_fdr_lincs_signal,histamine,False
hydroflumethiazide,1,1,0,0,0,,,,0,0.9999999999994992,1.0,0.9999999864031924,1.0,0.0074495844243922,0.291861033040503,0.0,0.0,0.208,0.208,NOT_SIGNIFICANT,adj_pvalue_down (rescue-sorted),0,0,,,,False,0,0,UNKNOWN,,,,,False,none,mechanism_ok,REJECT,not_matched_to_candidate_or_axis; no_significant_fdr_lincs_signal,hydroflumethiazide,False
hydroxychloroquine,2,2,0,0,0,,,,0,0.9999999999999613,1.0,0.2759879590263848,1.0,0.0145301365734741,0.4040540003663931,0.0,0.0,1.072,1.491,NOT_SIGNIFICANT,adj_pvalue_down (rescue-sorted),0,0,,,,False,0,0,UNKNOWN,,,,,False,none,mechanism_ok,REJECT,not_matched_to_candidate_or_axis; no_significant_fdr_lincs_signal,hydroxychloroquine,False
hydroxyurea,2,2,0,0,0,,,,0,0.9999999999998656,1.0,0.9999999910992318,1.0,0.0151305692788379,0.3925736407145438,0.0,0.0,0.1,0.144,NOT_SIGNIFICANT,adj_pvalue_down (rescue-sorted),0,0,,,,False,0,0,UNKNOWN,,,,,False,none,mechanism_ok,REJECT,not_matched_to_candidate_or_axis; no_significant_fdr_lincs_signal,hydroxyurea,False
idoxuridin,4,4,0,0,0,,,,0,0.9999999999999064,1.0,0.9999999944922094,1.0,0.0303533391805457,0.3835204929315329,0.0,0.0,0.012,0.016,NOT_SIGNIFICANT,adj_pvalue_down (rescue-sorted),0,0,,,,False,0,0,UNKNOWN,,,,,False,none,mechanism_ok,REJECT,not_matched_to_candidate_or_axis; no_significant_fdr_lincs_signal,idoxuridin,False
ifosfamide,2,2,0,0,0,,,,0,1.0,1.0,1.0,1.0,1.0,1.0,0.0,-0.0,0.0,0.0,NOT_SIGNIFICANT,adj_pvalue_down (rescue-sorted),0,0,,,,False,0,0,UNKNOWN,,,,,False,none,mechanism_ok,REJECT,not_matched_to_candidate_or_axis; no_significant_fdr_lincs_signal,ifosfamide,False
iloprost,2,2,0,0,0,,,,0,1.0,1.0,0.9999901647415992,1.0,0.0293957539466588,0.5324068150255642,-0.0,-0.0,0.127,0.254,NOT_SIGNIFICANT,adj_pvalue_down (rescue-sorted),0,0,,,,False,0,0,UNKNOWN,,,,,False,none,mechanism_ok,REJECT,not_matched_to_candidate_or_axis; no_significant_fdr_lincs_signal,iloprost,False
imipramine,1,1,0,0,0,,,,0,1.0,1.0,1.0,1.0,1.0,1.0,0.0,-0.0,0.0,0.0,NOT_SIGNIFICANT,adj_pvalue_down (rescue-sorted),0,0,,,,False,0,0,UNKNOWN,,,,,False,none,mechanism_ok,REJECT,not_matched_to_candidate_or_axis; no_significant_fdr_lincs_signal,imipramine,False
ingenol,4,4,0,1,0,,GSE22206_fibro_case_v_control_150_rescue,,0,1.0,1.0,0.9999999889689002,1.0,0.0001762045213698,0.011475017734142,-0.0,-0.0,0.036,0.062,MIMIC,adj_pvalue_down (rescue-sorted),0,0,,,,False,0,0,UNKNOWN,,,,,False,none,mechanism_ok,REJECT,not_matched_to_candidate_or_axis; no_significant_fdr_lincs_signal,ingenol,False
ingenol mebutate,4,4,0,1,0,,GSE22206_fibro_case_v_control_150_rescue,,0,0.9999999999995188,1.0,0.9999999943808944,1.0,0.0004063501124254,0.0217839604375902,-0.0,0.0,0.026,0.039,MIMIC,adj_pvalue_down (rescue-sorted),0,0,,,,False,0,0,UNKNOWN,,,,,False,none,mechanism_ok,REJECT,not_matched_to_candidate_or_axis; no_significant_fdr_lincs_signal,ingenol mebutate,False
ipi 145,1,1,0,0,0,,,,0,1.0,1.0,1.0,1.0,1.0,1.0,0.0,-0.0,0.0,0.0,NOT_SIGNIFICANT,adj_pvalue_down (rescue-sorted),0,0,,,,False,0,0,UNKNOWN,,,,,False,none,mechanism_ok,REJECT,not_matched_to_candidate_or_axis; no_significant_fdr_lincs_signal,ipi 145,False
ipratropium,2,2,0,0,0,,,,0,1.0000000000001827,1.0,0.9999999601508556,1.0,0.0305624489116697,0.4777022873951601,-0.0,-0.0,0.052,0.092,NOT_SIGNIFICANT,adj_pvalue_down (rescue-sorted),0,0,,,,False,0,0,UNKNOWN,,,,,False,none,mechanism_ok,REJECT,not_matched_to_candidate_or_axis; no_significant_fdr_lincs_signal,ipratropium,False
isoniazid,3,3,0,0,0,,,,0,0.9999999999997417,1.0,0.9999971575123262,1.0,0.0148739087585018,0.3896516539537614,-0.0,0.0,0.111,0.262,NOT_SIGNIFICANT,adj_pvalue_down (rescue-sorted),0,0,,,,False,0,0,UNKNOWN,,,,,False,none,mechanism_ok,REJECT,not_matched_to_candidate_or_axis; no_significant_fdr_lincs_signal,isoniazid,False
isotretinoin,1,1,0,0,0,,,,0,1.0,1.0,1.0,1.0,1.0,1.0,0.0,-0.0,0.0,0.0,NOT_SIGNIFICANT,adj_pvalue_down (rescue-sorted),0,0,,,,False,0,0,UNKNOWN,,,,,False,none,broad_cancer_kinase,REJECT,not_matched_to_candidate_or_axis; broad_cancer_kinase_not_MVA_axis; no_significant_fdr_lincs_signal,isotretinoin,False
isox,2,2,0,0,0,,,,0,1.0,1.0,1.0,1.0,1.0,1.0,0.0,-0.0,0.0,0.0,NOT_SIGNIFICANT,adj_pvalue_down (rescue-sorted),0,0,,,,False,0,0,UNKNOWN,,,,,False,none,mechanism_ok,REJECT,not_matched_to_candidate_or_axis; no_significant_fdr_lincs_signal,isox,False
isradipine,6,6,0,0,0,,,,0,0.9999999999993758,1.0,0.9981930149095058,1.0,0.0037450689296839,0.0863440394998882,0.0,0.0,0.1,0.39,NOT_SIGNIFICANT,adj_pvalue_down (rescue-sorted),0,0,,,,False,0,0,UNKNOWN,,,,,False,none,mechanism_ok,REJECT,not_matched_to_candidate_or_axis; no_significant_fdr_lincs_signal,isradipine,False
itraconazole,1,1,0,0,0,,,,0,1.0000000000002447,1.0,0.9999999609927084,1.0,0.0305173133083077,0.5324068150255642,-0.0,-0.0,0.098,0.098,NOT_SIGNIFICANT,adj_pvalue_down (rescue-sorted),0,0,,,,False,0,0,UNKNOWN,,,,,False,none,mechanism_ok,REJECT,not_matched_to_candidate_or_axis; no_significant_fdr_lincs_signal,itraconazole,False
ivosidenib,1,1,0,0,0,,,,0,1.0,1.0,1.0,1.0,1.0,1.0,0.0,-0.0,0.0,0.0,NOT_SIGNIFICANT,adj_pvalue_down (rescue-sorted),0,0,,,,False,0,0,UNKNOWN,,,,,False,none,mechanism_ok,REJECT,not_matched_to_candidate_or_axis; no_significant_fdr_lincs_signal,ivosidenib,False
ixabepilone,5,5,0,1,0,,GSE22206_case_v_control_250_rescue,,0,0.9999999999995982,1.0,0.3558169300152883,1.0,0.0001976499087088,0.0221861345452551,0.0,0.0,0.437,1.272,MIMIC,adj_pvalue_down (rescue-sorted),0,0,,,,False,0,0,UNKNOWN,,,,,False,none,mechanism_ok,REJECT,not_matched_to_candidate_or_axis; no_significant_fdr_lincs_signal,ixabepilone,False
ketorolac,1,1,0,0,0,,,,0,0.9999999999999,1.0,0.9999999848536284,1.0,0.0150589239028156,0.3896516539537614,0.0,0.0,0.196,0.196,NOT_SIGNIFICANT,adj_pvalue_down (rescue-sorted),0,0,,,,False,0,0,UNKNOWN,,,,,False,none,mechanism_ok,REJECT,not_matched_to_candidate_or_axis; no_significant_fdr_lincs_signal,ketorolac,False
ketotifen,3,3,0,0,0,,,,0,1.0,1.0,0.9999999621422336,1.0,0.0036557536629365,0.2075532169363326,-0.0,-0.0,0.071,0.133,NOT_SIGNIFICANT,adj_pvalue_down (rescue-sorted),0,0,,,,False,0,0,UNKNOWN,,,,,False,none,mechanism_ok,REJECT,not_matched_to_candidate_or_axis; no_significant_fdr_lincs_signal,ketotifen,False
kx 2391,6,6,0,4,0,,GSE22206_case_v_control_250_rescue;GSE22206_fibro_case_v_control_100_rescue;GSE22206_fibro_case_v_control_150_rescue;GSE22206_fibro_case_v_control_250_rescue,,0,0.9999999999995982,1.0,0.1379258499776513,1.0,4.257629573721354e-11,1.3183014815343072e-08,0.0,0.0,0.447,1.582,MIMIC,adj_pvalue_down (rescue-sorted),0,0,,,,False,0,0,UNKNOWN,,,,,False,none,mechanism_ok,REJECT,not_matched_to_candidate_or_axis; no_significant_fdr_lincs_signal,kx 2391,False
labetalol,3,3,0,0,0,,,,0,1.0,1.0,0.99995752773017,1.0,0.0074379880848009,0.3110424841696662,-0.0,-0.0,0.126,0.309,NOT_SIGNIFICANT,adj_pvalue_down (rescue-sorted),0,0,,,,False,0,0,UNKNOWN,,,,,False,none,mechanism_ok,REJECT,not_matched_to_candidate_or_axis; no_significant_fdr_lincs_signal,labetalol,False
lacitol,1,1,0,0,0,,,,0,0.9999999999999368,1.0,0.9999999856511166,1.0,0.0299175073853161,0.4918987282082528,0.0,0.0,0.095,0.095,NOT_SIGNIFICANT,adj_pvalue_down (rescue-sorted),0,0,,,,False,0,0,UNKNOWN,,,,,False,none,mechanism_ok,REJECT,not_matched_to_candidate_or_axis; no_significant_fdr_lincs_signal,lacitol,False
lamotrigine,5,5,0,0,0,,,,0,0.9999999999996038,1.0,0.9888691057116076,1.0,0.0037097457311946,0.1012881622546202,0.0,0.0,0.145,0.477,NOT_SIGNIFICANT,adj_pvalue_down (rescue-sorted),0,0,,,,False,0,0,UNKNOWN,,,,,False,none,mechanism_ok,REJECT,not_matched_to_candidate_or_axis; no_significant_fdr_lincs_signal,lamotrigine,False
leflunomide,1,1,0,0,0,,,,0,0.9999999999997556,1.0,0.9997564640366464,1.0,0.0150209979983179,0.4108661696454894,0.0,0.0,0.348,0.348,NOT_SIGNIFICANT,adj_pvalue_down (rescue-sorted),0,0,,,,False,0,0,UNKNOWN,,,,,False,none,mechanism_ok,REJECT,not_matched_to_candidate_or_axis; no_significant_fdr_lincs_signal,leflunomide,False
lenalidomide,7,7,0,3,0,,GSE22206_case_v_control_250_rescue;GSE22206_fibro_case_v_control_150_rescue;GSE22206_fibro_case_v_control_250_rescue,,0,0.9999999999997168,1.0,0.0987290448086877,1.0,5.308936218255633e-05,0.0033730438423311,-0.0,0.0,0.531,2.276,MIMIC,adj_pvalue_down (rescue-sorted),0,0,,,,False,0,0,UNKNOWN,,,,,False,none,mechanism_ok,REJECT,not_matched_to_candidate_or_axis; pediatric_safety_contraindication; no_significant_fdr_lincs_signal,lenalidomide,False
lenvatinib,1,1,0,0,0,,,,0,0.9999999999998996,1.0,0.9999999969516676,1.0,0.0303213661422564,0.4918987282082528,0.0,0.0,0.066,0.066,NOT_SIGNIFICANT,adj_pvalue_down (rescue-sorted),0,0,,,,False,0,0,UNKNOWN,,,,,False,none,mechanism_ok,REJECT,not_matched_to_candidate_or_axis; no_significant_fdr_lincs_signal,lenvatinib,False
levalbuterol,2,2,0,0,0,,,,0,0.999999999999807,1.0,0.9999999939347964,1.0,0.029982363315689,0.4777022873951601,0.0,0.0,0.012,0.023,NOT_SIGNIFICANT,adj_pvalue_down (rescue-sorted),0,0,,,,False,0,0,UNKNOWN,,,,,False,none,mechanism_ok,REJECT,not_matched_to_candidate_or_axis; no_significant_fdr_lincs_signal,levalbuterol,False
levetiracetam,1,1,0,0,0,,,,0,1.0000000000003513,1.0,1.0000000014177444,1.0,0.0151407835261825,0.3925736407145438,-0.0,-0.0,0.054,0.054,NOT_SIGNIFICANT,adj_pvalue_down (rescue-sorted),0,0,,,,False,0,0,UNKNOWN,,,,,False,none,mechanism_ok,REJECT,not_matched_to_candidate_or_axis; no_significant_fdr_lincs_signal,levetiracetam,False
levonorgestrel,4,4,0,0,0,,,,0,0.999999999999817,1.0,0.999999990157094,1.0,0.0074634793333802,0.291861033040503,-0.0,0.0,0.064,0.2,NOT_SIGNIFICANT,adj_pvalue_down (rescue-sorted),0,0,,,,False,0,0,UNKNOWN,,,,,False,none,mechanism_ok,REJECT,not_matched_to_candidate_or_axis; no_significant_fdr_lincs_signal,levonorgestrel,False
levothyroxine,7,7,0,0,0,,,,0,1.0000000000001723,1.0,0.9336461082236968,1.0,0.0036486770749699,0.0863440394998882,-0.0,-0.0,0.193,0.63,NOT_SIGNIFICANT,adj_pvalue_down (rescue-sorted),0,0,,,,False,0,0,UNKNOWN,,,,,False,none,mechanism_ok,REJECT,not_matched_to_candidate_or_axis; no_significant_fdr_lincs_signal,levothyroxine,False
lgx 818,3,3,0,0,0,,,,0,0.9999999999995428,1.0,0.9593390693103824,1.0,0.0018021474934641,0.1053074977551513,-0.0,0.0,0.389,0.577,NOT_SIGNIFICANT,adj_pvalue_down (rescue-sorted),0,0,,,,False,0,0,UNKNOWN,,,,,False,none,mechanism_ok,REJECT,not_matched_to_candidate_or_axis; no_significant_fdr_lincs_signal,lgx 818,False
licarbazepine,1,1,0,0,0,,,,0,1.0,1.0,1.0,1.0,1.0,1.0,0.0,-0.0,0.0,0.0,NOT_SIGNIFICANT,adj_pvalue_down (rescue-sorted),0,0,,,,False,0,0,UNKNOWN,,,,,False,none,mechanism_ok,REJECT,not_matched_to_candidate_or_axis; no_significant_fdr_lincs_signal,licarbazepine,False
linagliptin,1,1,0,0,0,,,,0,0.9999999999998866,1.0,0.9999999600084464,1.0,0.0305532513887743,0.5324068150255642,0.0,0.0,0.093,0.093,NOT_SIGNIFICANT,adj_pvalue_down (rescue-sorted),0,0,,,,False,0,0,UNKNOWN,,,,,False,none,mechanism_ok,REJECT,not_matched_to_candidate_or_axis; no_significant_fdr_lincs_signal,linagliptin,False
linezolid,1,1,0,0,0,,,,0,0.9999999999998976,1.0,0.9999999960073084,1.0,0.0304736279601754,0.4777022873951601,0.0,0.0,0.014,0.014,NOT_SIGNIFICANT,adj_pvalue_down (rescue-sorted),0,0,,,,False,0,0,UNKNOWN,,,,,False,none,mechanism_ok,REJECT,not_matched_to_candidate_or_axis; no_significant_fdr_lincs_signal,linezolid,False
lisinopril,2,2,0,0,0,,,,0,0.9999999999999007,1.0,0.999999990150024,1.0,0.0306103008107492,0.5334206113915053,0.0,0.0,0.07,0.139,NOT_SIGNIFICANT,adj_pvalue_down (rescue-sorted),0,0,,,,False,0,0,UNKNOWN,,,,,False,none,mechanism_ok,REJECT,not_matched_to_candidate_or_axis; no_significant_fdr_lincs_signal,lisinopril,False
lofexidine,3,3,0,0,0,,,,0,1.0,1.0,1.0,1.0,1.0,1.0,0.0,-0.0,0.0,0.0,NOT_SIGNIFICANT,adj_pvalue_down (rescue-sorted),0,0,,,,False,0,0,UNKNOWN,,,,,False,none,mechanism_ok,REJECT,not_matched_to_candidate_or_axis; no_significant_fdr_lincs_signal,lofexidine,False
loperamide,1,1,0,0,0,,,,0,1.0,1.0,1.0,1.0,1.0,1.0,0.0,-0.0,0.0,0.0,NOT_SIGNIFICANT,adj_pvalue_down (rescue-sorted),0,0,,,,False,0,0,UNKNOWN,,,,,False,none,mechanism_ok,REJECT,not_matched_to_candidate_or_axis; no_significant_fdr_lincs_signal,loperamide,False
lorazepam,11,11,0,0,0,,,,0,0.9999999999996566,1.0,0.4685170224832963,1.0,0.0037958323931591,0.0863440394998882,-0.0,0.0,0.183,1.222,NOT_SIGNIFICANT,adj_pvalue_down (rescue-sorted),0,0,,,,False,0,0,UNKNOWN,,,,,False,none,mechanism_ok,REJECT,not_matched_to_candidate_or_axis; no_significant_fdr_lincs_signal,lorazepam,False
losartan,7,7,0,2,0,,GSE22206_fibro_case_v_control_150_rescue;GSE22206_fibro_case_v_control_250_rescue,,0,0.9999999999993135,1.0,0.9239182022333552,1.0,0.0004482798728231,0.017471638113674,0.0,0.0,0.147,0.697,MIMIC,adj_pvalue_down (rescue-sorted),0,0,,,,False,0,0,UNKNOWN,,,,,False,none,mechanism_ok,REJECT,not_matched_to_candidate_or_axis; no_significant_fdr_lincs_signal,losartan,False
lovastatin,4,4,0,1,0,,GSE22206_fibro_case_v_control_250_rescue,,0,0.9999999999999556,1.0,0.9983587628937772,1.0,1.0035255379894396e-05,0.00082307340034,-0.0,0.0,0.123,0.383,MIMIC,adj_pvalue_down (rescue-sorted),0,0,,,,False,0,0,UNKNOWN,,,,,False,none,mechanism_ok,REJECT,not_matched_to_candidate_or_axis; no_significant_fdr_lincs_signal,lovastatin,False
lurasidone,3,3,0,0,0,,,,0,1.0000000000002671,1.0,0.999999993851582,1.0,0.0036262674855563,0.1298676506054251,-0.0,-0.0,0.018,0.023,NOT_SIGNIFICANT,adj_pvalue_down (rescue-sorted),0,0,,,,False,0,0,UNKNOWN,,,,,False,none,mechanism_ok,REJECT,not_matched_to_candidate_or_axis; no_significant_fdr_lincs_signal,lurasidone,False
mannitol,1,1,0,0,0,,,,0,1.0,1.0,1.0,1.0,1.0,1.0,0.0,-0.0,0.0,0.0,NOT_SIGNIFICANT,adj_pvalue_down (rescue-sorted),0,0,,,,False,0,0,UNKNOWN,,,,,False,none,mechanism_ok,REJECT,not_matched_to_candidate_or_axis; no_significant_fdr_lincs_signal,mannitol,False
maraviroc,4,4,0,0,0,,,,0,1.0,1.0,1.0,1.0,1.0,1.0,0.0,-0.0,0.0,0.0,NOT_SIGNIFICANT,adj_pvalue_down (rescue-sorted),0,0,,,,False,0,0,UNKNOWN,,,,,False,none,mechanism_ok,REJECT,not_matched_to_candidate_or_axis; no_significant_fdr_lincs_signal,maraviroc,False
mebendazole,6,6,0,3,0,,GSE22206_fibro_case_v_control_100_rescue;GSE22206_fibro_case_v_control_150_rescue;GSE22206_fibro_case_v_control_250_rescue,,0,0.9999999999994976,1.0,0.973331144177209,1.0,1.8213730481201574e-09,3.286485528028013e-07,-0.0,0.0,0.197,0.559,MIMIC,adj_pvalue_down (rescue-sorted),0,0,,,,False,0,0,UNKNOWN,,,,,False,none,mechanism_ok,REJECT,not_matched_to_candidate_or_axis; no_significant_fdr_lincs_signal,mebendazole,False
mecamylamine,1,1,0,0,0,,,,0,1.0000000000000997,1.0,0.9998735689172358,1.0,0.0146877164421035,0.3896516539537614,-0.0,-0.0,0.328,0.328,NOT_SIGNIFICANT,adj_pvalue_down (rescue-sorted),0,0,,,,False,0,0,UNKNOWN,,,,,False,none,mechanism_ok,REJECT,not_matched_to_candidate_or_axis; no_significant_fdr_lincs_signal,mecamylamine,False
mefloquine,1,1,0,0,0,,,,0,1.0,1.0,1.0,1.0,1.0,1.0,0.0,-0.0,0.0,0.0,NOT_SIGNIFICANT,adj_pvalue_down (rescue-sorted),0,0,,,,False,0,0,UNKNOWN,,,,,False,none,mechanism_ok,REJECT,not_matched_to_candidate_or_axis; no_significant_fdr_lincs_signal,mefloquine,False
meloxicam,1,1,0,0,0,,,,0,1.000000000000119,1.0,0.9999643903919372,1.0,0.0304697512042083,0.5000843496425292,-0.0,-0.0,0.283,0.283,NOT_SIGNIFICANT,adj_pvalue_down (rescue-sorted),0,0,,,,False,0,0,UNKNOWN,,,,,False,none,mechanism_ok,REJECT,not_matched_to_candidate_or_axis; no_significant_fdr_lincs_signal,meloxicam,False
mestinon,1,1,0,0,0,,,,0,1.000000000000182,1.0,0.999999994729686,1.0,0.0304618803749167,0.4777022873951601,-0.0,-0.0,0.014,0.014,NOT_SIGNIFICANT,adj_pvalue_down (rescue-sorted),0,0,,,,False,0,0,UNKNOWN,,,,,False,none,mechanism_ok,REJECT,not_matched_to_candidate_or_axis; no_significant_fdr_lincs_signal,mestinon,False
mestranol,3,3,0,0,0,,,,0,0.9999999999990826,1.0,0.9999999652052164,1.0,0.0151326464553562,0.3925736407145438,0.0,0.0,0.053,0.105,NOT_SIGNIFICANT,adj_pvalue_down (rescue-sorted),0,0,,,,False,0,0,UNKNOWN,,,,,False,none,mechanism_ok,REJECT,not_matched_to_candidate_or_axis; no_significant_fdr_lincs_signal,mestranol,False
methocarbamol,2,2,0,0,0,,,,0,1.0,1.0,0.9999973736711372,1.0,0.0301593205628959,0.5334206113915053,-0.0,-0.0,0.12,0.239,NOT_SIGNIFICANT,adj_pvalue_down (rescue-sorted),0,0,,,,False,0,0,UNKNOWN,,,,,False,none,mechanism_ok,REJECT,not_matched_to_candidate_or_axis; no_significant_fdr_lincs_signal,methocarbamol,False
methotrexate,1,1,0,0,0,,,,0,1.0,1.0,1.0,1.0,1.0,1.0,0.0,-0.0,0.0,0.0,NOT_SIGNIFICANT,adj_pvalue_down (rescue-sorted),0,0,,,,False,0,0,UNKNOWN,,,,,False,none,mechanism_ok,REJECT,not_matched_to_candidate_or_axis; no_significant_fdr_lincs_signal,methotrexate,False
methoxsalen,1,1,0,0,0,,,,0,1.0000000000006226,1.0,0.9999235017044656,1.0,0.0304287423976421,0.5000843496425292,-0.0,-0.0,0.298,0.298,NOT_SIGNIFICANT,adj_pvalue_down (rescue-sorted),0,0,,,,False,0,0,UNKNOWN,,,,,False,none,mechanism_ok,REJECT,not_matched_to_candidate_or_axis; no_significant_fdr_lincs_signal,methoxsalen,False
methyldopa,1,1,0,0,0,,,,0,1.0,1.0,1.0,1.0,1.0,1.0,0.0,-0.0,0.0,0.0,NOT_SIGNIFICANT,adj_pvalue_down (rescue-sorted),0,0,,,,False,0,0,UNKNOWN,,,,,False,none,mechanism_ok,REJECT,not_matched_to_candidate_or_axis; no_significant_fdr_lincs_signal,methyldopa,False
methylnaltrexone,1,1,0,0,0,,,,0,1.0,1.0,1.0,1.0,1.0,1.0,0.0,-0.0,0.0,0.0,NOT_SIGNIFICANT,adj_pvalue_down (rescue-sorted),0,0,,,,False,0,0,UNKNOWN,,,,,False,none,mechanism_ok,REJECT,not_matched_to_candidate_or_axis; no_significant_fdr_lincs_signal,methylnaltrexone,False
methylphenidate,4,4,0,0,0,,,,0,1.0000000000001363,1.0,0.2605346561106245,1.0,0.014230634662755,0.243140802115362,-0.0,-0.0,0.634,1.614,NOT_SIGNIFICANT,adj_pvalue_down (rescue-sorted),0,0,,,,False,0,0,UNKNOWN,,,,,False,none,mechanism_ok,REJECT,not_matched_to_candidate_or_axis; no_significant_fdr_lincs_signal,methylphenidate,False
methylprednisolone,1,1,0,0,0,,,,0,1.0,1.0,1.0,1.0,1.0,1.0,0.0,-0.0,0.0,0.0,NOT_SIGNIFICANT,adj_pvalue_down (rescue-sorted),0,0,,,,False,0,0,UNKNOWN,,,,,False,none,mechanism_ok,REJECT,not_matched_to_candidate_or_axis; no_significant_fdr_lincs_signal,methylprednisolone,False
metixene,1,1,0,0,0,,,,0,1.0,1.0,1.0,1.0,1.0,1.0,0.0,-0.0,0.0,0.0,NOT_SIGNIFICANT,adj_pvalue_down (rescue-sorted),0,0,,,,False,0,0,UNKNOWN,,,,,False,none,mechanism_ok,REJECT,not_matched_to_candidate_or_axis; no_significant_fdr_lincs_signal,metixene,False
metoclopramide,1,1,0,0,0,,,,0,1.0000000000000555,1.0,0.9999999974156925,1.0,0.0303831839142265,0.3835204929315329,-0.0,-0.0,0.015,0.015,NOT_SIGNIFICANT,adj_pvalue_down (rescue-sorted),0,0,,,,False,0,0,UNKNOWN,,,,,False,none,mechanism_ok,REJECT,not_matched_to_candidate_or_axis; no_significant_fdr_lincs_signal,metoclopramide,False
metronidazole,1,1,0,0,0,,,,0,1.0,1.0,1.0,1.0,1.0,1.0,0.0,-0.0,0.0,0.0,NOT_SIGNIFICANT,adj_pvalue_down (rescue-sorted),0,0,,,,False,0,0,UNKNOWN,,,,,False,none,mechanism_ok,REJECT,not_matched_to_candidate_or_axis; no_significant_fdr_lincs_signal,metronidazole,False
miconazole,1,1,0,0,0,,,,0,1.0,1.0,1.0,1.0,1.0,1.0,0.0,-0.0,0.0,0.0,NOT_SIGNIFICANT,adj_pvalue_down (rescue-sorted),0,0,,,,False,0,0,UNKNOWN,,,,,False,none,mechanism_ok,REJECT,not_matched_to_candidate_or_axis; no_significant_fdr_lincs_signal,miconazole,False
midodrine,1,1,0,0,0,,,,0,0.9999999999999386,1.0,0.999999963963087,1.0,0.0150050222931968,0.4281770988300921,0.0,0.0,0.132,0.132,NOT_SIGNIFICANT,adj_pvalue_down (rescue-sorted),0,0,,,,False,0,0,UNKNOWN,,,,,False,none,mechanism_ok,REJECT,not_matched_to_candidate_or_axis; no_significant_fdr_lincs_signal,midodrine,False
miglitol,2,2,0,0,0,,,,0,1.0,1.0,0.9999999959732476,1.0,0.0303376326784883,0.4918987282082528,-0.0,-0.0,0.032,0.064,NOT_SIGNIFICANT,adj_pvalue_down (rescue-sorted),0,0,,,,False,0,0,UNKNOWN,,,,,False,none,mechanism_ok,REJECT,not_matched_to_candidate_or_axis; no_significant_fdr_lincs_signal,miglitol,False
miglustat,2,2,0,0,0,,,,0,0.9999999999998422,1.0,0.9999563869003668,1.0,0.0299614576641916,0.4918987282082528,0.0,0.0,0.188,0.284,NOT_SIGNIFICANT,adj_pvalue_down (rescue-sorted),0,0,,,,False,0,0,UNKNOWN,,,,,False,none,mechanism_ok,REJECT,not_matched_to_candidate_or_axis; no_significant_fdr_lincs_signal,miglustat,False
milnacipran,1,1,0,0,0,,,,0,0.9999999999999382,1.0,0.999999995086641,1.0,0.0303158143037262,0.4918987282082528,0.0,0.0,0.066,0.066,NOT_SIGNIFICANT,adj_pvalue_down (rescue-sorted),0,0,,,,False,0,0,UNKNOWN,,,,,False,none,mechanism_ok,REJECT,not_matched_to_candidate_or_axis; no_significant_fdr_lincs_signal,milnacipran,False
milrinone,1,1,0,0,0,,,,0,1.0,1.0,1.0,1.0,1.0,1.0,0.0,-0.0,0.0,0.0,NOT_SIGNIFICANT,adj_pvalue_down (rescue-sorted),0,0,,,,False,0,0,UNKNOWN,,,,,False,none,mechanism_ok,REJECT,not_matched_to_candidate_or_axis; no_significant_fdr_lincs_signal,milrinone,False
minoxidil,2,2,0,0,0,,,,0,0.9999999999989526,1.0,0.9999927852960676,1.0,0.0074994385299004,0.3076788971850099,0.0,0.0,0.149,0.297,NOT_SIGNIFICANT,adj_pvalue_down (rescue-sorted),0,0,,,,False,0,0,UNKNOWN,,,,,False,none,mechanism_ok,REJECT,not_matched_to_candidate_or_axis; no_significant_fdr_lincs_signal,minoxidil,False
mln 2480,1,1,0,0,0,,,,0,1.0,1.0,1.0,1.0,1.0,1.0,0.0,-0.0,0.0,0.0,NOT_SIGNIFICANT,adj_pvalue_down (rescue-sorted),0,0,,,,False,0,0,UNKNOWN,,,,,False,none,mechanism_ok,REJECT,not_matched_to_candidate_or_axis; no_significant_fdr_lincs_signal,mln 2480,False
modafinil,1,1,0,0,0,,,,0,1.0,1.0,1.0,1.0,1.0,1.0,0.0,-0.0,0.0,0.0,NOT_SIGNIFICANT,adj_pvalue_down (rescue-sorted),0,0,,,,False,0,0,UNKNOWN,,,,,False,none,mechanism_ok,REJECT,not_matched_to_candidate_or_axis; no_significant_fdr_lincs_signal,modafinil,False
molindone,1,1,0,0,0,,,,0,1.0000000000000764,1.0,0.9999999599164482,1.0,0.0304155857294634,0.5324068150255642,-0.0,-0.0,0.112,0.112,NOT_SIGNIFICANT,adj_pvalue_down (rescue-sorted),0,0,,,,False,0,0,UNKNOWN,,,,,False,none,mechanism_ok,REJECT,not_matched_to_candidate_or_axis; no_significant_fdr_lincs_signal,molindone,False
moxifloxacin,5,5,0,0,0,,,,0,0.9999999999990709,1.0,0.9999815716422302,1.0,0.0153798416512214,0.3835204929315329,0.0,0.0,0.098,0.274,NOT_SIGNIFICANT,adj_pvalue_down (rescue-sorted),0,0,,,,False,0,0,UNKNOWN,,,,,False,none,mechanism_ok,REJECT,not_matched_to_candidate_or_axis; no_significant_fdr_lincs_signal,moxifloxacin,False
mupirocin,1,1,0,0,0,,,,0,1.0,1.0,1.0,1.0,1.0,1.0,0.0,-0.0,0.0,0.0,NOT_SIGNIFICANT,adj_pvalue_down (rescue-sorted),0,0,,,,False,0,0,UNKNOWN,,,,,False,none,mechanism_ok,REJECT,not_matched_to_candidate_or_axis; no_significant_fdr_lincs_signal,mupirocin,False
naftifine,1,1,0,0,0,,,,0,0.9999999999999496,1.0,0.9998964066046762,1.0,0.0304111059978491,0.5000843496425292,0.0,0.0,0.305,0.305,NOT_SIGNIFICANT,adj_pvalue_down (rescue-sorted),0,0,,,,False,0,0,UNKNOWN,,,,,False,none,mechanism_ok,REJECT,not_matched_to_candidate_or_axis; no_significant_fdr_lincs_signal,naftifine,False
nalbuphine,1,1,0,0,0,,,,0,1.0,1.0,1.0,1.0,1.0,1.0,0.0,-0.0,0.0,0.0,NOT_SIGNIFICANT,adj_pvalue_down (rescue-sorted),0,0,,,,False,0,0,UNKNOWN,,,,,False,none,mechanism_ok,REJECT,not_matched_to_candidate_or_axis; no_significant_fdr_lincs_signal,nalbuphine,False
naproxen,1,1,0,0,0,,,,0,1.0000000000003777,1.0,0.9999291047055702,1.0,0.0304330362398767,0.5000843496425292,-0.0,-0.0,0.297,0.297,NOT_SIGNIFICANT,adj_pvalue_down (rescue-sorted),0,0,,,,False,0,0,UNKNOWN,,,,,False,none,mechanism_ok,REJECT,not_matched_to_candidate_or_axis; no_significant_fdr_lincs_signal,naproxen,False
nateglinide,1,1,0,0,0,,,,0,1.0,1.0,1.0,1.0,1.0,1.0,0.0,-0.0,0.0,0.0,NOT_SIGNIFICANT,adj_pvalue_down (rescue-sorted),0,0,,,,False,0,0,UNKNOWN,,,,,False,none,mechanism_ok,REJECT,not_matched_to_candidate_or_axis; no_significant_fdr_lincs_signal,nateglinide,False
nebivolol,1,1,0,0,0,,,,0,0.9999999999999408,1.0,0.999999995354564,1.0,0.0035754898805104,0.2075532169363326,0.0,0.0,0.106,0.106,NOT_SIGNIFICANT,adj_pvalue_down (rescue-sorted),0,0,,,,False,0,0,UNKNOWN,,,,,False,none,mechanism_ok,REJECT,not_matched_to_candidate_or_axis; no_significant_fdr_lincs_signal,nebivolol,False
neostigmine,1,1,0,0,0,,,,0,0.9999999999998996,1.0,0.9999999644662392,1.0,0.0303213661422564,0.5324068150255642,0.0,0.0,0.125,0.125,NOT_SIGNIFICANT,adj_pvalue_down (rescue-sorted),0,0,,,,False,0,0,UNKNOWN,,,,,False,none,mechanism_ok,REJECT,not_matched_to_candidate_or_axis; no_significant_fdr_lincs_signal,neostigmine,False
nepafenac,1,1,0,0,0,,,,0,1.0,1.0,1.0,1.0,1.0,1.0,0.0,-0.0,0.0,0.0,NOT_SIGNIFICANT,adj_pvalue_down (rescue-sorted),0,0,,,,False,0,0,UNKNOWN,,,,,False,none,mechanism_ok,REJECT,not_matched_to_candidate_or_axis; no_significant_fdr_lincs_signal,nepafenac,False
netupitant,1,1,0,0,0,,,,0,0.9999999999998996,1.0,0.999602995613577,1.0,0.0303213661422564,0.5000843496425292,0.0,0.0,0.338,0.338,NOT_SIGNIFICANT,adj_pvalue_down (rescue-sorted),0,0,,,,False,0,0,UNKNOWN,,,,,False,none,mechanism_ok,REJECT,not_matched_to_candidate_or_axis; no_significant_fdr_lincs_signal,netupitant,False
nicardipine,1,1,0,0,0,,,,0,1.000000000000378,1.0,0.9999988816376666,1.0,0.0151844675915468,0.4108661696454894,-0.0,-0.0,0.252,0.252,NOT_SIGNIFICANT,adj_pvalue_down (rescue-sorted),0,0,,,,False,0,0,UNKNOWN,,,,,False,none,mechanism_ok,REJECT,not_matched_to_candidate_or_axis; no_significant_fdr_lincs_signal,nicardipine,False
nicotinamide,3,3,0,0,0,,,,0,0.9999999999996206,1.0,0.9999999380426696,1.0,0.0017689474455745,0.1422684575680339,0.0,0.0,0.151,0.217,NOT_SIGNIFICANT,adj_pvalue_down (rescue-sorted),0,0,,,,False,0,0,SUPPLEMENT_FOOD_GRAS,none (dietary supplement / NDI; not an approved medication),NAD+ precursor; SIRT2 deacetylation of BUBR1 K668 blocks ubiquitylation/proteasomal decay and raises BUBR1 protein in vivo,SIRT2/BUBR1 K668,Tier1-STABILISATION,False,track2_candidates,mechanism_ok,REJECT,regulatory_status=SUPPLEMENT_FOOD_GRAS; no_significant_fdr_lincs_signal,nicotinamide,False
nifedipine,3,3,0,0,0,,,,0,0.9999999999993184,1.0,1.000000001131896,1.0,0.0037104491529274,0.1298676506054251,0.0,0.0,0.014,0.016,NOT_SIGNIFICANT,adj_pvalue_down (rescue-sorted),0,0,,,,False,0,0,UNKNOWN,,,,,False,none,mechanism_ok,REJECT,not_matched_to_candidate_or_axis; no_significant_fdr_lincs_signal,nifedipine,False
nimodipine,8,8,0,3,0,,GSE22206_fibro_case_v_control_100_rescue;GSE22206_fibro_case_v_control_150_rescue;GSE22206_fibro_case_v_control_250_rescue,,0,1.0,1.0,0.1158474800971778,1.0,6.288180472344462e-06,0.0005861570581475,-0.0,-0.0,0.392,1.981,MIMIC,adj_pvalue_down (rescue-sorted),0,0,,,,False,0,0,UNKNOWN,,,,,False,none,mechanism_ok,REJECT,not_matched_to_candidate_or_axis; no_significant_fdr_lincs_signal,nimodipine,False
nisoldipine,1,1,0,0,0,,,,0,1.0,1.0,1.0,1.0,1.0,1.0,0.0,-0.0,0.0,0.0,NOT_SIGNIFICANT,adj_pvalue_down (rescue-sorted),0,0,,,,False,0,0,UNKNOWN,,,,,False,none,mechanism_ok,REJECT,not_matched_to_candidate_or_axis; no_significant_fdr_lincs_signal,nisoldipine,False
norgestrel,2,2,0,0,0,,,,0,0.9999999999997968,1.0,0.7503606001135656,1.0,0.0149740301498997,0.4040540003663931,0.0,0.0,0.628,0.874,NOT_SIGNIFICANT,adj_pvalue_down (rescue-sorted),0,0,,,,False,0,0,UNKNOWN,,,,,False,none,mechanism_ok,REJECT,not_matched_to_candidate_or_axis; no_significant_fdr_lincs_signal,norgestrel,False
nortriptyline,1,1,0,0,0,,,,0,1.0,1.0,1.0,1.0,1.0,1.0,0.0,-0.0,0.0,0.0,NOT_SIGNIFICANT,adj_pvalue_down (rescue-sorted),0,0,,,,False,0,0,UNKNOWN,,,,,False,none,mechanism_ok,REJECT,not_matched_to_candidate_or_axis; no_significant_fdr_lincs_signal,nortriptyline,False
novobiocin,1,1,0,0,0,,,,0,0.9999999999995258,1.0,0.9999999640306634,1.0,0.030275011619501,0.5324068150255642,0.0,0.0,0.131,0.131,NOT_SIGNIFICANT,adj_pvalue_down (rescue-sorted),0,0,,,,False,0,0,UNKNOWN,,,,,False,none,mechanism_ok,REJECT,not_matched_to_candidate_or_axis; no_significant_fdr_lincs_signal,novobiocin,False
olanzapine,2,2,0,0,0,,,,0,1.0,1.0,1.0,1.0,1.0,1.0,0.0,-0.0,0.0,0.0,NOT_SIGNIFICANT,adj_pvalue_down (rescue-sorted),0,0,,,,False,0,0,UNKNOWN,,,,,False,none,mechanism_ok,REJECT,not_matched_to_candidate_or_axis; no_significant_fdr_lincs_signal,olanzapine,False
olmesartan medoxomil,5,5,0,0,0,,,,0,0.9999999999997348,1.0,0.9999999931040005,1.0,0.0008833283118953,0.0516372557950343,0.0,0.0,0.011,0.024,NOT_SIGNIFICANT,adj_pvalue_down (rescue-sorted),0,0,,,,False,0,0,UNKNOWN,,,,,False,none,mechanism_ok,REJECT,not_matched_to_candidate_or_axis; no_significant_fdr_lincs_signal,olmesartan medoxomil,False
omeprazole,1,1,0,0,0,,,,0,1.0,1.0,1.0,1.0,1.0,1.0,0.0,-0.0,0.0,0.0,NOT_SIGNIFICANT,adj_pvalue_down (rescue-sorted),0,0,,,,False,0,0,UNKNOWN,,,,,False,none,mechanism_ok,REJECT,not_matched_to_candidate_or_axis; no_significant_fdr_lincs_signal,omeprazole,False
ondansetron,1,1,0,0,0,,,,0,0.9999999999998732,1.0,0.9993896360562624,1.0,0.0303045090767102,0.6094564297617121,0.0,0.0,0.35,0.35,NOT_SIGNIFICANT,adj_pvalue_down (rescue-sorted),0,0,,,,False,0,0,UNKNOWN,,,,,False,none,mechanism_ok,REJECT,not_matched_to_candidate_or_axis; no_significant_fdr_lincs_signal,ondansetron,False
orciprenaline,2,2,0,1,0,,GSE22206_case_v_control_250_rescue,,0,1.0000000000010625,1.0,0.9710233505300542,1.0,0.0002188872485362,0.0230381515518413,-0.0,-0.0,0.506,0.583,MIMIC,adj_pvalue_down (rescue-sorted),0,0,,,,False,0,0,UNKNOWN,,,,,False,none,mechanism_ok,REJECT,not_matched_to_candidate_or_axis; no_significant_fdr_lincs_signal,orciprenaline,False
oxandrolone,2,2,0,0,0,,,,0,1.000000000000112,1.0,0.9999999609830308,1.0,0.0074664238385356,0.3477961535027336,-0.0,-0.0,0.147,0.171,NOT_SIGNIFICANT,adj_pvalue_down (rescue-sorted),0,0,,,,False,0,0,UNKNOWN,,,,,False,none,mechanism_ok,REJECT,not_matched_to_candidate_or_axis; no_significant_fdr_lincs_signal,oxandrolone,False
oxybutynin,1,1,0,0,0,,,,0,1.0,1.0,1.0,1.0,1.0,1.0,0.0,-0.0,0.0,0.0,NOT_SIGNIFICANT,adj_pvalue_down (rescue-sorted),0,0,,,,False,0,0,UNKNOWN,,,,,False,none,mechanism_ok,REJECT,not_matched_to_candidate_or_axis; no_significant_fdr_lincs_signal,oxybutynin,False
oxymetazoline,1,1,0,0,0,,,,0,1.0,1.0,1.0,1.0,1.0,1.0,0.0,-0.0,0.0,0.0,NOT_SIGNIFICANT,adj_pvalue_down (rescue-sorted),0,0,,,,False,0,0,UNKNOWN,,,,,False,none,mechanism_ok,REJECT,not_matched_to_candidate_or_axis; no_significant_fdr_lincs_signal,oxymetazoline,False
pa 824,2,2,0,0,0,,,,0,0.9999999999996672,1.0,0.993260333203718,1.0,0.0073062837666321,0.3076788971850099,0.0,0.0,0.244,0.487,NOT_SIGNIFICANT,adj_pvalue_down (rescue-sorted),0,0,,,,False,0,0,UNKNOWN,,,,,False,none,mechanism_ok,REJECT,not_matched_to_candidate_or_axis; no_significant_fdr_lincs_signal,pa 824,False
palonosetron,1,1,0,0,0,,,,0,1.0,1.0,1.0,1.0,1.0,1.0,0.0,-0.0,0.0,0.0,NOT_SIGNIFICANT,adj_pvalue_down (rescue-sorted),0,0,,,,False,0,0,UNKNOWN,,,,,False,none,mechanism_ok,REJECT,not_matched_to_candidate_or_axis; no_significant_fdr_lincs_signal,palonosetron,False
paracetamol,4,4,0,0,0,,,,0,0.9999999999989442,1.0,0.9999999658195404,1.0,0.0075399938886969,0.291861033040503,0.0,0.0,0.065,0.155,NOT_SIGNIFICANT,adj_pvalue_down (rescue-sorted),0,0,,,,False,0,0,UNKNOWN,,,,,False,none,mechanism_ok,REJECT,not_matched_to_candidate_or_axis; no_significant_fdr_lincs_signal,paracetamol,False
pemetrexed,5,5,0,5,0,,GSE22206_case_v_control_150_rescue;GSE22206_case_v_control_250_rescue;GSE22206_fibro_case_v_control_100_rescue;GSE22206_fibro_case_v_control_150_rescue;GSE22206_fibro_case_v_control_250_rescue,,0,0.9999999999994106,1.0,0.0227404936286742,1.0,9.49821804216854e-07,9.737832179141428e-05,0.0,0.0,0.658,2.15,MIMIC,adj_pvalue_down (rescue-sorted),0,0,,,,False,0,0,UNKNOWN,,,,,False,none,mechanism_ok,REJECT,not_matched_to_candidate_or_axis; no_significant_fdr_lincs_signal,pemetrexed,False
pentamidine,2,2,0,0,0,,,,0,0.9999999999998428,1.0,0.9995702953027872,1.0,0.0149950247216229,0.4108661696454894,0.0,0.0,0.182,0.363,NOT_SIGNIFICANT,adj_pvalue_down (rescue-sorted),0,0,,,,False,0,0,UNKNOWN,,,,,False,none,mechanism_ok,REJECT,not_matched_to_candidate_or_axis; no_significant_fdr_lincs_signal,pentamidine,False
pentobarbital,1,1,0,0,0,,,,0,1.0000000000002465,1.0,0.4220035253649254,1.0,0.0297368737234242,0.602522879599936,-0.0,-0.0,1.293,1.293,NOT_SIGNIFICANT,adj_pvalue_down (rescue-sorted),0,0,,,,False,0,0,UNKNOWN,,,,,False,none,mechanism_ok,REJECT,not_matched_to_candidate_or_axis; no_significant_fdr_lincs_signal,pentobarbital,False
perindopril,1,1,0,0,0,,,,0,1.0,1.0,1.0,1.0,1.0,1.0,0.0,-0.0,0.0,0.0,NOT_SIGNIFICANT,adj_pvalue_down (rescue-sorted),0,0,,,,False,0,0,UNKNOWN,,,,,False,none,mechanism_ok,REJECT,not_matched_to_candidate_or_axis; no_significant_fdr_lincs_signal,perindopril,False
phenelzine,3,3,0,0,0,,,,0,1.0,1.0,0.9999999873282032,1.0,0.0301359936855514,0.4254931838706273,-0.0,-0.0,0.033,0.079,NOT_SIGNIFICANT,adj_pvalue_down (rescue-sorted),0,0,,,,False,0,0,UNKNOWN,,,,,False,none,mechanism_ok,REJECT,not_matched_to_candidate_or_axis; no_significant_fdr_lincs_signal,phenelzine,False
phensuximide,1,1,0,0,0,,,,0,1.0,1.0,1.0,1.0,1.0,1.0,0.0,-0.0,0.0,0.0,NOT_SIGNIFICANT,adj_pvalue_down (rescue-sorted),0,0,,,,False,0,0,UNKNOWN,,,,,False,none,mechanism_ok,REJECT,not_matched_to_candidate_or_axis; no_significant_fdr_lincs_signal,phensuximide,False
phenylbutyrate,1,1,0,0,0,,,,0,1.0,1.0,1.0,1.0,1.0,1.0,0.0,-0.0,0.0,0.0,NOT_SIGNIFICANT,adj_pvalue_down (rescue-sorted),0,0,,,,False,0,0,APPROVED_MEDICATION,FDA; EMA,Chemical chaperone and HDAC/proteostasis modulator; hydrolysed to phenylbutyric acid; rescues aneuploidy-associated neuronal apoptosis and protein aggregates in human iPSC models,ER stress / proteostasis / HDAC,Tier2-PROTEOSTASIS,True,track2_candidates,mechanism_ok,REJECT,no_significant_fdr_lincs_signal,phenylbutyrate,False
phenylephrine,1,1,0,0,0,,,,0,1.000000000000293,1.0,0.9999999989124968,1.0,0.030392695527432,0.4918987282082528,-0.0,-0.0,0.061,0.061,NOT_SIGNIFICANT,adj_pvalue_down (rescue-sorted),0,0,,,,False,0,0,UNKNOWN,,,,,False,none,mechanism_ok,REJECT,not_matched_to_candidate_or_axis; no_significant_fdr_lincs_signal,phenylephrine,False
pindolol,2,2,0,0,0,,,,0,1.0,1.0,0.9997962875813188,1.0,0.0303685140795631,0.5000843496425292,-0.0,-0.0,0.16,0.32,NOT_SIGNIFICANT,adj_pvalue_down (rescue-sorted),0,0,,,,False,0,0,UNKNOWN,,,,,False,none,mechanism_ok,REJECT,not_matched_to_candidate_or_axis; no_significant_fdr_lincs_signal,pindolol,False
pioglitazone,1,1,0,0,0,,,,0,1.000000000000185,1.0,1.0000000026168885,1.0,0.0306587150989327,0.4777022873951601,-0.0,-0.0,0.011,0.011,NOT_SIGNIFICANT,adj_pvalue_down (rescue-sorted),0,0,,,,False,0,0,UNKNOWN,,,,,False,none,mechanism_ok,REJECT,not_matched_to_candidate_or_axis; no_significant_fdr_lincs_signal,pioglitazone,False
piperacetazine,1,1,0,0,0,,,,0,1.0,1.0,1.0,1.0,1.0,1.0,0.0,-0.0,0.0,0.0,NOT_SIGNIFICANT,adj_pvalue_down (rescue-sorted),0,0,,,,False,0,0,UNKNOWN,,,,,False,none,mechanism_ok,REJECT,not_matched_to_candidate_or_axis; no_significant_fdr_lincs_signal,piperacetazine,False
piperacillin,1,1,0,0,0,,,,0,1.0,1.0,1.0,1.0,1.0,1.0,0.0,-0.0,0.0,0.0,NOT_SIGNIFICANT,adj_pvalue_down (rescue-sorted),0,0,,,,False,0,0,UNKNOWN,,,,,False,none,mechanism_ok,REJECT,not_matched_to_candidate_or_axis; no_significant_fdr_lincs_signal,piperacillin,False
piperazine,2,2,0,0,0,,,,0,1.0,1.0,1.0,1.0,1.0,1.0,0.0,-0.0,0.0,0.0,NOT_SIGNIFICANT,adj_pvalue_down (rescue-sorted),0,0,,,,False,0,0,UNKNOWN,,,,,False,none,mechanism_ok,REJECT,not_matched_to_candidate_or_axis; no_significant_fdr_lincs_signal,piperazine,False
pirfenidone,1,1,0,0,0,,,,0,1.0,1.0,1.0,1.0,1.0,1.0,0.0,-0.0,0.0,0.0,NOT_SIGNIFICANT,adj_pvalue_down (rescue-sorted),0,0,,,,False,0,0,UNKNOWN,,,,,False,none,mechanism_ok,REJECT,not_matched_to_candidate_or_axis; no_significant_fdr_lincs_signal,pirfenidone,False
pitavastatin,1,1,0,0,0,,,,0,1.0,1.0,1.0,1.0,1.0,1.0,0.0,-0.0,0.0,0.0,NOT_SIGNIFICANT,adj_pvalue_down (rescue-sorted),0,0,,,,False,0,0,UNKNOWN,,,,,False,none,mechanism_ok,REJECT,not_matched_to_candidate_or_axis; no_significant_fdr_lincs_signal,pitavastatin,False
pivmecillinam,1,1,0,0,0,,,,0,1.0,1.0,1.0,1.0,1.0,1.0,0.0,-0.0,0.0,0.0,NOT_SIGNIFICANT,adj_pvalue_down (rescue-sorted),0,0,,,,False,0,0,UNKNOWN,,,,,False,none,mechanism_ok,REJECT,not_matched_to_candidate_or_axis; no_significant_fdr_lincs_signal,pivmecillinam,False
pomalidomide,1,1,0,0,0,,,,0,0.9999999999999958,1.0,0.99938396117786,1.0,0.0302870287318032,0.5000843496425292,0.0,0.0,0.351,0.351,NOT_SIGNIFICANT,adj_pvalue_down (rescue-sorted),0,0,,,,False,0,0,UNKNOWN,,,,,False,none,mechanism_ok,REJECT,not_matched_to_candidate_or_axis; no_significant_fdr_lincs_signal,pomalidomide,False
pravastatin,4,4,0,0,0,,,,0,0.9999999999999843,1.0,1.0,1.0,0.0306823441657284,0.3835204929315329,0.0,0.0,0.005,0.01,NOT_SIGNIFICANT,adj_pvalue_down (rescue-sorted),0,0,,,,False,0,0,UNKNOWN,,,,,False,none,mechanism_ok,REJECT,not_matched_to_candidate_or_axis; no_significant_fdr_lincs_signal,pravastatin,False
prazosin,1,1,0,0,0,,,,0,1.0000000000004106,1.0,0.999999961258301,1.0,0.0150178690583224,0.4281770988300921,-0.0,-0.0,0.129,0.129,NOT_SIGNIFICANT,adj_pvalue_down (rescue-sorted),0,0,,,,False,0,0,UNKNOWN,,,,,False,none,mechanism_ok,REJECT,not_matched_to_candidate_or_axis; no_significant_fdr_lincs_signal,prazosin,False
prednisolone,1,1,0,0,0,,,,0,1.0,1.0,1.0,1.0,1.0,1.0,0.0,-0.0,0.0,0.0,NOT_SIGNIFICANT,adj_pvalue_down (rescue-sorted),0,0,,,,False,0,0,UNKNOWN,,,,,False,none,mechanism_ok,REJECT,not_matched_to_candidate_or_axis; no_significant_fdr_lincs_signal,prednisolone,False
prednisone,2,2,0,0,0,,,,0,0.9999999999990372,1.0,0.999999992884284,1.0,0.0074693190837354,0.291861033040503,0.0,0.0,0.098,0.197,NOT_SIGNIFICANT,adj_pvalue_down (rescue-sorted),0,0,,,,False,0,0,UNKNOWN,,,,,False,none,mechanism_ok,REJECT,not_matched_to_candidate_or_axis; no_significant_fdr_lincs_signal,prednisone,False
primaquine,2,2,0,0,0,,,,0,1.0,1.0,1.0,1.0,1.0,1.0,0.0,-0.0,0.0,0.0,NOT_SIGNIFICANT,adj_pvalue_down (rescue-sorted),0,0,,,,False,0,0,UNKNOWN,,,,,False,none,mechanism_ok,REJECT,not_matched_to_candidate_or_axis; no_significant_fdr_lincs_signal,primaquine,False
procaine,1,1,0,0,0,,,,0,1.0,1.0,1.0,1.0,1.0,1.0,0.0,-0.0,0.0,0.0,NOT_SIGNIFICANT,adj_pvalue_down (rescue-sorted),0,0,,,,False,0,0,UNKNOWN,,,,,False,none,mechanism_ok,REJECT,not_matched_to_candidate_or_axis; no_significant_fdr_lincs_signal,procaine,False
progesterone,2,2,0,0,0,,,,0,0.9999999999994668,1.0,0.9999999982467432,1.0,0.0306760892283755,0.4254931838706273,0.0,0.0,0.005,0.01,NOT_SIGNIFICANT,adj_pvalue_down (rescue-sorted),0,0,,,,False,0,0,UNKNOWN,,,,,False,none,mechanism_ok,REJECT,not_matched_to_candidate_or_axis; no_significant_fdr_lincs_signal,progesterone,False
promazine,1,1,0,0,0,,,,0,1.0,1.0,1.0,1.0,1.0,1.0,0.0,-0.0,0.0,0.0,NOT_SIGNIFICANT,adj_pvalue_down (rescue-sorted),0,0,,,,False,0,0,UNKNOWN,,,,,False,none,mechanism_ok,REJECT,not_matched_to_candidate_or_axis; no_significant_fdr_lincs_signal,promazine,False
promethazine,2,2,0,0,0,,,,0,1.0,1.0,1.0,1.0,1.0,1.0,0.0,-0.0,0.0,0.0,NOT_SIGNIFICANT,adj_pvalue_down (rescue-sorted),0,0,,,,False,0,0,UNKNOWN,,,,,False,none,mechanism_ok,REJECT,not_matched_to_candidate_or_axis; no_significant_fdr_lincs_signal,promethazine,False
propranolol,1,1,0,0,0,,,,0,0.9999999999995324,1.0,0.9999999582704991,1.0,0.0300686158821615,0.5324068150255642,0.0,0.0,0.16,0.16,NOT_SIGNIFICANT,adj_pvalue_down (rescue-sorted),0,0,,,,False,0,0,UNKNOWN,,,,,False,none,mechanism_ok,REJECT,not_matched_to_candidate_or_axis; no_significant_fdr_lincs_signal,propranolol,False
propylthiouracil,1,1,0,0,0,,,,0,1.0,1.0,1.0,1.0,1.0,1.0,0.0,-0.0,0.0,0.0,NOT_SIGNIFICANT,adj_pvalue_down (rescue-sorted),0,0,,,,False,0,0,UNKNOWN,,,,,False,none,mechanism_ok,REJECT,not_matched_to_candidate_or_axis; no_significant_fdr_lincs_signal,propylthiouracil,False
pyrazinamide,4,4,0,0,0,,,,0,0.9999999999998426,1.0,0.9999999637283326,1.0,0.0074162849223962,0.291861033040503,0.0,0.0,0.057,0.228,NOT_SIGNIFICANT,adj_pvalue_down (rescue-sorted),0,0,,,,False,0,0,UNKNOWN,,,,,False,none,mechanism_ok,REJECT,not_matched_to_candidate_or_axis; no_significant_fdr_lincs_signal,pyrazinamide,False
quinapril,1,1,0,0,0,,,,0,1.0,1.0,1.0,1.0,1.0,1.0,0.0,-0.0,0.0,0.0,NOT_SIGNIFICANT,adj_pvalue_down (rescue-sorted),0,0,,,,False,0,0,UNKNOWN,,,,,False,none,mechanism_ok,REJECT,not_matched_to_candidate_or_axis; no_significant_fdr_lincs_signal,quinapril,False
quinidine,2,2,0,0,0,,,,0,0.9999999999999106,1.0,0.9999615444061668,1.0,0.0304658355386889,0.5000843496425292,0.0,0.0,0.142,0.285,NOT_SIGNIFICANT,adj_pvalue_down (rescue-sorted),0,0,,,,False,0,0,UNKNOWN,,,,,False,none,mechanism_ok,REJECT,not_matched_to_candidate_or_axis; no_significant_fdr_lincs_signal,quinidine,False
quinine,1,1,0,0,0,,,,0,1.000000000000174,1.0,0.9999738347265312,1.0,0.0304850304850396,0.5000843496425292,-0.0,-0.0,0.278,0.278,NOT_SIGNIFICANT,adj_pvalue_down (rescue-sorted),0,0,,,,False,0,0,UNKNOWN,,,,,False,none,mechanism_ok,REJECT,not_matched_to_candidate_or_axis; no_significant_fdr_lincs_signal,quinine,False
raltegravir,1,1,0,0,0,,,,0,1.0,1.0,1.0,1.0,1.0,1.0,0.0,-0.0,0.0,0.0,NOT_SIGNIFICANT,adj_pvalue_down (rescue-sorted),0,0,,,,False,0,0,UNKNOWN,,,,,False,none,mechanism_ok,REJECT,not_matched_to_candidate_or_axis; no_significant_fdr_lincs_signal,raltegravir,False
ramelteon,2,2,0,0,0,,,,0,1.0000000000001426,1.0,0.9999999912355558,1.0,0.0302101280362198,0.3835204929315329,-0.0,-0.0,0.019,0.019,NOT_SIGNIFICANT,adj_pvalue_down (rescue-sorted),0,0,,,,False,0,0,UNKNOWN,,,,,False,none,mechanism_ok,REJECT,not_matched_to_candidate_or_axis; no_significant_fdr_lincs_signal,ramelteon,False
ramipril,1,1,0,0,0,,,,0,0.9999999999995404,1.0,0.999999991654121,1.0,0.0306449781411284,0.5334206113915053,0.0,0.0,0.132,0.132,NOT_SIGNIFICANT,adj_pvalue_down (rescue-sorted),0,0,,,,False,0,0,UNKNOWN,,,,,False,none,mechanism_ok,REJECT,not_matched_to_candidate_or_axis; no_significant_fdr_lincs_signal,ramipril,False
ranitidine,3,3,0,0,0,,,,0,1.0,1.0,0.9999871421875804,1.0,0.015124231248266,0.4108661696454894,-0.0,-0.0,0.178,0.287,NOT_SIGNIFICANT,adj_pvalue_down (rescue-sorted),0,0,,,,False,0,0,UNKNOWN,,,,,False,none,mechanism_ok,REJECT,not_matched_to_candidate_or_axis; no_significant_fdr_lincs_signal,ranitidine,False
razoxane,1,1,0,0,0,,,,0,1.000000000000029,1.0,0.99999998988552,1.0,0.0144173487259415,0.243140802115362,-0.0,-0.0,0.035,0.035,NOT_SIGNIFICANT,adj_pvalue_down (rescue-sorted),0,0,,,,False,0,0,UNKNOWN,,,,,False,none,mechanism_ok,REJECT,not_matched_to_candidate_or_axis; no_significant_fdr_lincs_signal,razoxane,False
regorafenib,6,6,0,0,0,,,,0,0.9999999999992634,1.0,1.0,1.0,0.0075914037297466,0.1693853159267939,0.0,0.0,0.004,0.01,NOT_SIGNIFICANT,adj_pvalue_down (rescue-sorted),0,0,,,,False,0,0,UNKNOWN,,,,,False,none,mechanism_ok,REJECT,not_matched_to_candidate_or_axis; no_significant_fdr_lincs_signal,regorafenib,False
retapamulin,1,1,0,0,0,,,,0,1.0,1.0,1.0,1.0,1.0,1.0,0.0,-0.0,0.0,0.0,NOT_SIGNIFICANT,adj_pvalue_down (rescue-sorted),0,0,,,,False,0,0,UNKNOWN,,,,,False,none,broad_cancer_kinase,REJECT,not_matched_to_candidate_or_axis; broad_cancer_kinase_not_MVA_axis; no_significant_fdr_lincs_signal,retapamulin,False
ribavirin,2,2,0,0,0,,,,0,1.0,1.0,1.0,1.0,1.0,1.0,0.0,-0.0,0.0,0.0,NOT_SIGNIFICANT,adj_pvalue_down (rescue-sorted),0,0,,,,False,0,0,UNKNOWN,,,,,False,none,mechanism_ok,REJECT,not_matched_to_candidate_or_axis; no_significant_fdr_lincs_signal,ribavirin,False
rifabutin,1,1,0,0,0,,,,0,0.9999999999998976,1.0,0.9999999960073084,1.0,0.0304736279601754,0.4777022873951601,0.0,0.0,0.014,0.014,NOT_SIGNIFICANT,adj_pvalue_down (rescue-sorted),0,0,,,,False,0,0,UNKNOWN,,,,,False,none,mechanism_ok,REJECT,not_matched_to_candidate_or_axis; no_significant_fdr_lincs_signal,rifabutin,False
rifaximin,1,1,0,0,0,,,,0,0.9999999999999382,1.0,0.999572700997942,1.0,0.0303158143037262,0.5000843496425292,0.0,0.0,0.34,0.34,NOT_SIGNIFICANT,adj_pvalue_down (rescue-sorted),0,0,,,,False,0,0,UNKNOWN,,,,,False,none,mechanism_ok,REJECT,not_matched_to_candidate_or_axis; no_significant_fdr_lincs_signal,rifaximin,False
riluzole,6,6,0,0,0,,,,0,0.9999999999997836,1.0,0.9465162557995628,1.0,0.0018305595870736,0.1053074977551513,0.0,0.0,0.192,0.637,NOT_SIGNIFICANT,adj_pvalue_down (rescue-sorted),0,0,,,,False,0,0,UNKNOWN,,,,,False,none,mechanism_ok,REJECT,not_matched_to_candidate_or_axis; no_significant_fdr_lincs_signal,riluzole,False
risperidone,5,5,0,1,0,,GSE22206_fibro_case_v_control_250_rescue,,0,0.9999999999996038,1.0,0.937318471628348,1.0,0.0002159771300646,0.010172030433537,0.0,0.0,0.205,0.654,MIMIC,adj_pvalue_down (rescue-sorted),0,0,,,,False,0,0,UNKNOWN,,,,,False,none,mechanism_ok,REJECT,not_matched_to_candidate_or_axis; no_significant_fdr_lincs_signal,risperidone,False
rita,8,8,0,0,0,,,,0,0.9999999999992796,1.0,0.9999999732892992,1.0,0.0004593190766003,0.0698626000395976,0.0,0.0,0.06,0.26,NOT_SIGNIFICANT,adj_pvalue_down (rescue-sorted),0,0,,,,False,0,0,UNKNOWN,,,,,False,none,mechanism_ok,REJECT,not_matched_to_candidate_or_axis; no_significant_fdr_lincs_signal,rita,False
rizatriptan,2,2,0,0,0,,,,0,1.000000000000009,1.0,0.9999999943509996,1.0,0.0150271601219162,0.2669216921682224,-0.0,-0.0,0.016,0.017,NOT_SIGNIFICANT,adj_pvalue_down (rescue-sorted),0,0,,,,False,0,0,UNKNOWN,,,,,False,none,mechanism_ok,REJECT,not_matched_to_candidate_or_axis; no_significant_fdr_lincs_signal,rizatriptan,False
roflumilast,7,7,0,0,0,,,,0,1.000000000000858,1.0,0.0002006811925924,0.1274660041616248,0.0008971370790523,0.0628387910165974,-0.0,-0.0,0.986,4.899,NOT_SIGNIFICANT,adj_pvalue_down (rescue-sorted),0,0,,,,False,0,0,UNKNOWN,,,,,False,none,mechanism_ok,REJECT,not_matched_to_candidate_or_axis; no_significant_fdr_lincs_signal,roflumilast,False
rosiglitazone,2,2,0,0,0,,,,0,0.9999999999996452,1.0,0.9999999640457355,1.0,0.003750129788578,0.2197721896039215,0.0,0.0,0.111,0.152,NOT_SIGNIFICANT,adj_pvalue_down (rescue-sorted),0,0,,,,False,0,0,UNKNOWN,,,,,False,none,mechanism_ok,REJECT,not_matched_to_candidate_or_axis; no_significant_fdr_lincs_signal,rosiglitazone,False
rosuvastatin,1,1,0,0,0,,,,0,1.0,1.0,1.0,1.0,1.0,1.0,0.0,-0.0,0.0,0.0,NOT_SIGNIFICANT,adj_pvalue_down (rescue-sorted),0,0,,,,False,0,0,UNKNOWN,,,,,False,none,mechanism_ok,REJECT,not_matched_to_candidate_or_axis; no_significant_fdr_lincs_signal,rosuvastatin,False
sacubitril,1,1,0,0,0,,,,0,1.0,1.0,1.0,1.0,1.0,1.0,0.0,-0.0,0.0,0.0,NOT_SIGNIFICANT,adj_pvalue_down (rescue-sorted),0,0,,,,False,0,0,UNKNOWN,,,,,False,none,mechanism_ok,REJECT,not_matched_to_candidate_or_axis; no_significant_fdr_lincs_signal,sacubitril,False
safinamide,1,1,0,0,0,,,,0,1.0,1.0,1.0,1.0,1.0,1.0,0.0,-0.0,0.0,0.0,NOT_SIGNIFICANT,adj_pvalue_down (rescue-sorted),0,0,,,,False,0,0,UNKNOWN,,,,,False,none,mechanism_ok,REJECT,not_matched_to_candidate_or_axis; no_significant_fdr_lincs_signal,safinamide,False
saxagliptin,2,2,0,0,0,,,,0,0.9999999999997848,1.0,0.0973129397146665,1.0,0.0075041451848732,0.3076788971850099,0.0,0.0,1.29,2.287,NOT_SIGNIFICANT,adj_pvalue_down (rescue-sorted),0,0,,,,False,0,0,UNKNOWN,,,,,False,none,mechanism_ok,REJECT,not_matched_to_candidate_or_axis; no_significant_fdr_lincs_signal,saxagliptin,False
secnidazole,1,1,0,0,0,,,,0,1.0000000000003226,1.0,1.0000000052698677,1.0,0.0306378674974812,0.4777022873951601,-0.0,-0.0,0.011,0.011,NOT_SIGNIFICANT,adj_pvalue_down (rescue-sorted),0,0,,,,False,0,0,UNKNOWN,,,,,False,none,mechanism_ok,REJECT,not_matched_to_candidate_or_axis; no_significant_fdr_lincs_signal,secnidazole,False
sibutramine,1,1,0,0,0,,,,0,1.0,1.0,1.0,1.0,1.0,1.0,0.0,-0.0,0.0,0.0,NOT_SIGNIFICANT,adj_pvalue_down (rescue-sorted),0,0,,,,False,0,0,UNKNOWN,,,,,False,none,mechanism_ok,REJECT,not_matched_to_candidate_or_axis; no_significant_fdr_lincs_signal,sibutramine,False
sitagliptin,1,1,0,0,0,,,,0,0.9999999999999,1.0,0.9999999950344578,1.0,0.0150589239028156,0.3925736407145438,0.0,0.0,0.063,0.063,NOT_SIGNIFICANT,adj_pvalue_down (rescue-sorted),0,0,,,,False,0,0,UNKNOWN,,,,,False,none,mechanism_ok,REJECT,not_matched_to_candidate_or_axis; no_significant_fdr_lincs_signal,sitagliptin,False
sonidegib,1,1,0,0,0,,,,0,1.0,1.0,1.0,1.0,1.0,1.0,0.0,-0.0,0.0,0.0,NOT_SIGNIFICANT,adj_pvalue_down (rescue-sorted),0,0,,,,False,0,0,UNKNOWN,,,,,False,none,mechanism_ok,REJECT,not_matched_to_candidate_or_axis; no_significant_fdr_lincs_signal,sonidegib,False
spironolactone,2,2,0,0,0,,,,0,0.9999999999997836,1.0,0.999999991434003,1.0,0.0018305595870736,0.1422684575680339,0.0,0.0,0.094,0.12,NOT_SIGNIFICANT,adj_pvalue_down (rescue-sorted),0,0,,,,False,0,0,UNKNOWN,,,,,False,none,mechanism_ok,REJECT,not_matched_to_candidate_or_axis; no_significant_fdr_lincs_signal,spironolactone,False
sufentanil,2,2,0,0,0,,,,0,1.0,1.0,1.0,1.0,1.0,1.0,0.0,-0.0,0.0,0.0,NOT_SIGNIFICANT,adj_pvalue_down (rescue-sorted),0,0,,,,False,0,0,UNKNOWN,,,,,False,none,mechanism_ok,REJECT,not_matched_to_candidate_or_axis; no_significant_fdr_lincs_signal,sufentanil,False
sulfadoxine,2,2,0,0,0,,,,0,1.0,1.0,1.0,1.0,1.0,1.0,0.0,-0.0,0.0,0.0,NOT_SIGNIFICANT,adj_pvalue_down (rescue-sorted),0,0,,,,False,0,0,UNKNOWN,,,,,False,none,mechanism_ok,REJECT,not_matched_to_candidate_or_axis; no_significant_fdr_lincs_signal,sulfadoxine,False
sulindac,1,1,0,0,0,,,,0,1.0,1.0,1.0,1.0,1.0,1.0,0.0,-0.0,0.0,0.0,NOT_SIGNIFICANT,adj_pvalue_down (rescue-sorted),0,0,,,,False,0,0,UNKNOWN,,,,,False,none,mechanism_ok,REJECT,not_matched_to_candidate_or_axis; no_significant_fdr_lincs_signal,sulindac,False
sumatriptan,2,2,0,0,0,,,,0,1.0000000000002378,1.0,0.9999999628510516,1.0,0.0149476965675365,0.3925736407145438,-0.0,-0.0,0.11,0.145,NOT_SIGNIFICANT,adj_pvalue_down (rescue-sorted),0,0,,,,False,0,0,UNKNOWN,,,,,False,none,mechanism_ok,REJECT,not_matched_to_candidate_or_axis; no_significant_fdr_lincs_signal,sumatriptan,False
tacrine,1,1,0,0,0,,,,0,0.999999999999919,1.0,1.0000000061662428,1.0,0.0306631565082217,0.3835204929315329,0.0,0.0,0.01,0.01,NOT_SIGNIFICANT,adj_pvalue_down (rescue-sorted),0,0,,,,False,0,0,UNKNOWN,,,,,False,none,mechanism_ok,REJECT,not_matched_to_candidate_or_axis; no_significant_fdr_lincs_signal,tacrine,False
tacrolimus,3,3,0,0,0,,,,0,0.9999999999997802,1.0,0.9999999873929484,1.0,0.0075908062390497,0.1445692082367948,0.0,0.0,0.076,0.209,NOT_SIGNIFICANT,adj_pvalue_down (rescue-sorted),0,0,,,,False,0,0,APPROVED_MEDICATION,,FK506-binding protein 1A inhibitor,FK506-binding protein 1A inhibitor,,True,chembl_axis_approved,mechanism_ok,REJECT,no_significant_fdr_lincs_signal,tacrolimus,False
tadalafil,1,1,0,0,0,,,,0,0.9999999999995168,1.0,0.9999999911213094,1.0,0.0151957621966202,0.3896516539537614,0.0,0.0,0.148,0.148,NOT_SIGNIFICANT,adj_pvalue_down (rescue-sorted),0,0,,,,False,0,0,UNKNOWN,,,,,False,none,mechanism_ok,REJECT,not_matched_to_candidate_or_axis; no_significant_fdr_lincs_signal,tadalafil,False
tazarotene,1,1,0,0,0,,,,0,1.0,1.0,1.0,1.0,1.0,1.0,0.0,-0.0,0.0,0.0,NOT_SIGNIFICANT,adj_pvalue_down (rescue-sorted),0,0,,,,False,0,0,UNKNOWN,,,,,False,none,mechanism_ok,REJECT,not_matched_to_candidate_or_axis; no_significant_fdr_lincs_signal,tazarotene,False
telbivudine,1,1,0,0,0,,,,0,1.0,1.0,1.0,1.0,1.0,1.0,0.0,-0.0,0.0,0.0,NOT_SIGNIFICANT,adj_pvalue_down (rescue-sorted),0,0,,,,False,0,0,UNKNOWN,,,,,False,none,mechanism_ok,REJECT,not_matched_to_candidate_or_axis; no_significant_fdr_lincs_signal,telbivudine,False
telmisartan,2,2,0,0,0,,,,0,1.0,1.0,0.9999999977905736,1.0,0.0305405983017335,0.4777022873951601,-0.0,-0.0,0.006,0.013,NOT_SIGNIFICANT,adj_pvalue_down (rescue-sorted),0,0,,,,False,0,0,UNKNOWN,,,,,False,none,mechanism_ok,REJECT,not_matched_to_candidate_or_axis; no_significant_fdr_lincs_signal,telmisartan,False
temazepam,1,1,0,0,0,,,,0,1.0,1.0,1.0,1.0,1.0,1.0,0.0,-0.0,0.0,0.0,NOT_SIGNIFICANT,adj_pvalue_down (rescue-sorted),0,0,,,,False,0,0,UNKNOWN,,,,,False,none,mechanism_ok,REJECT,not_matched_to_candidate_or_axis; no_significant_fdr_lincs_signal,temazepam,False
temozolomide,10,10,0,1,0,,GSE22206_LCL_case_v_control_250_rescue,,0,0.9999999999989304,1.0,0.9998648558885724,1.0,0.0002305060670386,0.0396392678664295,0.0,0.0,0.08,0.391,MIMIC,adj_pvalue_down (rescue-sorted),0,0,,,,False,0,0,UNKNOWN,,,,,False,none,mechanism_ok,REJECT,not_matched_to_candidate_or_axis; no_significant_fdr_lincs_signal,temozolomide,False
terbinafine,1,1,0,0,0,,,,0,1.0,1.0,1.0,1.0,1.0,1.0,0.0,-0.0,0.0,0.0,NOT_SIGNIFICANT,adj_pvalue_down (rescue-sorted),0,0,,,,False,0,0,UNKNOWN,,,,,False,none,mechanism_ok,REJECT,not_matched_to_candidate_or_axis; no_significant_fdr_lincs_signal,terbinafine,False
testosterone,4,4,0,0,0,,,,0,1.0,1.0,0.9999999632518936,1.0,0.0152277704188646,0.3925736407145438,-0.0,-0.0,0.032,0.084,NOT_SIGNIFICANT,adj_pvalue_down (rescue-sorted),0,0,,,,False,0,0,UNKNOWN,,,,,False,none,mechanism_ok,REJECT,not_matched_to_candidate_or_axis; no_significant_fdr_lincs_signal,testosterone,False
tetracaine,1,1,0,0,0,,,,0,1.0000000000000795,1.0,0.999999995086641,1.0,0.0149275438212899,0.3925736407145438,-0.0,-0.0,0.078,0.078,NOT_SIGNIFICANT,adj_pvalue_down (rescue-sorted),0,0,,,,False,0,0,UNKNOWN,,,,,False,none,mechanism_ok,REJECT,not_matched_to_candidate_or_axis; no_significant_fdr_lincs_signal,tetracaine,False
thiothixene,1,1,0,0,0,,,,0,1.0,1.0,1.0,1.0,1.0,1.0,0.0,-0.0,0.0,0.0,NOT_SIGNIFICANT,adj_pvalue_down (rescue-sorted),0,0,,,,False,0,0,UNKNOWN,,,,,False,none,mechanism_ok,REJECT,not_matched_to_candidate_or_axis; no_significant_fdr_lincs_signal,thiothixene,False
ticlopidine,1,1,0,0,0,,,,0,1.0,1.0,1.0,1.0,1.0,1.0,0.0,-0.0,0.0,0.0,NOT_SIGNIFICANT,adj_pvalue_down (rescue-sorted),0,0,,,,False,0,0,UNKNOWN,,,,,False,none,mechanism_ok,REJECT,not_matched_to_candidate_or_axis; no_significant_fdr_lincs_signal,ticlopidine,False
timolol,2,2,0,0,0,,,,0,0.9999999999999106,1.0,0.9999999605181294,1.0,0.0304658355386889,0.5324068150255642,0.0,0.0,0.053,0.105,NOT_SIGNIFICANT,adj_pvalue_down (rescue-sorted),0,0,,,,False,0,0,UNKNOWN,,,,,False,none,mechanism_ok,REJECT,not_matched_to_candidate_or_axis; no_significant_fdr_lincs_signal,timolol,False
tipiracil,2,2,0,0,0,,,,0,0.9999999999998078,1.0,0.99904857381018,1.0,0.030250054631156,0.5000843496425292,0.0,0.0,0.182,0.364,NOT_SIGNIFICANT,adj_pvalue_down (rescue-sorted),0,0,,,,False,0,0,UNKNOWN,,,,,False,none,mechanism_ok,REJECT,not_matched_to_candidate_or_axis; no_significant_fdr_lincs_signal,tipiracil,False
tirofiban,1,1,0,0,0,,,,0,1.0,1.0,1.0,1.0,1.0,1.0,0.0,-0.0,0.0,0.0,NOT_SIGNIFICANT,adj_pvalue_down (rescue-sorted),0,0,,,,False,0,0,UNKNOWN,,,,,False,none,mechanism_ok,REJECT,not_matched_to_candidate_or_axis; no_significant_fdr_lincs_signal,tirofiban,False
tofacitinib,2,2,0,0,0,,,,0,0.999999999998165,1.0,1.0000000119251666,1.0,0.0018658477399051,0.1053074977551513,0.0,0.0,0.183,0.25,NOT_SIGNIFICANT,adj_pvalue_down (rescue-sorted),0,0,,,,False,0,0,UNKNOWN,,,,,False,none,mechanism_ok,REJECT,not_matched_to_candidate_or_axis; no_significant_fdr_lincs_signal,tofacitinib,False
tolazamide,2,2,0,0,0,,,,0,1.000000000000162,1.0,0.999999842935369,1.0,0.0152236896328657,0.4108661696454894,-0.0,-0.0,0.12,0.23,NOT_SIGNIFICANT,adj_pvalue_down (rescue-sorted),0,0,,,,False,0,0,UNKNOWN,,,,,False,none,mechanism_ok,REJECT,not_matched_to_candidate_or_axis; no_significant_fdr_lincs_signal,tolazamide,False
topiramate,1,1,0,0,0,,,,0,0.9999999999995576,1.0,0.6785120263832993,1.0,0.0149191429300667,0.4140006316106816,0.0,0.0,0.949,0.949,NOT_SIGNIFICANT,adj_pvalue_down (rescue-sorted),0,0,,,,False,0,0,UNKNOWN,,,,,False,none,mechanism_ok,REJECT,not_matched_to_candidate_or_axis; no_significant_fdr_lincs_signal,topiramate,False
topotecan,1,1,0,0,0,,,,0,1.0,1.0,1.0,1.0,1.0,1.0,0.0,-0.0,0.0,0.0,NOT_SIGNIFICANT,adj_pvalue_down (rescue-sorted),0,0,,,,False,0,0,UNKNOWN,,,,,False,none,cytotoxic_cancer,REJECT,not_matched_to_candidate_or_axis; cytotoxic_or_cancer_mechanism; no_significant_fdr_lincs_signal,topotecan,False
toremifene,1,1,0,0,0,,,,0,1.0000000000000653,1.0,0.9999999593462618,1.0,0.0305438044618032,0.5324068150255642,-0.0,-0.0,0.095,0.095,NOT_SIGNIFICANT,adj_pvalue_down (rescue-sorted),0,0,,,,False,0,0,UNKNOWN,,,,,False,none,mechanism_ok,REJECT,not_matched_to_candidate_or_axis; no_significant_fdr_lincs_signal,toremifene,False
tranylcypromine,5,5,0,1,0,,GSE22206_fibro_case_v_control_250_rescue,,0,1.000000000000673,1.0,0.9882371942349356,1.0,0.0004460148091119,0.017471638113674,-0.0,-0.0,0.147,0.503,MIMIC,adj_pvalue_down (rescue-sorted),0,0,,,,False,0,0,UNKNOWN,,,,,False,none,mechanism_ok,REJECT,not_matched_to_candidate_or_axis; no_significant_fdr_lincs_signal,tranylcypromine,False
trazodone,2,2,0,0,0,,,,0,1.0,1.0,0.9169988310348254,1.0,0.0304697512042083,0.602522879599936,-0.0,-0.0,0.329,0.659,NOT_SIGNIFICANT,adj_pvalue_down (rescue-sorted),0,0,,,,False,0,0,UNKNOWN,,,,,False,none,mechanism_ok,REJECT,not_matched_to_candidate_or_axis; no_significant_fdr_lincs_signal,trazodone,False
tretinoin,6,6,0,2,0,,GSE22206_case_v_control_150_rescue;GSE22206_case_v_control_250_rescue,,0,0.999999999996814,1.0,0.4788415042184329,1.0,3.837934836751749e-07,0.0001370382607647,0.0,0.0,0.247,1.053,MIMIC,adj_pvalue_down (rescue-sorted),0,0,,,,False,0,0,UNKNOWN,,,,,False,none,broad_cancer_kinase,REJECT,not_matched_to_candidate_or_axis; broad_cancer_kinase_not_MVA_axis; no_significant_fdr_lincs_signal,tretinoin,False
triamcinolone,1,1,0,0,0,,,,0,1.0,1.0,1.0,1.0,1.0,1.0,0.0,-0.0,0.0,0.0,NOT_SIGNIFICANT,adj_pvalue_down (rescue-sorted),0,0,,,,False,0,0,UNKNOWN,,,,,False,none,mechanism_ok,REJECT,not_matched_to_candidate_or_axis; no_significant_fdr_lincs_signal,triamcinolone,False
triclosan,1,1,0,0,0,,,,0,1.0000000000002025,1.0,0.9999999986973808,1.0,0.030402000671871,0.4918987282082528,-0.0,-0.0,0.06,0.06,NOT_SIGNIFICANT,adj_pvalue_down (rescue-sorted),0,0,,,,False,0,0,UNKNOWN,,,,,False,none,mechanism_ok,REJECT,not_matched_to_candidate_or_axis; no_significant_fdr_lincs_signal,triclosan,False
trimethobenzamide,1,1,0,0,0,,,,0,1.0,1.0,1.0,1.0,1.0,1.0,0.0,-0.0,0.0,0.0,NOT_SIGNIFICANT,adj_pvalue_down (rescue-sorted),0,0,,,,False,0,0,UNKNOWN,,,,,False,none,mechanism_ok,REJECT,not_matched_to_candidate_or_axis; no_significant_fdr_lincs_signal,trimethobenzamide,False
trimipramine,1,1,0,0,0,,,,0,1.0,1.0,1.0,1.0,1.0,1.0,0.0,-0.0,0.0,0.0,NOT_SIGNIFICANT,adj_pvalue_down (rescue-sorted),0,0,,,,False,0,0,UNKNOWN,,,,,False,none,mechanism_ok,REJECT,not_matched_to_candidate_or_axis; no_significant_fdr_lincs_signal,trimipramine,False
triptorelin,1,1,0,0,0,,,,0,0.9999999999998078,1.0,0.9999999935619552,1.0,0.030250054631156,0.4918987282082528,0.0,0.0,0.071,0.071,NOT_SIGNIFICANT,adj_pvalue_down (rescue-sorted),0,0,,,,False,0,0,UNKNOWN,,,,,False,none,mechanism_ok,REJECT,not_matched_to_candidate_or_axis; no_significant_fdr_lincs_signal,triptorelin,False
tyloxapol,1,1,0,0,0,,,,0,1.0,1.0,1.0,1.0,1.0,1.0,0.0,-0.0,0.0,0.0,NOT_SIGNIFICANT,adj_pvalue_down (rescue-sorted),0,0,,,,False,0,0,UNKNOWN,,,,,False,none,mechanism_ok,REJECT,not_matched_to_candidate_or_axis; no_significant_fdr_lincs_signal,tyloxapol,False
urea,2,2,0,0,0,,,,0,0.9999999999997868,1.0,0.999979546417943,1.0,0.0300222036754111,0.5324068150255642,0.0,0.0,0.218,0.27,NOT_SIGNIFICANT,adj_pvalue_down (rescue-sorted),0,0,,,,False,0,0,UNKNOWN,,,,,False,none,mechanism_ok,REJECT,not_matched_to_candidate_or_axis; no_significant_fdr_lincs_signal,urea,False
valdecoxib,7,7,0,2,0,,GSE22206_fibro_case_v_control_150_rescue;GSE22206_fibro_case_v_control_250_rescue,,0,1.0,1.0,0.9871608098988868,1.0,0.000215476730404,0.010172030433537,-0.0,-0.0,0.126,0.486,MIMIC,adj_pvalue_down (rescue-sorted),0,0,,,,False,0,0,UNKNOWN,,,,,False,none,mechanism_ok,REJECT,not_matched_to_candidate_or_axis; no_significant_fdr_lincs_signal,valdecoxib,False
varenicline,2,2,0,0,0,,,,0,0.9999999999999818,1.0,0.9999999987048956,1.0,0.0150971665074343,0.243140802115362,0.0,0.0,0.007,0.015,NOT_SIGNIFICANT,adj_pvalue_down (rescue-sorted),0,0,,,,False,0,0,UNKNOWN,,,,,False,none,mechanism_ok,REJECT,not_matched_to_candidate_or_axis; no_significant_fdr_lincs_signal,varenicline,False
venlafaxine,2,2,0,0,0,,,,0,1.0000000000003129,1.0,0.9999999619379498,1.0,0.0073853432528724,0.3110424841696662,-0.0,-0.0,0.115,0.151,NOT_SIGNIFICANT,adj_pvalue_down (rescue-sorted),0,0,,,,False,0,0,UNKNOWN,,,,,False,none,mechanism_ok,REJECT,not_matched_to_candidate_or_axis; no_significant_fdr_lincs_signal,venlafaxine,False
verapamil,2,2,0,0,0,,,,0,0.9999999999993092,1.0,0.997759562617872,1.0,0.0307754423878885,0.3835204929315329,0.0,0.0,0.203,0.399,NOT_SIGNIFICANT,adj_pvalue_down (rescue-sorted),0,0,,,,False,0,0,UNKNOWN,,,,,False,none,mechanism_ok,REJECT,not_matched_to_candidate_or_axis; no_significant_fdr_lincs_signal,verapamil,False
vilazodone,1,1,0,0,0,,,,0,1.0,1.0,1.0,1.0,1.0,1.0,0.0,-0.0,0.0,0.0,NOT_SIGNIFICANT,adj_pvalue_down (rescue-sorted),0,0,,,,False,0,0,UNKNOWN,,,,,False,none,mechanism_ok,REJECT,not_matched_to_candidate_or_axis; no_significant_fdr_lincs_signal,vilazodone,False
vincristine,3,3,0,1,0,,GSE22206_fibro_case_v_control_250_rescue,,0,0.999999999999995,1.0,0.9999999842876868,1.0,0.001502979567923,0.0464379508965824,0.0,0.0,0.07,0.07,MIMIC,adj_pvalue_down (rescue-sorted),0,0,,,,False,0,0,UNKNOWN,,,,,False,none,cytotoxic_cancer,REJECT,not_matched_to_candidate_or_axis; cytotoxic_or_cancer_mechanism; no_significant_fdr_lincs_signal,vincristine,False
vinorelbine,2,2,0,1,0,,GSE22206_fibro_case_v_control_250_rescue,,0,0.9999999999998956,1.0,0.9999999928164658,1.0,0.0013596006184412,0.0425913777068646,0.0,0.0,0.08,0.096,MIMIC,adj_pvalue_down (rescue-sorted),0,0,,,,False,0,0,UNKNOWN,,,,,False,none,mechanism_ok,REJECT,not_matched_to_candidate_or_axis; no_significant_fdr_lincs_signal,vinorelbine,False
voriconazole,3,3,0,0,0,,,,0,0.9999999999998976,1.0,0.999999959619292,1.0,0.0150449145596845,0.3896516539537614,-0.0,0.0,0.102,0.201,NOT_SIGNIFICANT,adj_pvalue_down (rescue-sorted),0,0,,,,False,0,0,UNKNOWN,,,,,False,none,mechanism_ok,REJECT,not_matched_to_candidate_or_axis; no_significant_fdr_lincs_signal,voriconazole,False
vx 809,1,1,0,0,0,,,,0,1.0,1.0,1.0,1.0,1.0,1.0,0.0,-0.0,0.0,0.0,NOT_SIGNIFICANT,adj_pvalue_down (rescue-sorted),0,0,,,,False,0,0,UNKNOWN,,,,,False,none,mechanism_ok,REJECT,not_matched_to_candidate_or_axis; no_significant_fdr_lincs_signal,vx 809,False
zafirlukast,3,3,0,0,0,,,,0,1.0,1.0,0.9062373378484946,1.0,0.0304497718259922,0.602522879599936,-0.0,-0.0,0.225,0.676,NOT_SIGNIFICANT,adj_pvalue_down (rescue-sorted),0,0,,,,False,0,0,UNKNOWN,,,,,False,none,mechanism_ok,REJECT,not_matched_to_candidate_or_axis; no_significant_fdr_lincs_signal,zafirlukast,False
zaleplon,3,3,0,0,0,,,,0,0.9999999999990372,1.0,0.9999615583816488,1.0,0.0074693190837354,0.3076788971850099,0.0,0.0,0.109,0.327,NOT_SIGNIFICANT,adj_pvalue_down (rescue-sorted),0,0,,,,False,0,0,UNKNOWN,,,,,False,none,mechanism_ok,REJECT,not_matched_to_candidate_or_axis; no_significant_fdr_lincs_signal,zaleplon,False
zidovudine,1,1,0,0,0,,,,0,1.0,1.0,1.0,1.0,1.0,1.0,0.0,-0.0,0.0,0.0,NOT_SIGNIFICANT,adj_pvalue_down (rescue-sorted),0,0,,,,False,0,0,UNKNOWN,,,,,False,none,mechanism_ok,REJECT,not_matched_to_candidate_or_axis; no_significant_fdr_lincs_signal,zidovudine,False
zileuton,4,4,0,0,0,,,,0,0.999999999999852,1.0,0.9169988310348254,1.0,0.0036372796311365,0.1654444157196352,-0.0,0.0,0.284,0.659,NOT_SIGNIFICANT,adj_pvalue_down (rescue-sorted),0,0,,,,False,0,0,UNKNOWN,,,,,False,none,mechanism_ok,REJECT,not_matched_to_candidate_or_axis; no_significant_fdr_lincs_signal,zileuton,False
ziprasidone,4,4,0,1,0,,GSE22206_fibro_case_v_control_100_rescue,,0,0.9999999999996134,1.0,0.9999999951059284,1.0,0.0004277363774647,0.0291149747741914,0.0,0.0,0.017,0.028,MIMIC,adj_pvalue_down (rescue-sorted),0,0,,,,False,0,0,UNKNOWN,,,,,False,none,mechanism_ok,REJECT,not_matched_to_candidate_or_axis; no_significant_fdr_lincs_signal,ziprasidone,False
zolpidem,3,3,0,0,0,,,,0,1.0000000000003826,1.0,1.0000000075886817,1.0,0.0076357147418485,0.291861033040503,-0.0,-0.0,0.037,0.1,NOT_SIGNIFICANT,adj_pvalue_down (rescue-sorted),0,0,,,,False,0,0,UNKNOWN,,,,,False,none,mechanism_ok,REJECT,not_matched_to_candidate_or_axis; no_significant_fdr_lincs_signal,zolpidem,False
