drug,l2s2_n_total,l2s2_n_signatures,l2s2_n_significant,l2s2_n_significant_mimic,l2s2_n_significant_general,l2s2_signatures,l2s2_mimic_signatures,l2s2_general_signatures,l2s2_n_sig_pval,l2s2_min_pvalue,l2s2_min_adj_pvalue,l2s2_min_pvalue_general,l2s2_min_adj_pvalue_general,l2s2_min_pvalue_up,l2s2_min_adj_pvalue_up,l2s2_mean_neglog10p,l2s2_max_neglog10p,l2s2_mean_odds_ratio,l2s2_max_odds_ratio,l2s2_direction,l2s2_retrieval_sort,l1k_n_total,l1k_n_signatures,l1k_signatures,l1k_mean_score,l1k_max_score,l1k_false_rescue,n_engines,n_total_signatures,regulatory_status,approved_jurisdiction,mechanism,target_axis,candidate_tier,lincs_eligible,lookup_source,mechanism_flag,firewall_status,firewall_reason,lincs_drug,signature_has_nominal_genes
sirolimus,13,5,1,4,2,GSE22206_case_v_control,GSE134780_HH_v_WT_fat;GSE22206_LCL_case_v_control;GSE22206_case_v_control;GSE22206_fibro_case_v_control,GSE134780_HL1002P_v_WT_fat;GSE22206_case_v_control,1,6.685510126033126e-07,9.14294157539015e-05,6.864188438675189e-11,1.106360086562183e-08,3.794116195671237e-17,1.079805469288034e-13,0.49,6.175,0.673,2.464,MIXED,"pvalue_up (mimic-sorted, default)",5,3,GSE134780_HH_v_WT_muscle;GSE134780_HL1002P_v_WT_fat;GSE134781_hetL1002P_v_WT,0.04522,0.0519,False,2,4,APPROVED_MEDICATION,FDA; EMA,mTORC1 inhibition; fly TOR-depletion / larval rapamycin rescued aneuploid neuroblast COUNTS (not brain size),MTORC1/autophagy via FKBP1A,Tier2-AUTOPHAGY,True,track2_candidates,mechanism_ok,WEAK,mixed_l2s2_directionality_reverse_and_mimic,sirolimus,True
dasatinib,10,4,1,2,0,GSE22206_case_v_control,GSE134780_HH_v_WT_fat;GSE22206_LCL_case_v_control,,1,9.690845394164226e-08,1.508096043581488e-05,0.0021578261881938,0.4317528746986188,6.5664553373986665e-21,3.18741671147264e-17,0.705,7.014,0.697,1.928,MIXED,"pvalue_up (mimic-sorted, default)",3,1,GSE22206_fibro_case_v_control,0.14983,0.1623,False,2,2,APPROVED_MEDICATION,FDA; EMA,Approved tyrosine-kinase inhibitor for Ph+ CML and ALL; used as the approved component of a dasatinib + quercetin senolytic adjunct,BCR-ABL / SRC / senolytic adjunct,Tier2-SENESCENCE (adjunct),True,track2_candidates,mechanism_ok,WEAK,mixed_l2s2_directionality_reverse_and_mimic,dasatinib,True
niclosamide,1,1,1,0,1,GSE22206_case_v_control,,GSE22206_case_v_control,1,8.941451739724977e-09,1.9215605572085157e-06,2.6635007471663414e-11,5.008491196650708e-09,0.9999999999997012,1.0,8.049,8.049,5.431,5.431,REVERSE,"pvalue_up (mimic-sorted, default)",16,2,GSE22206_LCL_case_v_control;GSE22206_case_v_control,0.09448,0.1392,False,2,3,UNKNOWN,,,,,False,none,mechanism_ok,REJECT,not_matched_to_candidate_or_axis,niclosamide,True
afatinib,7,3,1,2,1,GSE22206_case_v_control,GSE134780_HH_v_WT_fat;GSE22206_LCL_case_v_control,GSE22206_case_v_control,1,3.7704328364119397e-14,2.430851912961012e-11,1.1794134994873364e-07,1.0945975058879976e-05,1.8795237890666248e-10,1.6787279976013406e-07,1.918,13.424,1.161,2.983,MIXED,"pvalue_up (mimic-sorted, default)",14,1,GSE22206_fibro_case_v_control,0.16444,0.1982,False,2,2,UNKNOWN,,,,,False,none,mechanism_ok,REJECT,not_matched_to_candidate_or_axis; mixed_l2s2_directionality_reverse_and_mimic,afatinib,True
neratinib,4,2,1,0,1,GSE22206_case_v_control,,GSE22206_case_v_control,1,6.774856349024576e-11,2.3519174387036852e-08,8.228444281493455e-12,1.7683318591609502e-09,0.0076503877036401,0.3105094554827977,2.69,10.169,2.657,4.482,REVERSE,"pvalue_up (mimic-sorted, default)",1,1,GSE22206_fibro_case_v_control,0.1623,0.1623,False,2,2,UNKNOWN,,,,,False,none,mechanism_ok,REJECT,not_matched_to_candidate_or_axis,neratinib,True
sorafenib,7,5,1,0,1,GSE22206_case_v_control,,GSE22206_case_v_control,1,1.256334119547039e-06,0.0001492062074083,0.0002392586033968,0.0114869582673411,0.0076941306505678,0.2620267381293468,0.859,5.901,0.745,2.35,REVERSE,"pvalue_up (mimic-sorted, default)",1,1,GSE134781_hetX753_v_WT,0.0219,0.0219,False,2,2,UNKNOWN,,,,,False,none,mechanism_ok,REJECT,not_matched_to_candidate_or_axis,sorafenib,True
erlotinib,9,5,1,2,0,GSE22206_case_v_control,GSE134780_HH_v_WT_fat;GSE22206_LCL_case_v_control,,1,2.6046281155101053e-06,0.0002733648066348,0.0356131310415068,1.0,1.7677302554685483e-06,0.0008090470862471,0.636,5.584,0.487,1.694,MIXED,"pvalue_up (mimic-sorted, default)",7,1,GSE22206_fibro_case_v_control,0.14961,0.1558,False,2,2,UNKNOWN,,,,,False,none,mechanism_ok,REJECT,not_matched_to_candidate_or_axis; mixed_l2s2_directionality_reverse_and_mimic,erlotinib,True
trichostatin a,0,0,0,0,0,,,,0,,,,,,,,,,,NO_LINCS_HIT,"pvalue_up (mimic-sorted, default)",65,7,GSE134780_HH_v_WT_fat;GSE134780_HH_v_WT_muscle;GSE134780_HL1002P_v_WT_fat;GSE134780_HL1002P_v_WT_muscle;GSE134781_hetL1002P_v_WT;GSE134781_hetX753_v_WT;GSE22206_LCL_case_v_control,0.04312,0.0888,False,1,7,UNKNOWN,,,,,False,none,mechanism_ok,REJECT,not_matched_to_candidate_or_axis,trichostatin a,False
dl pdmp,0,0,0,0,0,,,,0,,,,,,,,,,,NO_LINCS_HIT,"pvalue_up (mimic-sorted, default)",14,6,GSE134780_HH_v_WT_fat;GSE134780_HH_v_WT_muscle;GSE134780_HL1002P_v_WT_fat;GSE22206_LCL_case_v_control;GSE22206_case_v_control;GSE22206_fibro_case_v_control,0.09994,0.1899,False,1,6,UNKNOWN,,,,,False,none,mechanism_ok,REJECT,not_matched_to_candidate_or_axis,dl pdmp,False
tg101348,0,0,0,0,0,,,,0,,,,,,,,,,,NO_LINCS_HIT,"pvalue_up (mimic-sorted, default)",16,6,GSE134780_HH_v_WT_fat;GSE134780_HH_v_WT_muscle;GSE134780_HL1002P_v_WT_fat;GSE134780_HL1002P_v_WT_muscle;GSE22206_case_v_control;GSE22206_fibro_case_v_control,0.06786,0.1456,False,1,6,UNKNOWN,,,,,False,none,mechanism_ok,REJECT,not_matched_to_candidate_or_axis,tg101348,False
vorinostat,16,7,0,4,0,GSE134780_HL1002P_v_WT_fat,GSE134780_HH_v_WT_fat;GSE22206_LCL_case_v_control;GSE22206_case_v_control;GSE22206_fibro_case_v_control,,1,0.0432401747235323,1.0,0.2082936261239918,1.0,3.2622607328249023e-19,4.95815749375411e-16,0.153,1.364,0.229,1.208,MIMIC,"pvalue_up (mimic-sorted, default)",65,5,GSE134780_HH_v_WT_muscle;GSE134780_HL1002P_v_WT_fat;GSE134780_HL1002P_v_WT_muscle;GSE134781_hetX753_v_WT;GSE22206_LCL_case_v_control,0.03916,0.0794,False,1,5,UNKNOWN,,,,,False,none,mechanism_ok,REJECT,not_matched_to_candidate_or_axis,vorinostat,True
cot 10b,0,0,0,0,0,,,,0,,,,,,,,,,,NO_LINCS_HIT,"pvalue_up (mimic-sorted, default)",17,5,GSE134780_HH_v_WT_fat;GSE134780_HL1002P_v_WT_fat;GSE22206_LCL_case_v_control;GSE22206_case_v_control;GSE22206_fibro_case_v_control,0.09982,0.1552,False,1,5,UNKNOWN,,,,,False,none,mechanism_ok,REJECT,not_matched_to_candidate_or_axis,cot 10b,False
niguldipine,0,0,0,0,0,,,,0,,,,,,,,,,,NO_LINCS_HIT,"pvalue_up (mimic-sorted, default)",9,5,GSE134780_HH_v_WT_fat;GSE134780_HL1002P_v_WT_fat;GSE22206_LCL_case_v_control;GSE22206_case_v_control;GSE22206_fibro_case_v_control,0.09808,0.1681,False,1,5,UNKNOWN,,,,,False,none,mechanism_ok,REJECT,not_matched_to_candidate_or_axis,niguldipine,False
gw405833,0,0,0,0,0,,,,0,,,,,,,,,,,NO_LINCS_HIT,"pvalue_up (mimic-sorted, default)",10,5,GSE134780_HH_v_WT_fat;GSE134781_hetX753_v_WT;GSE22206_LCL_case_v_control;GSE22206_case_v_control;GSE22206_fibro_case_v_control,0.08898,0.1681,False,1,5,UNKNOWN,,,,,False,none,mechanism_ok,REJECT,not_matched_to_candidate_or_axis,gw405833,False
tyrphostin ag 1478,0,0,0,0,0,,,,0,,,,,,,,,,,NO_LINCS_HIT,"pvalue_up (mimic-sorted, default)",12,5,GSE134780_HH_v_WT_fat;GSE134780_HH_v_WT_muscle;GSE134780_HL1002P_v_WT_fat;GSE134781_hetL1002P_v_WT;GSE22206_case_v_control,0.08458,0.1638,False,1,5,UNKNOWN,,,,,False,none,mechanism_ok,REJECT,not_matched_to_candidate_or_axis,tyrphostin ag 1478,False
perhexiline,0,0,0,0,0,,,,0,,,,,,,,,,,NO_LINCS_HIT,"pvalue_up (mimic-sorted, default)",17,5,GSE134780_HH_v_WT_fat;GSE134780_HL1002P_v_WT_fat;GSE134780_HL1002P_v_WT_muscle;GSE22206_LCL_case_v_control;GSE22206_case_v_control,0.07798,0.1595,False,1,5,APPROVED_MEDICATION,,Serine/threonine-protein kinase mTOR inhibitor,Serine/threonine-protein kinase mTOR inhibitor,,True,chembl_axis_approved,mechanism_ok,REJECT,pediatric_safety_contraindication,perhexiline,False
chemistry 2804,0,0,0,0,0,,,,0,,,,,,,,,,,NO_LINCS_HIT,"pvalue_up (mimic-sorted, default)",14,5,GSE134780_HH_v_WT_fat;GSE134780_HH_v_WT_muscle;GSE134780_HL1002P_v_WT_fat;GSE134780_HL1002P_v_WT_muscle;GSE134781_hetX753_v_WT,0.03401,0.0496,False,1,5,UNKNOWN,,,,,False,none,mechanism_ok,REJECT,not_matched_to_candidate_or_axis,chemistry 2804,False
teniposide,2,2,0,0,1,GSE22206_case_v_control,,GSE22206_case_v_control,1,0.0304566848954356,0.6294181503055933,4.496052990551344e-05,0.0025684414109314,0.994794998553686,1.0,0.758,1.516,2.419,4.837,NOT_SIGNIFICANT,"pvalue_up (mimic-sorted, default)",7,4,GSE134780_HH_v_WT_fat;GSE134781_hetL1002P_v_WT;GSE134781_hetX753_v_WT;GSE22206_case_v_control,0.06174,0.1329,False,1,4,UNKNOWN,,,,,False,none,mechanism_ok,REJECT,not_matched_to_candidate_or_axis,teniposide,True
mitomycin c,1,1,0,0,0,GSE22206_case_v_control,,,1,0.0309105127069978,0.6294181503055933,0.8301994450600766,1.0,0.9999999999996558,1.0,1.51,1.51,0.781,0.781,NOT_SIGNIFICANT,"pvalue_up (mimic-sorted, default)",6,4,GSE134780_HH_v_WT_muscle;GSE134781_hetL1002P_v_WT;GSE134781_hetX753_v_WT;GSE22206_LCL_case_v_control,0.04517,0.0685,False,1,4,UNKNOWN,,,,,False,none,cytotoxic_cancer,REJECT,not_matched_to_candidate_or_axis; cytotoxic_or_cancer_mechanism,mitomycin c,True
mitoxantrone,12,5,0,4,0,,GSE134780_HH_v_WT_fat;GSE22206_LCL_case_v_control;GSE22206_case_v_control;GSE22206_fibro_case_v_control,,0,0.7885000170024165,1.0,0.3547473398501713,1.0,7.25000948781251e-13,1.1570366637068823e-09,0.011,0.103,0.334,1.304,MIMIC,"pvalue_up (mimic-sorted, default)",13,4,GSE134780_HH_v_WT_fat;GSE134780_HL1002P_v_WT_muscle;GSE134781_hetL1002P_v_WT;GSE134781_hetX753_v_WT,0.06028,0.0779,False,1,4,UNKNOWN,,,,,False,none,mechanism_ok,REJECT,not_matched_to_candidate_or_axis,mitoxantrone,True
pd 0325901,0,0,0,0,0,,,,0,,,,,,,,,,,NO_LINCS_HIT,"pvalue_up (mimic-sorted, default)",21,4,GSE134780_HH_v_WT_muscle;GSE134780_HL1002P_v_WT_fat;GSE134780_HL1002P_v_WT_muscle;GSE22206_fibro_case_v_control,0.12106,0.1688,False,1,4,UNKNOWN,,,,,False,none,mechanism_ok,REJECT,not_matched_to_candidate_or_axis,pd 0325901,False
wh 4 025,0,0,0,0,0,,,,0,,,,,,,,,,,NO_LINCS_HIT,"pvalue_up (mimic-sorted, default)",8,4,GSE134780_HL1002P_v_WT_fat;GSE134780_HL1002P_v_WT_muscle;GSE22206_case_v_control;GSE22206_fibro_case_v_control,0.10564,0.1558,False,1,4,UNKNOWN,,,,,False,none,mechanism_ok,REJECT,not_matched_to_candidate_or_axis,wh 4 025,False
cam 9 027 3,0,0,0,0,0,,,,0,,,,,,,,,,,NO_LINCS_HIT,"pvalue_up (mimic-sorted, default)",8,4,GSE134780_HH_v_WT_fat;GSE22206_LCL_case_v_control;GSE22206_case_v_control;GSE22206_fibro_case_v_control,0.10072,0.1552,False,1,4,UNKNOWN,,,,,False,none,mechanism_ok,REJECT,not_matched_to_candidate_or_axis,cam 9 027 3,False
mk 2206,0,0,0,0,0,,,,0,,,,,,,,,,,NO_LINCS_HIT,"pvalue_up (mimic-sorted, default)",10,4,GSE134780_HH_v_WT_fat;GSE22206_LCL_case_v_control;GSE22206_case_v_control;GSE22206_fibro_case_v_control,0.09591,0.1681,False,1,4,UNKNOWN,,,,,False,none,mechanism_ok,REJECT,not_matched_to_candidate_or_axis,mk 2206,False
pelitinib,0,0,0,0,0,,,,0,,,,,,,,,,,NO_LINCS_HIT,"pvalue_up (mimic-sorted, default)",8,4,GSE134780_HH_v_WT_muscle;GSE134780_HL1002P_v_WT_muscle;GSE134781_hetX753_v_WT;GSE22206_fibro_case_v_control,0.09152,0.1558,False,1,4,UNKNOWN,,,,,False,none,mechanism_ok,REJECT,not_matched_to_candidate_or_axis,pelitinib,False
pd 184352,0,0,0,0,0,,,,0,,,,,,,,,,,NO_LINCS_HIT,"pvalue_up (mimic-sorted, default)",11,4,GSE134780_HH_v_WT_muscle;GSE134780_HL1002P_v_WT_muscle;GSE22206_case_v_control;GSE22206_fibro_case_v_control,0.08489,0.1688,False,1,4,UNKNOWN,,,,,False,none,mechanism_ok,REJECT,not_matched_to_candidate_or_axis,pd 184352,False
bjm ctd2 9,0,0,0,0,0,,,,0,,,,,,,,,,,NO_LINCS_HIT,"pvalue_up (mimic-sorted, default)",11,4,GSE134780_HH_v_WT_fat;GSE134780_HL1002P_v_WT_muscle;GSE22206_LCL_case_v_control;GSE22206_case_v_control,0.07469,0.1519,False,1,4,UNKNOWN,,,,,False,none,mechanism_ok,REJECT,not_matched_to_candidate_or_axis,bjm ctd2 9,False
ku 0060648 trihydrochloride,0,0,0,0,0,,,,0,,,,,,,,,,,NO_LINCS_HIT,"pvalue_up (mimic-sorted, default)",6,4,GSE134780_HH_v_WT_muscle;GSE134780_HL1002P_v_WT_fat;GSE22206_case_v_control;GSE22206_fibro_case_v_control,0.06335,0.1332,False,1,4,UNKNOWN,,,,,False,none,mechanism_ok,REJECT,not_matched_to_candidate_or_axis,ku 0060648 trihydrochloride,False
rottlerin,0,0,0,0,0,,,,0,,,,,,,,,,,NO_LINCS_HIT,"pvalue_up (mimic-sorted, default)",11,4,GSE134780_HH_v_WT_fat;GSE134781_hetL1002P_v_WT;GSE134781_hetX753_v_WT;GSE22206_case_v_control,0.05709,0.1392,False,1,4,UNKNOWN,,,,,False,none,mechanism_ok,REJECT,not_matched_to_candidate_or_axis,rottlerin,False
4 demethoxydaunorubicin,0,0,0,0,0,,,,0,,,,,,,,,,,NO_LINCS_HIT,"pvalue_up (mimic-sorted, default)",10,4,GSE134780_HH_v_WT_fat;GSE134780_HH_v_WT_muscle;GSE134780_HL1002P_v_WT_muscle;GSE134781_hetL1002P_v_WT,0.05015,0.0563,False,1,4,UNKNOWN,,,,,False,none,mechanism_ok,REJECT,not_matched_to_candidate_or_axis,4 demethoxydaunorubicin,False
narciclasine,0,0,0,0,0,,,,0,,,,,,,,,,,NO_LINCS_HIT,"pvalue_up (mimic-sorted, default)",18,4,GSE134780_HH_v_WT_fat;GSE134780_HH_v_WT_muscle;GSE134780_HL1002P_v_WT_fat;GSE134780_HL1002P_v_WT_muscle,0.04695,0.0809,False,1,4,UNKNOWN,,,,,False,none,mechanism_ok,REJECT,not_matched_to_candidate_or_axis,narciclasine,False
phorbol 12 myristate 13 acetate (pma),0,0,0,0,0,,,,0,,,,,,,,,,,NO_LINCS_HIT,"pvalue_up (mimic-sorted, default)",10,4,GSE134780_HH_v_WT_fat;GSE134780_HL1002P_v_WT_fat;GSE134780_HL1002P_v_WT_muscle;GSE134781_hetX753_v_WT,0.04235,0.0569,False,1,4,UNKNOWN,,,,,False,none,mechanism_ok,REJECT,not_matched_to_candidate_or_axis,phorbol 12 myristate 13 acetate (pma),False
wortmannin,0,0,0,0,0,,,,0,,,,,,,,,,,NO_LINCS_HIT,"pvalue_up (mimic-sorted, default)",6,4,GSE134780_HH_v_WT_fat;GSE134780_HL1002P_v_WT_fat;GSE134780_HL1002P_v_WT_muscle;GSE134781_hetX753_v_WT,0.04113,0.0634,False,1,4,UNKNOWN,,,,,False,none,mechanism_ok,REJECT,not_matched_to_candidate_or_axis,wortmannin,False
arachidonyl trifluoro methyl ketone,0,0,0,0,0,,,,0,,,,,,,,,,,NO_LINCS_HIT,"pvalue_up (mimic-sorted, default)",9,4,GSE134780_HL1002P_v_WT_fat;GSE134780_HL1002P_v_WT_muscle;GSE134781_hetX753_v_WT;GSE22206_LCL_case_v_control,0.04069,0.0685,False,1,4,UNKNOWN,,,,,False,none,mechanism_ok,REJECT,not_matched_to_candidate_or_axis,arachidonyl trifluoro methyl ketone,False
trametinib,9,5,0,1,0,,GSE22206_LCL_case_v_control,,0,0.0892084655541537,1.0,0.2837110435230787,1.0,0.0002339016588866,0.040864255824371,0.198,1.05,0.218,1.34,MIMIC,"pvalue_up (mimic-sorted, default)",7,3,GSE134780_HH_v_WT_muscle;GSE134780_HL1002P_v_WT_muscle;GSE22206_fibro_case_v_control,0.06716,0.1558,False,1,3,UNKNOWN,,,,,False,none,mechanism_ok,REJECT,not_matched_to_candidate_or_axis,trametinib,True
foretinib,0,0,0,0,0,,,,0,,,,,,,,,,,NO_LINCS_HIT,"pvalue_up (mimic-sorted, default)",8,3,GSE134780_HH_v_WT_muscle;GSE22206_case_v_control;GSE22206_fibro_case_v_control,0.14377,0.1883,False,1,3,UNKNOWN,,,,,False,none,broad_cancer_kinase,REJECT,not_matched_to_candidate_or_axis; broad_cancer_kinase_not_MVA_axis,foretinib,False
bms 536924,0,0,0,0,0,,,,0,,,,,,,,,,,NO_LINCS_HIT,"pvalue_up (mimic-sorted, default)",7,3,GSE134780_HL1002P_v_WT_fat;GSE22206_case_v_control;GSE22206_fibro_case_v_control,0.11971,0.1486,False,1,3,UNKNOWN,,,,,False,none,mechanism_ok,REJECT,not_matched_to_candidate_or_axis,bms 536924,False
radicicol,0,0,0,0,0,,,,0,,,,,,,,,,,NO_LINCS_HIT,"pvalue_up (mimic-sorted, default)",12,3,GSE134781_hetX753_v_WT;GSE22206_case_v_control;GSE22206_fibro_case_v_control,0.11174,0.1646,False,1,3,UNKNOWN,,,,,False,none,cytotoxic_cancer,REJECT,not_matched_to_candidate_or_axis; cytotoxic_or_cancer_mechanism,radicicol,False
"3,5 dichloro 2 hydroxy n (2 methoxy 5 phenylphenyl)benzenesulfonamide",0,0,0,0,0,,,,0,,,,,,,,,,,NO_LINCS_HIT,"pvalue_up (mimic-sorted, default)",10,3,GSE134781_hetL1002P_v_WT;GSE22206_LCL_case_v_control;GSE22206_case_v_control,0.10554,0.1582,False,1,3,UNKNOWN,,,,,False,none,mechanism_ok,REJECT,not_matched_to_candidate_or_axis,"3,5 dichloro 2 hydroxy n (2 methoxy 5 phenylphenyl)benzenesulfonamide",False
akt inhibitor iv,0,0,0,0,0,,,,0,,,,,,,,,,,NO_LINCS_HIT,"pvalue_up (mimic-sorted, default)",7,3,GSE134780_HH_v_WT_fat;GSE22206_LCL_case_v_control;GSE22206_case_v_control,0.10429,0.1595,False,1,3,UNKNOWN,,,,,False,none,broad_cancer_kinase,REJECT,not_matched_to_candidate_or_axis; broad_cancer_kinase_not_MVA_axis,akt inhibitor iv,False
pf 750,0,0,0,0,0,,,,0,,,,,,,,,,,NO_LINCS_HIT,"pvalue_up (mimic-sorted, default)",7,3,GSE134781_hetX753_v_WT;GSE22206_case_v_control;GSE22206_fibro_case_v_control,0.09466,0.1466,False,1,3,UNKNOWN,,,,,False,none,mechanism_ok,REJECT,not_matched_to_candidate_or_axis,pf 750,False
salermide,0,0,0,0,0,,,,0,,,,,,,,,,,NO_LINCS_HIT,"pvalue_up (mimic-sorted, default)",6,3,GSE134780_HH_v_WT_muscle;GSE22206_LCL_case_v_control;GSE22206_case_v_control,0.09367,0.1646,False,1,3,UNKNOWN,,,,,False,none,mechanism_ok,REJECT,not_matched_to_candidate_or_axis,salermide,False
dg 041,0,0,0,0,0,,,,0,,,,,,,,,,,NO_LINCS_HIT,"pvalue_up (mimic-sorted, default)",6,3,GSE134780_HH_v_WT_fat;GSE134780_HL1002P_v_WT_fat;GSE22206_case_v_control,0.09168,0.1456,False,1,3,UNKNOWN,,,,,False,none,mechanism_ok,REJECT,not_matched_to_candidate_or_axis,dg 041,False
ro 28 1675 ?,0,0,0,0,0,,,,0,,,,,,,,,,,NO_LINCS_HIT,"pvalue_up (mimic-sorted, default)",9,3,GSE134780_HL1002P_v_WT_fat;GSE22206_LCL_case_v_control;GSE22206_case_v_control,0.08988,0.1466,False,1,3,UNKNOWN,,,,,False,none,mechanism_ok,REJECT,not_matched_to_candidate_or_axis,ro 28 1675 ?,False
thapsigargin,0,0,0,0,0,,,,0,,,,,,,,,,,NO_LINCS_HIT,"pvalue_up (mimic-sorted, default)",7,3,GSE134780_HH_v_WT_fat;GSE22206_LCL_case_v_control;GSE22206_case_v_control,0.0879,0.1329,False,1,3,UNKNOWN,,,,,False,none,mechanism_ok,REJECT,not_matched_to_candidate_or_axis,thapsigargin,False
cay10594,0,0,0,0,0,,,,0,,,,,,,,,,,NO_LINCS_HIT,"pvalue_up (mimic-sorted, default)",9,3,GSE134780_HH_v_WT_fat;GSE134780_HL1002P_v_WT_fat;GSE22206_case_v_control,0.07997,0.1519,False,1,3,UNKNOWN,,,,,False,none,mechanism_ok,REJECT,not_matched_to_candidate_or_axis,cay10594,False
geldanamycin,0,0,0,0,0,,,,0,,,,,,,,,,,NO_LINCS_HIT,"pvalue_up (mimic-sorted, default)",11,3,GSE134780_HL1002P_v_WT_fat;GSE134781_hetX753_v_WT;GSE22206_fibro_case_v_control,0.0715,0.1883,False,1,3,UNKNOWN,,,,,False,none,cytotoxic_cancer,REJECT,not_matched_to_candidate_or_axis; cytotoxic_or_cancer_mechanism,geldanamycin,False
arp 101,0,0,0,0,0,,,,0,,,,,,,,,,,NO_LINCS_HIT,"pvalue_up (mimic-sorted, default)",6,3,GSE134780_HL1002P_v_WT_fat;GSE22206_LCL_case_v_control;GSE22206_case_v_control,0.07067,0.1293,False,1,3,UNKNOWN,,,,,False,none,mechanism_ok,REJECT,not_matched_to_candidate_or_axis,arp 101,False
importazole,0,0,0,0,0,,,,0,,,,,,,,,,,NO_LINCS_HIT,"pvalue_up (mimic-sorted, default)",12,3,GSE134781_hetX753_v_WT;GSE22206_LCL_case_v_control;GSE22206_case_v_control,0.06788,0.1519,False,1,3,UNKNOWN,,,,,False,none,mechanism_ok,REJECT,not_matched_to_candidate_or_axis,importazole,False
amsacrine,0,0,0,0,0,,,,0,,,,,,,,,,,NO_LINCS_HIT,"pvalue_up (mimic-sorted, default)",7,3,GSE134780_HL1002P_v_WT_fat;GSE134781_hetL1002P_v_WT;GSE22206_LCL_case_v_control,0.05963,0.089,False,1,3,UNKNOWN,,,,,False,none,mechanism_ok,REJECT,not_matched_to_candidate_or_axis,amsacrine,False
s1030,0,0,0,0,0,,,,0,,,,,,,,,,,NO_LINCS_HIT,"pvalue_up (mimic-sorted, default)",5,3,GSE134780_HH_v_WT_muscle;GSE134781_hetX753_v_WT;GSE22206_LCL_case_v_control,0.05702,0.0753,False,1,3,UNKNOWN,,,,,False,none,mechanism_ok,REJECT,not_matched_to_candidate_or_axis,s1030,False
cyt997,0,0,0,0,0,,,,0,,,,,,,,,,,NO_LINCS_HIT,"pvalue_up (mimic-sorted, default)",5,3,GSE134780_HH_v_WT_fat;GSE134780_HL1002P_v_WT_fat;GSE134781_hetL1002P_v_WT,0.05556,0.0649,False,1,3,UNKNOWN,,,,,False,none,mechanism_ok,REJECT,not_matched_to_candidate_or_axis,cyt997,False
"""""""ingenol 3, 20 dibenzoate""""""",0,0,0,0,0,,,,0,,,,,,,,,,,NO_LINCS_HIT,"pvalue_up (mimic-sorted, default)",7,3,GSE134780_HH_v_WT_fat;GSE134780_HL1002P_v_WT_fat;GSE134781_hetL1002P_v_WT,0.04601,0.0563,False,1,3,UNKNOWN,,,,,False,none,mechanism_ok,REJECT,not_matched_to_candidate_or_axis,"""""""ingenol 3, 20 dibenzoate""""""",False
pac 1,0,0,0,0,0,,,,0,,,,,,,,,,,NO_LINCS_HIT,"pvalue_up (mimic-sorted, default)",7,3,GSE134780_HH_v_WT_fat;GSE134780_HL1002P_v_WT_fat;GSE22206_LCL_case_v_control,0.04549,0.0685,False,1,3,UNKNOWN,,,,,False,none,mechanism_ok,REJECT,not_matched_to_candidate_or_axis,pac 1,False
tw 37,0,0,0,0,0,,,,0,,,,,,,,,,,NO_LINCS_HIT,"pvalue_up (mimic-sorted, default)",5,3,GSE134780_HH_v_WT_fat;GSE134780_HL1002P_v_WT_fat;GSE22206_LCL_case_v_control,0.04544,0.0588,False,1,3,UNKNOWN,,,,,False,none,mechanism_ok,REJECT,not_matched_to_candidate_or_axis,tw 37,False
ql x 138,0,0,0,0,0,,,,0,,,,,,,,,,,NO_LINCS_HIT,"pvalue_up (mimic-sorted, default)",4,3,GSE134780_HH_v_WT_muscle;GSE134780_HL1002P_v_WT_fat;GSE22206_LCL_case_v_control,0.0434,0.0685,False,1,3,UNKNOWN,,,,,False,none,mechanism_ok,REJECT,not_matched_to_candidate_or_axis,ql x 138,False
curcubitacin i,0,0,0,0,0,,,,0,,,,,,,,,,,NO_LINCS_HIT,"pvalue_up (mimic-sorted, default)",4,3,GSE134780_HH_v_WT_fat;GSE134780_HH_v_WT_muscle;GSE134780_HL1002P_v_WT_fat,0.04235,0.0662,False,1,3,UNKNOWN,,,,,False,none,mechanism_ok,REJECT,not_matched_to_candidate_or_axis,curcubitacin i,False
v4877,0,0,0,0,0,,,,0,,,,,,,,,,,NO_LINCS_HIT,"pvalue_up (mimic-sorted, default)",13,3,GSE134780_HH_v_WT_muscle;GSE134780_HL1002P_v_WT_fat;GSE134780_HL1002P_v_WT_muscle,0.03653,0.0496,False,1,3,UNKNOWN,,,,,False,none,mechanism_ok,REJECT,not_matched_to_candidate_or_axis,v4877,False
strophanthidin,0,0,0,0,0,,,,0,,,,,,,,,,,NO_LINCS_HIT,"pvalue_up (mimic-sorted, default)",5,3,GSE134780_HH_v_WT_muscle;GSE134780_HL1002P_v_WT_fat;GSE134780_HL1002P_v_WT_muscle,0.03522,0.0496,False,1,3,UNKNOWN,,,,,False,none,mechanism_ok,REJECT,not_matched_to_candidate_or_axis,strophanthidin,False
selumetinib,13,5,0,3,0,GSE22206_case_v_control,GSE134780_HH_v_WT_fat;GSE22206_LCL_case_v_control;GSE22206_fibro_case_v_control,,1,0.0016668092617607,0.0703019644703402,0.1236897015769614,1.0,8.755321037333317e-07,0.000587591483118,0.324,2.778,0.428,1.534,MIMIC,"pvalue_up (mimic-sorted, default)",9,2,GSE134780_HH_v_WT_muscle;GSE22206_fibro_case_v_control,0.12077,0.1883,False,1,2,UNKNOWN,,,,,False,none,mechanism_ok,REJECT,not_matched_to_candidate_or_axis,selumetinib,True
digoxin,5,2,0,0,0,,,,0,0.1434618578496405,1.0,0.4091440817981147,1.0,0.0018778121106687,0.0514882311058415,0.169,0.843,0.304,1.206,NOT_SIGNIFICANT,"pvalue_up (mimic-sorted, default)",4,2,GSE134780_HL1002P_v_WT_fat;GSE134781_hetL1002P_v_WT,0.04648,0.0519,False,1,2,UNKNOWN,,,,,False,none,mechanism_ok,REJECT,not_matched_to_candidate_or_axis,digoxin,True
saracatinib,0,0,0,0,0,,,,0,,,,,,,,,,,NO_LINCS_HIT,"pvalue_up (mimic-sorted, default)",6,2,GSE22206_case_v_control;GSE22206_fibro_case_v_control,0.16743,0.1892,False,1,2,UNKNOWN,,,,,False,none,mechanism_ok,REJECT,not_matched_to_candidate_or_axis,saracatinib,False
ncgc00185684 02,0,0,0,0,0,,,,0,,,,,,,,,,,NO_LINCS_HIT,"pvalue_up (mimic-sorted, default)",4,2,GSE22206_case_v_control;GSE22206_fibro_case_v_control,0.14788,0.1772,False,1,2,UNKNOWN,,,,,False,none,mechanism_ok,REJECT,not_matched_to_candidate_or_axis,ncgc00185684 02,False
azd 8330,0,0,0,0,0,,,,0,,,,,,,,,,,NO_LINCS_HIT,"pvalue_up (mimic-sorted, default)",10,2,GSE134780_HH_v_WT_muscle;GSE22206_fibro_case_v_control,0.14676,0.1757,False,1,2,UNKNOWN,,,,,False,none,mechanism_ok,REJECT,not_matched_to_candidate_or_axis,azd 8330,False
hg 6 64 01,0,0,0,0,0,,,,0,,,,,,,,,,,NO_LINCS_HIT,"pvalue_up (mimic-sorted, default)",4,2,GSE22206_case_v_control;GSE22206_fibro_case_v_control,0.1423,0.1558,False,1,2,UNKNOWN,,,,,False,none,mechanism_ok,REJECT,not_matched_to_candidate_or_axis,hg 6 64 01,False
pp 110,0,0,0,0,0,,,,0,,,,,,,,,,,NO_LINCS_HIT,"pvalue_up (mimic-sorted, default)",4,2,GSE134780_HL1002P_v_WT_fat;GSE22206_fibro_case_v_control,0.14203,0.1883,False,1,2,UNKNOWN,,,,,False,none,mechanism_ok,REJECT,not_matched_to_candidate_or_axis,pp 110,False
plx 4720,0,0,0,0,0,,,,0,,,,,,,,,,,NO_LINCS_HIT,"pvalue_up (mimic-sorted, default)",6,2,GSE134780_HH_v_WT_muscle;GSE22206_fibro_case_v_control,0.13923,0.1757,False,1,2,UNKNOWN,,,,,False,none,mechanism_ok,REJECT,not_matched_to_candidate_or_axis,plx 4720,False
canertinib,0,0,0,0,0,,,,0,,,,,,,,,,,NO_LINCS_HIT,"pvalue_up (mimic-sorted, default)",11,2,GSE134780_HL1002P_v_WT_muscle;GSE22206_fibro_case_v_control,0.13728,0.1688,False,1,2,UNKNOWN,,,,,False,none,mechanism_ok,REJECT,not_matched_to_candidate_or_axis,canertinib,False
nvp aew541,0,0,0,0,0,,,,0,,,,,,,,,,,NO_LINCS_HIT,"pvalue_up (mimic-sorted, default)",2,2,GSE22206_case_v_control;GSE22206_fibro_case_v_control,0.13305,0.1486,False,1,2,UNKNOWN,,,,,False,none,mechanism_ok,REJECT,not_matched_to_candidate_or_axis,nvp aew541,False
plx 4032,0,0,0,0,0,,,,0,,,,,,,,,,,NO_LINCS_HIT,"pvalue_up (mimic-sorted, default)",3,2,GSE134780_HL1002P_v_WT_fat;GSE22206_fibro_case_v_control,0.11787,0.1622,False,1,2,UNKNOWN,,,,,False,none,mechanism_ok,REJECT,not_matched_to_candidate_or_axis,plx 4032,False
cgp 71683,0,0,0,0,0,,,,0,,,,,,,,,,,NO_LINCS_HIT,"pvalue_up (mimic-sorted, default)",3,2,GSE22206_LCL_case_v_control;GSE22206_case_v_control,0.1094,0.1422,False,1,2,UNKNOWN,,,,,False,none,mechanism_ok,REJECT,not_matched_to_candidate_or_axis,cgp 71683,False
wz 4 145,0,0,0,0,0,,,,0,,,,,,,,,,,NO_LINCS_HIT,"pvalue_up (mimic-sorted, default)",2,2,GSE134781_hetX753_v_WT;GSE22206_fibro_case_v_control,0.10675,0.1753,False,1,2,UNKNOWN,,,,,False,none,mechanism_ok,REJECT,not_matched_to_candidate_or_axis,wz 4 145,False
jw 7 24 1,0,0,0,0,0,,,,0,,,,,,,,,,,NO_LINCS_HIT,"pvalue_up (mimic-sorted, default)",3,2,GSE22206_LCL_case_v_control;GSE22206_case_v_control,0.10343,0.1175,False,1,2,UNKNOWN,,,,,False,none,mechanism_ok,REJECT,not_matched_to_candidate_or_axis,jw 7 24 1,False
imd 0354,0,0,0,0,0,,,,0,,,,,,,,,,,NO_LINCS_HIT,"pvalue_up (mimic-sorted, default)",26,2,GSE22206_LCL_case_v_control;GSE22206_case_v_control,0.10137,0.1709,False,1,2,UNKNOWN,,,,,False,none,mechanism_ok,REJECT,not_matched_to_candidate_or_axis,imd 0354,False
pimozide,0,0,0,0,0,,,,0,,,,,,,,,,,NO_LINCS_HIT,"pvalue_up (mimic-sorted, default)",5,2,GSE134781_hetX753_v_WT;GSE22206_case_v_control,0.09716,0.1509,False,1,2,UNKNOWN,,,,,False,none,mechanism_ok,REJECT,not_matched_to_candidate_or_axis,pimozide,False
vemurafenib,0,0,0,0,0,,,,0,,,,,,,,,,,NO_LINCS_HIT,"pvalue_up (mimic-sorted, default)",2,2,GSE134780_HL1002P_v_WT_muscle;GSE22206_fibro_case_v_control,0.0958,0.1623,False,1,2,UNKNOWN,,,,,False,none,mechanism_ok,REJECT,not_matched_to_candidate_or_axis,vemurafenib,False
chr 2797,0,0,0,0,0,,,,0,,,,,,,,,,,NO_LINCS_HIT,"pvalue_up (mimic-sorted, default)",7,2,GSE22206_LCL_case_v_control;GSE22206_case_v_control,0.0955,0.1392,False,1,2,UNKNOWN,,,,,False,none,mechanism_ok,REJECT,not_matched_to_candidate_or_axis,chr 2797,False
nutlin 3,0,0,0,0,0,,,,0,,,,,,,,,,,NO_LINCS_HIT,"pvalue_up (mimic-sorted, default)",2,2,GSE134781_hetX753_v_WT;GSE22206_case_v_control,0.0818,0.1329,False,1,2,UNKNOWN,,,,,False,none,mechanism_ok,REJECT,not_matched_to_candidate_or_axis,nutlin 3,False
gdc 0980,0,0,0,0,0,,,,0,,,,,,,,,,,NO_LINCS_HIT,"pvalue_up (mimic-sorted, default)",2,2,GSE134780_HL1002P_v_WT_fat;GSE22206_case_v_control,0.076,0.1175,False,1,2,UNKNOWN,,,,,False,none,mechanism_ok,REJECT,not_matched_to_candidate_or_axis,gdc 0980,False
pk 11195,0,0,0,0,0,,,,0,,,,,,,,,,,NO_LINCS_HIT,"pvalue_up (mimic-sorted, default)",3,2,GSE134780_HH_v_WT_muscle;GSE22206_LCL_case_v_control,0.0639,0.0822,False,1,2,UNKNOWN,,,,,False,none,mechanism_ok,REJECT,not_matched_to_candidate_or_axis,pk 11195,False
ldn 193189,0,0,0,0,0,,,,0,,,,,,,,,,,NO_LINCS_HIT,"pvalue_up (mimic-sorted, default)",4,2,GSE134780_HH_v_WT_muscle;GSE22206_LCL_case_v_control,0.061,0.089,False,1,2,UNKNOWN,,,,,False,none,mechanism_ok,REJECT,not_matched_to_candidate_or_axis,ldn 193189,False
jak3 inhibitor vi,0,0,0,0,0,,,,0,,,,,,,,,,,NO_LINCS_HIT,"pvalue_up (mimic-sorted, default)",9,2,GSE134781_hetL1002P_v_WT;GSE134781_hetX753_v_WT,0.06044,0.0779,False,1,2,UNKNOWN,,,,,False,none,mechanism_ok,REJECT,not_matched_to_candidate_or_axis,jak3 inhibitor vi,False
bx 795,0,0,0,0,0,,,,0,,,,,,,,,,,NO_LINCS_HIT,"pvalue_up (mimic-sorted, default)",7,2,GSE134781_hetL1002P_v_WT;GSE134781_hetX753_v_WT,0.06001,0.0649,False,1,2,UNKNOWN,,,,,False,none,mechanism_ok,REJECT,not_matched_to_candidate_or_axis,bx 795,False
ql xii 47,0,0,0,0,0,,,,0,,,,,,,,,,,NO_LINCS_HIT,"pvalue_up (mimic-sorted, default)",4,2,GSE134780_HH_v_WT_fat;GSE22206_LCL_case_v_control,0.05828,0.0753,False,1,2,UNKNOWN,,,,,False,none,mechanism_ok,REJECT,not_matched_to_candidate_or_axis,ql xii 47,False
torin 1,0,0,0,0,0,,,,0,,,,,,,,,,,NO_LINCS_HIT,"pvalue_up (mimic-sorted, default)",4,2,GSE134780_HL1002P_v_WT_fat;GSE134781_hetL1002P_v_WT,0.0573,0.0649,False,1,2,UNKNOWN,,,,,False,none,mechanism_ok,REJECT,not_matched_to_candidate_or_axis,torin 1,False
mln2238,0,0,0,0,0,,,,0,,,,,,,,,,,NO_LINCS_HIT,"pvalue_up (mimic-sorted, default)",4,2,GSE134781_hetX753_v_WT;GSE22206_LCL_case_v_control,0.05675,0.0701,False,1,2,UNKNOWN,,,,,False,none,mechanism_ok,REJECT,not_matched_to_candidate_or_axis,mln2238,False
dovitinib,0,0,0,0,0,,,,0,,,,,,,,,,,NO_LINCS_HIT,"pvalue_up (mimic-sorted, default)",2,2,GSE134780_HH_v_WT_fat;GSE22206_LCL_case_v_control,0.0564,0.0753,False,1,2,UNKNOWN,,,,,False,none,mechanism_ok,REJECT,not_matched_to_candidate_or_axis,dovitinib,False
dorsomorphin,0,0,0,0,0,,,,0,,,,,,,,,,,NO_LINCS_HIT,"pvalue_up (mimic-sorted, default)",4,2,GSE134781_hetL1002P_v_WT;GSE134781_hetX753_v_WT,0.05525,0.0649,False,1,2,UNKNOWN,,,,,False,none,mechanism_ok,REJECT,not_matched_to_candidate_or_axis,dorsomorphin,False
azd8055,0,0,0,0,0,,,,0,,,,,,,,,,,NO_LINCS_HIT,"pvalue_up (mimic-sorted, default)",4,2,GSE134780_HL1002P_v_WT_fat;GSE22206_case_v_control,0.0523,0.1146,False,1,2,UNKNOWN,,,,,False,none,mechanism_ok,REJECT,not_matched_to_candidate_or_axis,azd8055,False
bms 754807,0,0,0,0,0,,,,0,,,,,,,,,,,NO_LINCS_HIT,"pvalue_up (mimic-sorted, default)",6,2,GSE134780_HH_v_WT_fat;GSE134781_hetL1002P_v_WT,0.05225,0.0634,False,1,2,UNKNOWN,,,,,False,none,mechanism_ok,REJECT,not_matched_to_candidate_or_axis,bms 754807,False
wye 125132,0,0,0,0,0,,,,0,,,,,,,,,,,NO_LINCS_HIT,"pvalue_up (mimic-sorted, default)",5,2,GSE134780_HL1002P_v_WT_fat;GSE134781_hetL1002P_v_WT,0.05162,0.0649,False,1,2,UNKNOWN,,,,,False,none,mechanism_ok,REJECT,not_matched_to_candidate_or_axis,wye 125132,False
camptothecin,0,0,0,0,0,,,,0,,,,,,,,,,,NO_LINCS_HIT,"pvalue_up (mimic-sorted, default)",5,2,GSE134781_hetL1002P_v_WT;GSE134781_hetX753_v_WT,0.05152,0.0649,False,1,2,UNKNOWN,,,,,False,none,mechanism_ok,REJECT,not_matched_to_candidate_or_axis,camptothecin,False
quinacrine,0,0,0,0,0,,,,0,,,,,,,,,,,NO_LINCS_HIT,"pvalue_up (mimic-sorted, default)",2,2,GSE134781_hetX753_v_WT;GSE22206_LCL_case_v_control,0.05015,0.0685,False,1,2,UNKNOWN,,,,,False,none,mechanism_ok,REJECT,not_matched_to_candidate_or_axis,quinacrine,False
"l 690,488",0,0,0,0,0,,,,0,,,,,,,,,,,NO_LINCS_HIT,"pvalue_up (mimic-sorted, default)",4,2,GSE134781_hetL1002P_v_WT;GSE134781_hetX753_v_WT,0.04848,0.0519,False,1,2,UNKNOWN,,,,,False,none,mechanism_ok,REJECT,not_matched_to_candidate_or_axis,"l 690,488",False
nvp bez235,0,0,0,0,0,,,,0,,,,,,,,,,,NO_LINCS_HIT,"pvalue_up (mimic-sorted, default)",5,2,GSE134780_HH_v_WT_fat;GSE134780_HL1002P_v_WT_fat,0.04556,0.0563,False,1,2,UNKNOWN,,,,,False,none,mechanism_ok,REJECT,not_matched_to_candidate_or_axis,nvp bez235,False
gsk 2126458,0,0,0,0,0,,,,0,,,,,,,,,,,NO_LINCS_HIT,"pvalue_up (mimic-sorted, default)",8,2,GSE134780_HL1002P_v_WT_fat;GSE134781_hetL1002P_v_WT,0.0445,0.0649,False,1,2,UNKNOWN,,,,,False,none,mechanism_ok,REJECT,not_matched_to_candidate_or_axis,gsk 2126458,False
ym 155,0,0,0,0,0,,,,0,,,,,,,,,,,NO_LINCS_HIT,"pvalue_up (mimic-sorted, default)",7,2,GSE134780_HH_v_WT_fat;GSE134780_HL1002P_v_WT_fat,0.04401,0.0634,False,1,2,UNKNOWN,,,,,False,none,mechanism_ok,REJECT,not_matched_to_candidate_or_axis,ym 155,False
ncgc00183690 01,0,0,0,0,0,,,,0,,,,,,,,,,,NO_LINCS_HIT,"pvalue_up (mimic-sorted, default)",2,2,GSE134780_HH_v_WT_fat;GSE134780_HL1002P_v_WT_fat,0.04395,0.0563,False,1,2,UNKNOWN,,,,,False,none,mechanism_ok,REJECT,not_matched_to_candidate_or_axis,ncgc00183690 01,False
digoxigenin,0,0,0,0,0,,,,0,,,,,,,,,,,NO_LINCS_HIT,"pvalue_up (mimic-sorted, default)",3,2,GSE134780_HH_v_WT_fat;GSE134780_HL1002P_v_WT_fat,0.04193,0.0493,False,1,2,UNKNOWN,,,,,False,none,mechanism_ok,REJECT,not_matched_to_candidate_or_axis,digoxigenin,False
ly 2183240,0,0,0,0,0,,,,0,,,,,,,,,,,NO_LINCS_HIT,"pvalue_up (mimic-sorted, default)",3,2,GSE134780_HH_v_WT_fat;GSE134780_HL1002P_v_WT_fat,0.04153,0.0563,False,1,2,UNKNOWN,,,,,False,none,mechanism_ok,REJECT,not_matched_to_candidate_or_axis,ly 2183240,False
emetine,0,0,0,0,0,,,,0,,,,,,,,,,,NO_LINCS_HIT,"pvalue_up (mimic-sorted, default)",4,2,GSE134780_HL1002P_v_WT_fat;GSE134780_HL1002P_v_WT_muscle,0.04073,0.0496,False,1,2,UNKNOWN,,,,,False,none,mechanism_ok,REJECT,not_matched_to_candidate_or_axis,emetine,False
norethynodrel,0,0,0,0,0,,,,0,,,,,,,,,,,NO_LINCS_HIT,"pvalue_up (mimic-sorted, default)",6,2,GSE134780_HH_v_WT_fat;GSE134780_HL1002P_v_WT_fat,0.03948,0.0493,False,1,2,UNKNOWN,,,,,False,none,broad_cancer_kinase,REJECT,not_matched_to_candidate_or_axis; broad_cancer_kinase_not_MVA_axis,norethynodrel,False
b675700.cdx,0,0,0,0,0,,,,0,,,,,,,,,,,NO_LINCS_HIT,"pvalue_up (mimic-sorted, default)",3,2,GSE134780_HH_v_WT_fat;GSE134780_HL1002P_v_WT_fat,0.03887,0.0474,False,1,2,UNKNOWN,,,,,False,none,mechanism_ok,REJECT,not_matched_to_candidate_or_axis,b675700.cdx,False
h7270,0,0,0,0,0,,,,0,,,,,,,,,,,NO_LINCS_HIT,"pvalue_up (mimic-sorted, default)",6,2,GSE134780_HH_v_WT_muscle;GSE134780_HL1002P_v_WT_muscle,0.03875,0.0567,False,1,2,UNKNOWN,,,,,False,none,mechanism_ok,REJECT,not_matched_to_candidate_or_axis,h7270,False
anisomycin,0,0,0,0,0,,,,0,,,,,,,,,,,NO_LINCS_HIT,"pvalue_up (mimic-sorted, default)",2,2,GSE134780_HH_v_WT_fat;GSE134780_HL1002P_v_WT_fat,0.03825,0.0427,False,1,2,UNKNOWN,,,,,False,none,mechanism_ok,REJECT,not_matched_to_candidate_or_axis,anisomycin,False
curcumin,0,0,0,0,0,,,,0,,,,,,,,,,,NO_LINCS_HIT,"pvalue_up (mimic-sorted, default)",5,2,GSE134780_HL1002P_v_WT_fat;GSE134780_HL1002P_v_WT_muscle,0.03802,0.0496,False,1,2,UNKNOWN,,,,,False,none,mechanism_ok,REJECT,not_matched_to_candidate_or_axis,curcumin,False
ca 074 me,0,0,0,0,0,,,,0,,,,,,,,,,,NO_LINCS_HIT,"pvalue_up (mimic-sorted, default)",4,2,GSE134780_HH_v_WT_muscle;GSE134780_HL1002P_v_WT_muscle,0.03738,0.0496,False,1,2,UNKNOWN,,,,,False,none,mechanism_ok,REJECT,not_matched_to_candidate_or_axis,ca 074 me,False
chaetocin,0,0,0,0,0,,,,0,,,,,,,,,,,NO_LINCS_HIT,"pvalue_up (mimic-sorted, default)",5,2,GSE134780_HH_v_WT_muscle;GSE134781_hetX753_v_WT,0.03514,0.0446,False,1,2,UNKNOWN,,,,,False,none,cytotoxic_cancer,REJECT,not_matched_to_candidate_or_axis; cytotoxic_or_cancer_mechanism,chaetocin,False
s1130,0,0,0,0,0,,,,0,,,,,,,,,,,NO_LINCS_HIT,"pvalue_up (mimic-sorted, default)",2,2,GSE134780_HH_v_WT_fat;GSE134780_HL1002P_v_WT_fat,0.0332,0.0375,False,1,2,UNKNOWN,,,,,False,none,mechanism_ok,REJECT,not_matched_to_candidate_or_axis,s1130,False
ct 200783,0,0,0,0,0,,,,0,,,,,,,,,,,NO_LINCS_HIT,"pvalue_up (mimic-sorted, default)",4,2,GSE134780_HH_v_WT_fat;GSE134780_HH_v_WT_muscle,0.03238,0.0375,False,1,2,UNKNOWN,,,,,False,none,mechanism_ok,REJECT,not_matched_to_candidate_or_axis,ct 200783,False
hdac6 inhibitor isox,0,0,0,0,0,,,,0,,,,,,,,,,,NO_LINCS_HIT,"pvalue_up (mimic-sorted, default)",5,2,GSE134780_HH_v_WT_muscle;GSE134780_HL1002P_v_WT_fat,0.029,0.0368,False,1,2,UNKNOWN,,,,,False,none,mechanism_ok,REJECT,not_matched_to_candidate_or_axis,hdac6 inhibitor isox,False
pralatrexate,1,1,1,0,1,GSE22206_case_v_control,,GSE22206_case_v_control,1,2.2679615758299833e-09,6.397069119825446e-07,1.1361220757541696e-19,6.409148659848209e-17,0.9999999999992346,1.0,8.644,8.644,12.146,12.146,REVERSE,"pvalue_up (mimic-sorted, default)",0,0,,,,False,1,1,UNKNOWN,,,,,False,none,mechanism_ok,REJECT,not_matched_to_candidate_or_axis; only_1_signature_total,pralatrexate,True
fluphenazine,6,4,1,0,1,GSE22206_case_v_control,,GSE22206_case_v_control,1,1.179822774446507e-07,1.7748467270256952e-05,6.61283232704051e-17,3.315968032437092e-14,0.0037616841729381,0.1686728570067411,1.276,6.928,1.479,6.48,REVERSE,"pvalue_up (mimic-sorted, default)",0,0,,,,False,1,1,UNKNOWN,,,,,False,none,mechanism_ok,REJECT,not_matched_to_candidate_or_axis; only_1_signature_total,fluphenazine,True
trifluoperazine,9,3,1,0,1,GSE22206_case_v_control,,GSE22206_case_v_control,1,1.0038560011722014e-06,0.0001258445037025,7.250780195911937e-08,7.1136458748153405e-06,0.0019028144527519,0.1458559416948038,0.705,5.998,0.978,3.125,REVERSE,"pvalue_up (mimic-sorted, default)",0,0,,,,False,1,1,UNKNOWN,,,,,False,none,mechanism_ok,REJECT,not_matched_to_candidate_or_axis; only_1_signature_total,trifluoperazine,True
thioridazine,3,2,1,0,1,GSE22206_case_v_control,,GSE22206_case_v_control,1,1.3475342178871384e-06,0.0001559338955211,5.364166744304782e-09,6.724579032513189e-07,0.0076991988014934,0.2582734817212113,2.104,5.87,1.607,3.287,REVERSE,"pvalue_up (mimic-sorted, default)",0,0,,,,False,1,1,UNKNOWN,,,,,False,none,mechanism_ok,REJECT,not_matched_to_candidate_or_axis; only_1_signature_total,thioridazine,True
vandetanib,7,4,1,1,1,GSE22206_case_v_control,GSE22206_LCL_case_v_control,GSE22206_case_v_control,1,1.555123220742064e-05,0.0013761315872958,0.0001981713615483,0.0098279929084338,0.0001152245398997,0.0234766027858309,0.687,4.808,0.424,2.381,MIXED,"pvalue_up (mimic-sorted, default)",0,0,,,,False,1,1,UNKNOWN,,,,,False,none,mechanism_ok,REJECT,not_matched_to_candidate_or_axis; only_1_signature_total; mixed_l2s2_directionality_reverse_and_mimic,vandetanib,True
kpt 330,2,2,1,0,1,GSE22206_case_v_control,,GSE22206_case_v_control,1,4.068512423655676e-05,0.003060199427993,6.641031166866512e-09,7.88709833054436e-07,0.999999999999694,1.0,2.195,4.391,4.207,8.413,REVERSE,"pvalue_up (mimic-sorted, default)",0,0,,,,False,1,1,UNKNOWN,,,,,False,none,mechanism_ok,REJECT,not_matched_to_candidate_or_axis; only_1_signature_total,kpt 330,True
tioguanine,1,1,1,0,1,GSE22206_case_v_control,,GSE22206_case_v_control,1,4.442076278451844e-05,0.0032864082368283,1.1884617280857939e-07,1.0945975058879976e-05,0.9999999999996888,1.0,4.352,4.352,6.592,6.592,REVERSE,"pvalue_up (mimic-sorted, default)",0,0,,,,False,1,1,UNKNOWN,,,,,False,none,mechanism_ok,REJECT,not_matched_to_candidate_or_axis; only_1_signature_total,tioguanine,True
sertraline,1,1,1,0,1,GSE22206_case_v_control,,GSE22206_case_v_control,1,5.176570746661135e-05,0.0036733939594722,0.0001537678773995,0.0077972407944302,0.9999999999996488,1.0,4.286,4.286,3.417,3.417,REVERSE,"pvalue_up (mimic-sorted, default)",0,0,,,,False,1,1,UNKNOWN,,,,,False,none,mechanism_ok,REJECT,not_matched_to_candidate_or_axis; only_1_signature_total,sertraline,True
ponatinib,4,3,1,0,1,GSE22206_case_v_control,,GSE22206_case_v_control,1,6.356654616319385e-05,0.0043466033762802,0.0004370075263087,0.0184319155722562,0.0153756688758206,0.3985000417927636,1.049,4.197,0.69,2.617,REVERSE,"pvalue_up (mimic-sorted, default)",0,0,,,,False,1,1,UNKNOWN,,,,,False,none,mechanism_ok,REJECT,not_matched_to_candidate_or_axis; only_1_signature_total,ponatinib,True
mek 162,1,1,1,0,1,GSE22206_case_v_control,,GSE22206_case_v_control,1,9.407462409850574e-05,0.0063366981874112,1.1823667794823414e-06,9.70185686509783e-05,0.9999999999994182,1.0,4.027,4.027,5.87,5.87,REVERSE,"pvalue_up (mimic-sorted, default)",0,0,,,,False,1,1,UNKNOWN,,,,,False,none,broad_cancer_kinase,REJECT,not_matched_to_candidate_or_axis; broad_cancer_kinase_not_MVA_axis; only_1_signature_total,mek 162,True
artesunate,1,1,1,0,1,GSE22206_case_v_control,,GSE22206_case_v_control,1,0.0001063338952898,0.0067589418231424,6.125284892757444e-08,6.282593345685079e-06,0.9999945094853132,1.0,3.973,3.973,5.514,5.514,REVERSE,"pvalue_up (mimic-sorted, default)",0,0,,,,False,1,1,UNKNOWN,,,,,False,none,mechanism_ok,REJECT,not_matched_to_candidate_or_axis; only_1_signature_total,artesunate,True
gemcitabine,4,2,1,0,0,GSE22206_case_v_control,,,1,0.000110987055026,0.0069567302685091,0.0131391241568373,0.3729362724516166,0.015343980527751,0.2620267381293468,0.989,3.955,0.618,2.144,REVERSE,"pvalue_up (mimic-sorted, default)",0,0,,,,False,1,1,UNKNOWN,,,,,False,none,mechanism_ok,REJECT,not_matched_to_candidate_or_axis; only_1_signature_total,gemcitabine,True
epirubicin,5,3,1,1,0,GSE22206_case_v_control,GSE22206_fibro_case_v_control,,1,0.0004576688933102,0.0225987288380752,0.069611563306882,1.0,0.0009262346650333,0.0304496875052413,0.668,3.339,0.394,1.761,MIXED,"pvalue_up (mimic-sorted, default)",0,0,,,,False,1,1,UNKNOWN,,,,,False,none,mechanism_ok,REJECT,not_matched_to_candidate_or_axis; only_1_signature_total; mixed_l2s2_directionality_reverse_and_mimic,epirubicin,True
fulvestrant,11,6,1,2,1,GSE22206_case_v_control,GSE134780_HH_v_WT_fat;GSE22206_case_v_control,GSE22206_case_v_control,1,0.0005943486554272,0.0288418869026158,2.937188733527865e-06,0.0002285436681795,1.422847197551964e-05,0.0022183459159157,0.298,3.226,0.503,2.571,MIXED,"pvalue_up (mimic-sorted, default)",0,0,,,,False,1,1,UNKNOWN,,,,,False,none,mechanism_ok,REJECT,not_matched_to_candidate_or_axis; only_1_signature_total; mixed_l2s2_directionality_reverse_and_mimic,fulvestrant,True
doxorubicin,10,5,1,1,1,GSE22206_case_v_control,GSE22206_LCL_case_v_control,GSE22206_case_v_control,1,0.000679769266234,0.0319562364428556,7.163634781343512e-06,0.0004973766733569,0.0002322027317591,0.0410080326046867,0.347,3.168,0.473,2.754,MIXED,"pvalue_up (mimic-sorted, default)",0,0,,,,False,1,1,UNKNOWN,,,,,False,none,cytotoxic_cancer,REJECT,not_matched_to_candidate_or_axis; cytotoxic_or_cancer_mechanism; only_1_signature_total; mixed_l2s2_directionality_reverse_and_mimic,doxorubicin,True
thioguanine,1,1,1,0,1,GSE22206_case_v_control,,GSE22206_case_v_control,1,0.0007321459875492,0.0340636581629862,1.9137047155847096e-07,1.6608748810449605e-05,0.9999550077880428,1.0,3.135,3.135,6.327,6.327,REVERSE,"pvalue_up (mimic-sorted, default)",0,0,,,,False,1,1,UNKNOWN,,,,,False,none,mechanism_ok,REJECT,not_matched_to_candidate_or_axis; only_1_signature_total,thioguanine,True
cabozantinib,9,4,1,2,0,GSE22206_case_v_control,GSE134780_HH_v_WT_fat;GSE22206_LCL_case_v_control,,1,0.0008748029914369,0.0398646067158354,0.0384069130361112,1.0,0.0001157514195397,0.0227745180998388,0.361,3.058,0.84,2.666,MIXED,"pvalue_up (mimic-sorted, default)",0,0,,,,False,1,1,UNKNOWN,,,,,False,none,mechanism_ok,REJECT,not_matched_to_candidate_or_axis; only_1_signature_total; mixed_l2s2_directionality_reverse_and_mimic,cabozantinib,True
palbociclib,6,4,0,0,0,GSE134780_HH_v_WT_fat,,,1,0.0011140441307849,1.0,0.0007962699942987,0.2521659999477757,0.0077041378217929,0.2954509069526003,0.542,2.953,0.624,2.556,NOT_SIGNIFICANT,"pvalue_up (mimic-sorted, default)",1,1,GSE134780_HH_v_WT_muscle,0.0241,0.0241,False,1,1,UNKNOWN,,,,,False,none,cytotoxic_cancer,REJECT,not_matched_to_candidate_or_axis; cytotoxic_or_cancer_mechanism; only_1_signature_total,palbociclib,True
gefitinib,15,6,0,2,0,GSE22206_case_v_control,GSE22206_LCL_case_v_control;GSE22206_case_v_control,,1,0.0172493203441304,0.4277262786431908,0.2079000860839823,1.0,2.8962402925800216e-05,0.0110734939910062,0.121,1.763,0.278,1.428,MIMIC,"pvalue_up (mimic-sorted, default)",12,1,GSE22206_fibro_case_v_control,0.16254,0.1948,False,1,1,UNKNOWN,,,,,False,none,mechanism_ok,REJECT,not_matched_to_candidate_or_axis; only_1_signature_total,gefitinib,True
lapatinib,11,5,0,2,0,,GSE134780_HH_v_WT_fat;GSE22206_LCL_case_v_control,,0,0.0708219765633,1.0,0.1561648981147981,1.0,4.257069450855253e-07,0.0002678823103513,0.13,1.15,0.563,1.779,MIMIC,"pvalue_up (mimic-sorted, default)",3,1,GSE22206_fibro_case_v_control,0.15263,0.1688,False,1,1,UNKNOWN,,,,,False,none,mechanism_ok,REJECT,not_matched_to_candidate_or_axis; only_1_signature_total,lapatinib,True
belinostat,9,5,0,1,0,,GSE22206_case_v_control,,0,0.1313785556264978,1.0,0.0075686976038545,0.2379607811802819,3.116143495389358e-06,0.0006821957221444,0.098,0.881,0.438,2.307,MIMIC,"pvalue_up (mimic-sorted, default)",1,1,GSE134780_HH_v_WT_muscle,0.0241,0.0241,False,1,1,UNKNOWN,,,,,False,none,mechanism_ok,REJECT,not_matched_to_candidate_or_axis; only_1_signature_total,belinostat,True
cefixime,1,1,0,0,0,,,,0,1.0,1.0,1.0,1.0,1.0,1.0,0.0,-0.0,0.0,0.0,NOT_SIGNIFICANT,"pvalue_up (mimic-sorted, default)",3,1,GSE134781_hetL1002P_v_WT,0.0649,0.0649,False,1,1,UNKNOWN,,,,,False,none,mechanism_ok,REJECT,not_matched_to_candidate_or_axis; only_1_signature_total,cefixime,False
vincristine,3,1,0,1,0,,GSE22206_fibro_case_v_control,,0,0.999999999999995,1.0,0.9999999842876868,1.0,0.001502979567923,0.0461833925735276,0.0,0.0,0.07,0.07,MIMIC,"pvalue_up (mimic-sorted, default)",3,1,GSE134781_hetL1002P_v_WT,0.0519,0.0519,False,1,1,UNKNOWN,,,,,False,none,cytotoxic_cancer,REJECT,not_matched_to_candidate_or_axis; cytotoxic_or_cancer_mechanism; only_1_signature_total,vincristine,False
norethindrone,1,1,0,0,0,,,,0,1.0,1.0,1.0,1.0,1.0,1.0,0.0,-0.0,0.0,0.0,NOT_SIGNIFICANT,"pvalue_up (mimic-sorted, default)",1,1,GSE134780_HH_v_WT_fat,0.0493,0.0493,False,1,1,UNKNOWN,,,,,False,none,broad_cancer_kinase,REJECT,not_matched_to_candidate_or_axis; broad_cancer_kinase_not_MVA_axis; only_1_signature_total,norethindrone,True
valdecoxib,7,4,0,1,0,,GSE22206_fibro_case_v_control,,0,1.0,1.0,0.9871608098988868,1.0,0.0001052897659928,0.005944923412373,-0.0,-0.0,0.115,0.486,MIMIC,"pvalue_up (mimic-sorted, default)",2,1,GSE134781_hetX753_v_WT,0.03225,0.0382,False,1,1,UNKNOWN,,,,,False,none,mechanism_ok,REJECT,not_matched_to_candidate_or_axis; only_1_signature_total,valdecoxib,True
etoposide,1,1,0,0,0,,,,0,0.9999999999994028,1.0,0.9999994238373066,1.0,0.0075353915474764,0.3105094554827977,0.0,0.0,0.263,0.263,NOT_SIGNIFICANT,"pvalue_up (mimic-sorted, default)",1,1,GSE134781_hetX753_v_WT,0.0318,0.0318,False,1,1,UNKNOWN,,,,,False,none,cytotoxic_cancer,REJECT,not_matched_to_candidate_or_axis; cytotoxic_or_cancer_mechanism; only_1_signature_total,etoposide,False
norgestrel,2,1,0,0,0,,,,0,0.9999999999997968,1.0,0.7503606001135656,1.0,0.0149740301498997,0.4044301024347267,0.0,0.0,0.628,0.874,NOT_SIGNIFICANT,"pvalue_up (mimic-sorted, default)",1,1,GSE134780_HL1002P_v_WT_fat,0.0263,0.0263,False,1,1,UNKNOWN,,,,,False,none,mechanism_ok,REJECT,not_matched_to_candidate_or_axis; only_1_signature_total,norgestrel,True
thiothixene,1,1,0,0,0,,,,0,1.0,1.0,1.0,1.0,1.0,1.0,0.0,-0.0,0.0,0.0,NOT_SIGNIFICANT,"pvalue_up (mimic-sorted, default)",3,1,GSE134781_hetX753_v_WT,0.02247,0.0263,False,1,1,UNKNOWN,,,,,False,none,mechanism_ok,REJECT,not_matched_to_candidate_or_axis; only_1_signature_total,thiothixene,False
hy 10181,0,0,0,0,0,,,,0,,,,,,,,,,,NO_LINCS_HIT,"pvalue_up (mimic-sorted, default)",2,1,GSE22206_fibro_case_v_control,0.16195,0.1753,False,1,1,UNKNOWN,,,,,False,none,mechanism_ok,REJECT,not_matched_to_candidate_or_axis; only_1_signature_total,hy 10181,False
tgx 221,0,0,0,0,0,,,,0,,,,,,,,,,,NO_LINCS_HIT,"pvalue_up (mimic-sorted, default)",2,1,GSE22206_fibro_case_v_control,0.15775,0.1623,False,1,1,UNKNOWN,,,,,False,none,mechanism_ok,REJECT,not_matched_to_candidate_or_axis; only_1_signature_total,tgx 221,False
tg 101348,0,0,0,0,0,,,,0,,,,,,,,,,,NO_LINCS_HIT,"pvalue_up (mimic-sorted, default)",2,1,GSE22206_fibro_case_v_control,0.1522,0.1558,False,1,1,UNKNOWN,,,,,False,none,mechanism_ok,REJECT,not_matched_to_candidate_or_axis; only_1_signature_total,tg 101348,False
nvp tae684,0,0,0,0,0,,,,0,,,,,,,,,,,NO_LINCS_HIT,"pvalue_up (mimic-sorted, default)",2,1,GSE22206_fibro_case_v_control,0.14725,0.1532,False,1,1,UNKNOWN,,,,,False,none,mechanism_ok,REJECT,not_matched_to_candidate_or_axis; only_1_signature_total,nvp tae684,False
as605240,0,0,0,0,0,,,,0,,,,,,,,,,,NO_LINCS_HIT,"pvalue_up (mimic-sorted, default)",2,1,GSE22206_fibro_case_v_control,0.14495,0.1486,False,1,1,UNKNOWN,,,,,False,none,mechanism_ok,REJECT,not_matched_to_candidate_or_axis; only_1_signature_total,as605240,False
mk 0591,0,0,0,0,0,,,,0,,,,,,,,,,,NO_LINCS_HIT,"pvalue_up (mimic-sorted, default)",3,1,GSE22206_case_v_control,0.1303,0.1456,False,1,1,UNKNOWN,,,,,False,none,mechanism_ok,REJECT,not_matched_to_candidate_or_axis; only_1_signature_total,mk 0591,False
rs 17053,0,0,0,0,0,,,,0,,,,,,,,,,,NO_LINCS_HIT,"pvalue_up (mimic-sorted, default)",1,1,GSE22206_case_v_control,0.1293,0.1293,False,1,1,UNKNOWN,,,,,False,none,mechanism_ok,REJECT,not_matched_to_candidate_or_axis; only_1_signature_total,rs 17053,False
rhodomyrtoxin b,0,0,0,0,0,,,,0,,,,,,,,,,,NO_LINCS_HIT,"pvalue_up (mimic-sorted, default)",2,1,GSE22206_case_v_control,0.1205,0.1293,False,1,1,UNKNOWN,,,,,False,none,mechanism_ok,REJECT,not_matched_to_candidate_or_axis; only_1_signature_total,rhodomyrtoxin b,False
loperamide,0,0,0,0,0,,,,0,,,,,,,,,,,NO_LINCS_HIT,"pvalue_up (mimic-sorted, default)",1,1,GSE22206_case_v_control,0.1175,0.1175,False,1,1,UNKNOWN,,,,,False,none,mechanism_ok,REJECT,not_matched_to_candidate_or_axis; only_1_signature_total,loperamide,False
e3380,0,0,0,0,0,,,,0,,,,,,,,,,,NO_LINCS_HIT,"pvalue_up (mimic-sorted, default)",3,1,GSE134781_hetL1002P_v_WT,0.0909,0.0909,False,1,1,UNKNOWN,,,,,False,none,mechanism_ok,REJECT,not_matched_to_candidate_or_axis; only_1_signature_total,e3380,False
vu0420364 1,0,0,0,0,0,,,,0,,,,,,,,,,,NO_LINCS_HIT,"pvalue_up (mimic-sorted, default)",3,1,GSE134781_hetL1002P_v_WT,0.0909,0.0909,False,1,1,UNKNOWN,,,,,False,none,mechanism_ok,REJECT,not_matched_to_candidate_or_axis; only_1_signature_total,vu0420364 1,False
nsc 3852,0,0,0,0,0,,,,0,,,,,,,,,,,NO_LINCS_HIT,"pvalue_up (mimic-sorted, default)",3,1,GSE22206_LCL_case_v_control,0.07227,0.0794,False,1,1,UNKNOWN,,,,,False,none,mechanism_ok,REJECT,not_matched_to_candidate_or_axis; only_1_signature_total,nsc 3852,False
lasalocid,0,0,0,0,0,,,,0,,,,,,,,,,,NO_LINCS_HIT,"pvalue_up (mimic-sorted, default)",3,1,GSE22206_LCL_case_v_control,0.0693,0.0822,False,1,1,UNKNOWN,,,,,False,none,mechanism_ok,REJECT,not_matched_to_candidate_or_axis; only_1_signature_total,lasalocid,False
ikk 16,0,0,0,0,0,,,,0,,,,,,,,,,,NO_LINCS_HIT,"pvalue_up (mimic-sorted, default)",1,1,GSE22206_LCL_case_v_control,0.0685,0.0685,False,1,1,UNKNOWN,,,,,False,none,mechanism_ok,REJECT,not_matched_to_candidate_or_axis; only_1_signature_total,ikk 16,False
nsc 663284,0,0,0,0,0,,,,0,,,,,,,,,,,NO_LINCS_HIT,"pvalue_up (mimic-sorted, default)",1,1,GSE22206_LCL_case_v_control,0.0685,0.0685,False,1,1,UNKNOWN,,,,,False,none,mechanism_ok,REJECT,not_matched_to_candidate_or_axis; only_1_signature_total,nsc 663284,False
azd 8055,0,0,0,0,0,,,,0,,,,,,,,,,,NO_LINCS_HIT,"pvalue_up (mimic-sorted, default)",3,1,GSE134781_hetL1002P_v_WT,0.0649,0.0649,False,1,1,UNKNOWN,,,,,False,none,mechanism_ok,REJECT,not_matched_to_candidate_or_axis; only_1_signature_total,azd 8055,False
byl719,0,0,0,0,0,,,,0,,,,,,,,,,,NO_LINCS_HIT,"pvalue_up (mimic-sorted, default)",3,1,GSE134781_hetL1002P_v_WT,0.0649,0.0649,False,1,1,UNKNOWN,,,,,False,none,mechanism_ok,REJECT,not_matched_to_candidate_or_axis; only_1_signature_total,byl719,False
kin001 127,0,0,0,0,0,,,,0,,,,,,,,,,,NO_LINCS_HIT,"pvalue_up (mimic-sorted, default)",3,1,GSE134781_hetL1002P_v_WT,0.0649,0.0649,False,1,1,UNKNOWN,,,,,False,none,mechanism_ok,REJECT,not_matched_to_candidate_or_axis; only_1_signature_total,kin001 127,False
"methyl 2,5 dihydroxycinnamate",0,0,0,0,0,,,,0,,,,,,,,,,,NO_LINCS_HIT,"pvalue_up (mimic-sorted, default)",3,1,GSE134781_hetL1002P_v_WT,0.0649,0.0649,False,1,1,UNKNOWN,,,,,False,none,mechanism_ok,REJECT,not_matched_to_candidate_or_axis; only_1_signature_total,"methyl 2,5 dihydroxycinnamate",False
praziquantel,0,0,0,0,0,,,,0,,,,,,,,,,,NO_LINCS_HIT,"pvalue_up (mimic-sorted, default)",3,1,GSE134781_hetL1002P_v_WT,0.0649,0.0649,False,1,1,UNKNOWN,,,,,False,none,mechanism_ok,REJECT,not_matched_to_candidate_or_axis; only_1_signature_total,praziquantel,False
c8273,0,0,0,0,0,,,,0,,,,,,,,,,,NO_LINCS_HIT,"pvalue_up (mimic-sorted, default)",6,1,GSE134780_HH_v_WT_fat,0.05742,0.0704,False,1,1,UNKNOWN,,,,,False,none,mechanism_ok,REJECT,not_matched_to_candidate_or_axis; only_1_signature_total,c8273,False
arg a1 2 brd k39580048,0,0,0,0,0,,,,0,,,,,,,,,,,NO_LINCS_HIT,"pvalue_up (mimic-sorted, default)",1,1,GSE134780_HH_v_WT_fat,0.0563,0.0563,False,1,1,UNKNOWN,,,,,False,none,mechanism_ok,REJECT,not_matched_to_candidate_or_axis; only_1_signature_total,arg a1 2 brd k39580048,False
taxifolin (+ ),0,0,0,0,0,,,,0,,,,,,,,,,,NO_LINCS_HIT,"pvalue_up (mimic-sorted, default)",1,1,GSE134780_HH_v_WT_fat,0.0563,0.0563,False,1,1,UNKNOWN,,,,,False,none,mechanism_ok,REJECT,not_matched_to_candidate_or_axis; only_1_signature_total,taxifolin (+ ),False
akti 1 2,0,0,0,0,0,,,,0,,,,,,,,,,,NO_LINCS_HIT,"pvalue_up (mimic-sorted, default)",3,1,GSE134781_hetL1002P_v_WT,0.0519,0.0519,False,1,1,UNKNOWN,,,,,False,none,broad_cancer_kinase,REJECT,not_matched_to_candidate_or_axis; broad_cancer_kinase_not_MVA_axis; only_1_signature_total,akti 1 2,False
azd 7545 a,0,0,0,0,0,,,,0,,,,,,,,,,,NO_LINCS_HIT,"pvalue_up (mimic-sorted, default)",3,1,GSE134781_hetL1002P_v_WT,0.0519,0.0519,False,1,1,UNKNOWN,,,,,False,none,mechanism_ok,REJECT,not_matched_to_candidate_or_axis; only_1_signature_total,azd 7545 a,False
fipronil,0,0,0,0,0,,,,0,,,,,,,,,,,NO_LINCS_HIT,"pvalue_up (mimic-sorted, default)",3,1,GSE134781_hetL1002P_v_WT,0.0519,0.0519,False,1,1,UNKNOWN,,,,,False,none,mechanism_ok,REJECT,not_matched_to_candidate_or_axis; only_1_signature_total,fipronil,False
h 9,0,0,0,0,0,,,,0,,,,,,,,,,,NO_LINCS_HIT,"pvalue_up (mimic-sorted, default)",3,1,GSE134781_hetL1002P_v_WT,0.0519,0.0519,False,1,1,UNKNOWN,,,,,False,none,mechanism_ok,REJECT,not_matched_to_candidate_or_axis; only_1_signature_total,h 9,False
immethridine dihydrobromide,0,0,0,0,0,,,,0,,,,,,,,,,,NO_LINCS_HIT,"pvalue_up (mimic-sorted, default)",3,1,GSE134781_hetL1002P_v_WT,0.0519,0.0519,False,1,1,UNKNOWN,,,,,False,none,mechanism_ok,REJECT,not_matched_to_candidate_or_axis; only_1_signature_total,immethridine dihydrobromide,False
ppt,0,0,0,0,0,,,,0,,,,,,,,,,,NO_LINCS_HIT,"pvalue_up (mimic-sorted, default)",3,1,GSE134781_hetL1002P_v_WT,0.0519,0.0519,False,1,1,UNKNOWN,,,,,False,none,mechanism_ok,REJECT,not_matched_to_candidate_or_axis; only_1_signature_total,ppt,False
purvalanol a,0,0,0,0,0,,,,0,,,,,,,,,,,NO_LINCS_HIT,"pvalue_up (mimic-sorted, default)",3,1,GSE134781_hetL1002P_v_WT,0.0519,0.0519,False,1,1,UNKNOWN,,,,,False,none,mechanism_ok,REJECT,not_matched_to_candidate_or_axis; only_1_signature_total,purvalanol a,False
"w 12,",0,0,0,0,0,,,,0,,,,,,,,,,,NO_LINCS_HIT,"pvalue_up (mimic-sorted, default)",3,1,GSE134781_hetL1002P_v_WT,0.0519,0.0519,False,1,1,UNKNOWN,,,,,False,none,mechanism_ok,REJECT,not_matched_to_candidate_or_axis; only_1_signature_total,"w 12,",False
km 00927,0,0,0,0,0,,,,0,,,,,,,,,,,NO_LINCS_HIT,"pvalue_up (mimic-sorted, default)",1,1,GSE134780_HL1002P_v_WT_muscle,0.0496,0.0496,False,1,1,UNKNOWN,,,,,False,none,mechanism_ok,REJECT,not_matched_to_candidate_or_axis; only_1_signature_total,km 00927,False
methylene blue,0,0,0,0,0,,,,0,,,,,,,,,,,NO_LINCS_HIT,"pvalue_up (mimic-sorted, default)",1,1,GSE134780_HL1002P_v_WT_muscle,0.0496,0.0496,False,1,1,UNKNOWN,,,,,False,none,mechanism_ok,REJECT,not_matched_to_candidate_or_axis; only_1_signature_total,methylene blue,False
thm i 94,0,0,0,0,0,,,,0,,,,,,,,,,,NO_LINCS_HIT,"pvalue_up (mimic-sorted, default)",1,1,GSE134780_HL1002P_v_WT_muscle,0.0496,0.0496,False,1,1,UNKNOWN,,,,,False,none,mechanism_ok,REJECT,not_matched_to_candidate_or_axis; only_1_signature_total,thm i 94,False
lonidamine,0,0,0,0,0,,,,0,,,,,,,,,,,NO_LINCS_HIT,"pvalue_up (mimic-sorted, default)",1,1,GSE134780_HH_v_WT_fat,0.0493,0.0493,False,1,1,UNKNOWN,,,,,False,none,mechanism_ok,REJECT,not_matched_to_candidate_or_axis; only_1_signature_total,lonidamine,False
testosterone propionate,0,0,0,0,0,,,,0,,,,,,,,,,,NO_LINCS_HIT,"pvalue_up (mimic-sorted, default)",1,1,GSE134780_HH_v_WT_fat,0.0493,0.0493,False,1,1,UNKNOWN,,,,,False,none,mechanism_ok,REJECT,not_matched_to_candidate_or_axis; only_1_signature_total,testosterone propionate,False
emetine hydrate,0,0,0,0,0,,,,0,,,,,,,,,,,NO_LINCS_HIT,"pvalue_up (mimic-sorted, default)",2,1,GSE134780_HH_v_WT_fat,0.04835,0.0493,False,1,1,UNKNOWN,,,,,False,none,mechanism_ok,REJECT,not_matched_to_candidate_or_axis; only_1_signature_total,emetine hydrate,False
s1057,0,0,0,0,0,,,,0,,,,,,,,,,,NO_LINCS_HIT,"pvalue_up (mimic-sorted, default)",3,1,GSE134780_HH_v_WT_fat,0.048,0.0563,False,1,1,UNKNOWN,,,,,False,none,mechanism_ok,REJECT,not_matched_to_candidate_or_axis; only_1_signature_total,s1057,False
mst 312,0,0,0,0,0,,,,0,,,,,,,,,,,NO_LINCS_HIT,"pvalue_up (mimic-sorted, default)",2,1,GSE134780_HH_v_WT_fat,0.0448,0.0521,False,1,1,UNKNOWN,,,,,False,none,mechanism_ok,REJECT,not_matched_to_candidate_or_axis; only_1_signature_total,mst 312,False
homoharringtonine,0,0,0,0,0,,,,0,,,,,,,,,,,NO_LINCS_HIT,"pvalue_up (mimic-sorted, default)",3,1,GSE134780_HL1002P_v_WT_muscle,0.04423,0.0496,False,1,1,UNKNOWN,,,,,False,none,mechanism_ok,REJECT,not_matched_to_candidate_or_axis; only_1_signature_total,homoharringtonine,False
7b cis,0,0,0,0,0,,,,0,,,,,,,,,,,NO_LINCS_HIT,"pvalue_up (mimic-sorted, default)",1,1,GSE134780_HL1002P_v_WT_fat,0.0405,0.0405,False,1,1,UNKNOWN,,,,,False,none,mechanism_ok,REJECT,not_matched_to_candidate_or_axis; only_1_signature_total,7b cis,False
gsk 690693,0,0,0,0,0,,,,0,,,,,,,,,,,NO_LINCS_HIT,"pvalue_up (mimic-sorted, default)",1,1,GSE134780_HL1002P_v_WT_fat,0.0405,0.0405,False,1,1,UNKNOWN,,,,,False,none,mechanism_ok,REJECT,not_matched_to_candidate_or_axis; only_1_signature_total,gsk 690693,False
zstk 474,0,0,0,0,0,,,,0,,,,,,,,,,,NO_LINCS_HIT,"pvalue_up (mimic-sorted, default)",1,1,GSE134780_HL1002P_v_WT_fat,0.0405,0.0405,False,1,1,UNKNOWN,,,,,False,none,mechanism_ok,REJECT,not_matched_to_candidate_or_axis; only_1_signature_total,zstk 474,False
(+) jq1,0,0,0,0,0,,,,0,,,,,,,,,,,NO_LINCS_HIT,"pvalue_up (mimic-sorted, default)",1,1,GSE134780_HL1002P_v_WT_muscle,0.0383,0.0383,False,1,1,UNKNOWN,,,,,False,none,mechanism_ok,REJECT,not_matched_to_candidate_or_axis; only_1_signature_total,(+) jq1,False
cay10618,0,0,0,0,0,,,,0,,,,,,,,,,,NO_LINCS_HIT,"pvalue_up (mimic-sorted, default)",1,1,GSE134781_hetX753_v_WT,0.0382,0.0382,False,1,1,UNKNOWN,,,,,False,none,mechanism_ok,REJECT,not_matched_to_candidate_or_axis; only_1_signature_total,cay10618,False
indirubin 3 oxime,0,0,0,0,0,,,,0,,,,,,,,,,,NO_LINCS_HIT,"pvalue_up (mimic-sorted, default)",1,1,GSE134781_hetX753_v_WT,0.0382,0.0382,False,1,1,UNKNOWN,,,,,False,none,mechanism_ok,REJECT,not_matched_to_candidate_or_axis; only_1_signature_total,indirubin 3 oxime,False
s 8599,0,0,0,0,0,,,,0,,,,,,,,,,,NO_LINCS_HIT,"pvalue_up (mimic-sorted, default)",1,1,GSE134781_hetX753_v_WT,0.0382,0.0382,False,1,1,UNKNOWN,,,,,False,none,mechanism_ok,REJECT,not_matched_to_candidate_or_axis; only_1_signature_total,s 8599,False
parthenolide,0,0,0,0,0,,,,0,,,,,,,,,,,NO_LINCS_HIT,"pvalue_up (mimic-sorted, default)",5,1,GSE134780_HH_v_WT_muscle,0.03702,0.0515,False,1,1,UNKNOWN,,,,,False,none,mechanism_ok,REJECT,not_matched_to_candidate_or_axis; only_1_signature_total,parthenolide,False
cycloheximide,0,0,0,0,0,,,,0,,,,,,,,,,,NO_LINCS_HIT,"pvalue_up (mimic-sorted, default)",1,1,GSE134780_HH_v_WT_muscle,0.0368,0.0368,False,1,1,UNKNOWN,,,,,False,none,mechanism_ok,REJECT,not_matched_to_candidate_or_axis; only_1_signature_total,cycloheximide,False
hy 10518,0,0,0,0,0,,,,0,,,,,,,,,,,NO_LINCS_HIT,"pvalue_up (mimic-sorted, default)",1,1,GSE134780_HH_v_WT_muscle,0.0368,0.0368,False,1,1,UNKNOWN,,,,,False,none,mechanism_ok,REJECT,not_matched_to_candidate_or_axis; only_1_signature_total,hy 10518,False
mls 0437446.0001,0,0,0,0,0,,,,0,,,,,,,,,,,NO_LINCS_HIT,"pvalue_up (mimic-sorted, default)",1,1,GSE134780_HH_v_WT_muscle,0.0368,0.0368,False,1,1,UNKNOWN,,,,,False,none,mechanism_ok,REJECT,not_matched_to_candidate_or_axis; only_1_signature_total,mls 0437446.0001,False
nvp auy922,0,0,0,0,0,,,,0,,,,,,,,,,,NO_LINCS_HIT,"pvalue_up (mimic-sorted, default)",2,1,GSE134780_HH_v_WT_muscle,0.0368,0.0368,False,1,1,UNKNOWN,,,,,False,none,mechanism_ok,REJECT,not_matched_to_candidate_or_axis; only_1_signature_total,nvp auy922,False
ouabain,0,0,0,0,0,,,,0,,,,,,,,,,,NO_LINCS_HIT,"pvalue_up (mimic-sorted, default)",3,1,GSE134780_HL1002P_v_WT_fat,0.03627,0.0405,False,1,1,UNKNOWN,,,,,False,none,mechanism_ok,REJECT,not_matched_to_candidate_or_axis; only_1_signature_total,ouabain,False
xmd 1150,0,0,0,0,0,,,,0,,,,,,,,,,,NO_LINCS_HIT,"pvalue_up (mimic-sorted, default)",4,1,GSE134780_HL1002P_v_WT_muscle,0.03615,0.0567,False,1,1,UNKNOWN,,,,,False,none,mechanism_ok,REJECT,not_matched_to_candidate_or_axis; only_1_signature_total,xmd 1150,False
ei 215,0,0,0,0,0,,,,0,,,,,,,,,,,NO_LINCS_HIT,"pvalue_up (mimic-sorted, default)",2,1,GSE134780_HL1002P_v_WT_muscle,0.03565,0.0383,False,1,1,UNKNOWN,,,,,False,none,mechanism_ok,REJECT,not_matched_to_candidate_or_axis; only_1_signature_total,ei 215,False
bibr1532,0,0,0,0,0,,,,0,,,,,,,,,,,NO_LINCS_HIT,"pvalue_up (mimic-sorted, default)",2,1,GSE134781_hetX753_v_WT,0.03545,0.0446,False,1,1,UNKNOWN,,,,,False,none,mechanism_ok,REJECT,not_matched_to_candidate_or_axis; only_1_signature_total,bibr1532,False
bibx 1382,0,0,0,0,0,,,,0,,,,,,,,,,,NO_LINCS_HIT,"pvalue_up (mimic-sorted, default)",1,1,GSE134780_HH_v_WT_fat,0.0346,0.0346,False,1,1,UNKNOWN,,,,,False,none,mechanism_ok,REJECT,not_matched_to_candidate_or_axis; only_1_signature_total,bibx 1382,False
buparlisib,0,0,0,0,0,,,,0,,,,,,,,,,,NO_LINCS_HIT,"pvalue_up (mimic-sorted, default)",1,1,GSE134780_HL1002P_v_WT_fat,0.0345,0.0345,False,1,1,UNKNOWN,,,,,False,none,mechanism_ok,REJECT,not_matched_to_candidate_or_axis; only_1_signature_total,buparlisib,False
n9 isoproplyolomoucine,0,0,0,0,0,,,,0,,,,,,,,,,,NO_LINCS_HIT,"pvalue_up (mimic-sorted, default)",1,1,GSE134780_HL1002P_v_WT_fat,0.0345,0.0345,False,1,1,UNKNOWN,,,,,False,none,mechanism_ok,REJECT,not_matched_to_candidate_or_axis; only_1_signature_total,n9 isoproplyolomoucine,False
piperlongumine (hplc),0,0,0,0,0,,,,0,,,,,,,,,,,NO_LINCS_HIT,"pvalue_up (mimic-sorted, default)",1,1,GSE134780_HL1002P_v_WT_fat,0.0345,0.0345,False,1,1,UNKNOWN,,,,,False,none,mechanism_ok,REJECT,not_matched_to_candidate_or_axis; only_1_signature_total,piperlongumine (hplc),False
abt 751,0,0,0,0,0,,,,0,,,,,,,,,,,NO_LINCS_HIT,"pvalue_up (mimic-sorted, default)",1,1,GSE134780_HL1002P_v_WT_fat,0.0338,0.0338,False,1,1,UNKNOWN,,,,,False,none,mechanism_ok,REJECT,not_matched_to_candidate_or_axis; only_1_signature_total,abt 751,False
cercosporin,0,0,0,0,0,,,,0,,,,,,,,,,,NO_LINCS_HIT,"pvalue_up (mimic-sorted, default)",1,1,GSE134780_HL1002P_v_WT_fat,0.0338,0.0338,False,1,1,UNKNOWN,,,,,False,none,mechanism_ok,REJECT,not_matched_to_candidate_or_axis; only_1_signature_total,cercosporin,False
ku 0063794,0,0,0,0,0,,,,0,,,,,,,,,,,NO_LINCS_HIT,"pvalue_up (mimic-sorted, default)",1,1,GSE134780_HL1002P_v_WT_fat,0.0338,0.0338,False,1,1,UNKNOWN,,,,,False,none,mechanism_ok,REJECT,not_matched_to_candidate_or_axis; only_1_signature_total,ku 0063794,False
proscillaridin a,0,0,0,0,0,,,,0,,,,,,,,,,,NO_LINCS_HIT,"pvalue_up (mimic-sorted, default)",1,1,GSE134780_HL1002P_v_WT_fat,0.0338,0.0338,False,1,1,UNKNOWN,,,,,False,none,mechanism_ok,REJECT,not_matched_to_candidate_or_axis; only_1_signature_total,proscillaridin a,False
mln4924,0,0,0,0,0,,,,0,,,,,,,,,,,NO_LINCS_HIT,"pvalue_up (mimic-sorted, default)",1,1,GSE134780_HL1002P_v_WT_muscle,0.0335,0.0335,False,1,1,UNKNOWN,,,,,False,none,mechanism_ok,REJECT,not_matched_to_candidate_or_axis; only_1_signature_total,mln4924,False
penfluridol,0,0,0,0,0,,,,0,,,,,,,,,,,NO_LINCS_HIT,"pvalue_up (mimic-sorted, default)",2,1,GSE134780_HL1002P_v_WT_fat,0.0335,0.0368,False,1,1,UNKNOWN,,,,,False,none,mechanism_ok,REJECT,not_matched_to_candidate_or_axis; only_1_signature_total,penfluridol,False
puromycin,0,0,0,0,0,,,,0,,,,,,,,,,,NO_LINCS_HIT,"pvalue_up (mimic-sorted, default)",1,1,GSE134780_HL1002P_v_WT_muscle,0.0335,0.0335,False,1,1,UNKNOWN,,,,,False,none,mechanism_ok,REJECT,not_matched_to_candidate_or_axis; only_1_signature_total,puromycin,False
tl hras26,0,0,0,0,0,,,,0,,,,,,,,,,,NO_LINCS_HIT,"pvalue_up (mimic-sorted, default)",1,1,GSE134780_HL1002P_v_WT_muscle,0.0335,0.0335,False,1,1,UNKNOWN,,,,,False,none,mechanism_ok,REJECT,not_matched_to_candidate_or_axis; only_1_signature_total,tl hras26,False
b4313,0,0,0,0,0,,,,0,,,,,,,,,,,NO_LINCS_HIT,"pvalue_up (mimic-sorted, default)",2,1,GSE134780_HL1002P_v_WT_muscle,0.03325,0.0335,False,1,1,UNKNOWN,,,,,False,none,mechanism_ok,REJECT,not_matched_to_candidate_or_axis; only_1_signature_total,b4313,False
ym 201636,0,0,0,0,0,,,,0,,,,,,,,,,,NO_LINCS_HIT,"pvalue_up (mimic-sorted, default)",1,1,GSE134780_HL1002P_v_WT_muscle,0.033,0.033,False,1,1,UNKNOWN,,,,,False,none,mechanism_ok,REJECT,not_matched_to_candidate_or_axis; only_1_signature_total,ym 201636,False
gant 58,0,0,0,0,0,,,,0,,,,,,,,,,,NO_LINCS_HIT,"pvalue_up (mimic-sorted, default)",3,1,GSE134781_hetX753_v_WT,0.0324,0.0446,False,1,1,UNKNOWN,,,,,False,none,mechanism_ok,REJECT,not_matched_to_candidate_or_axis; only_1_signature_total,gant 58,False
"""""""2 (6,6 dimethoxy 3 oxocyclohexa 1,4 dienylcarbamoyl)phenyl acetate gnfk 3""""""",0,0,0,0,0,,,,0,,,,,,,,,,,NO_LINCS_HIT,"pvalue_up (mimic-sorted, default)",1,1,GSE134780_HH_v_WT_muscle,0.0323,0.0323,False,1,1,UNKNOWN,,,,,False,none,mechanism_ok,REJECT,not_matched_to_candidate_or_axis; only_1_signature_total,"""""""2 (6,6 dimethoxy 3 oxocyclohexa 1,4 dienylcarbamoyl)phenyl acetate gnfk 3""""""",False
t542500,0,0,0,0,0,,,,0,,,,,,,,,,,NO_LINCS_HIT,"pvalue_up (mimic-sorted, default)",3,1,GSE134781_hetX753_v_WT,0.03187,0.0446,False,1,1,UNKNOWN,,,,,False,none,mechanism_ok,REJECT,not_matched_to_candidate_or_axis; only_1_signature_total,t542500,False
bithionate,0,0,0,0,0,,,,0,,,,,,,,,,,NO_LINCS_HIT,"pvalue_up (mimic-sorted, default)",1,1,GSE134781_hetX753_v_WT,0.0318,0.0318,False,1,1,UNKNOWN,,,,,False,none,mechanism_ok,REJECT,not_matched_to_candidate_or_axis; only_1_signature_total,bithionate,False
mibefradil,0,0,0,0,0,,,,0,,,,,,,,,,,NO_LINCS_HIT,"pvalue_up (mimic-sorted, default)",1,1,GSE134781_hetX753_v_WT,0.0318,0.0318,False,1,1,UNKNOWN,,,,,False,none,mechanism_ok,REJECT,not_matched_to_candidate_or_axis; only_1_signature_total,mibefradil,False
nonoxynol 9,0,0,0,0,0,,,,0,,,,,,,,,,,NO_LINCS_HIT,"pvalue_up (mimic-sorted, default)",1,1,GSE134781_hetX753_v_WT,0.0318,0.0318,False,1,1,UNKNOWN,,,,,False,none,mechanism_ok,REJECT,not_matched_to_candidate_or_axis; only_1_signature_total,nonoxynol 9,False
nsc 632839,0,0,0,0,0,,,,0,,,,,,,,,,,NO_LINCS_HIT,"pvalue_up (mimic-sorted, default)",1,1,GSE134781_hetX753_v_WT,0.0318,0.0318,True,1,1,UNKNOWN,,,,,False,none,mechanism_ok,REJECT,not_matched_to_candidate_or_axis; l1000cds2_false_rescue_generic_stress_overlap; only_1_signature_total,nsc 632839,False
pipamperone,0,0,0,0,0,,,,0,,,,,,,,,,,NO_LINCS_HIT,"pvalue_up (mimic-sorted, default)",1,1,GSE134781_hetX753_v_WT,0.0318,0.0318,False,1,1,UNKNOWN,,,,,False,none,mechanism_ok,REJECT,not_matched_to_candidate_or_axis; only_1_signature_total,pipamperone,False
syrosingopine,0,0,0,0,0,,,,0,,,,,,,,,,,NO_LINCS_HIT,"pvalue_up (mimic-sorted, default)",1,1,GSE134781_hetX753_v_WT,0.0318,0.0318,False,1,1,UNKNOWN,,,,,False,none,mechanism_ok,REJECT,not_matched_to_candidate_or_axis; only_1_signature_total,syrosingopine,False
bi 2536,0,0,0,0,0,,,,0,,,,,,,,,,,NO_LINCS_HIT,"pvalue_up (mimic-sorted, default)",1,1,GSE134780_HL1002P_v_WT_fat,0.0316,0.0316,False,1,1,UNKNOWN,,,,,False,none,mechanism_ok,REJECT,not_matched_to_candidate_or_axis; only_1_signature_total,bi 2536,False
periplocymarin,0,0,0,0,0,,,,0,,,,,,,,,,,NO_LINCS_HIT,"pvalue_up (mimic-sorted, default)",3,1,GSE134780_HL1002P_v_WT_fat,0.03153,0.0345,False,1,1,UNKNOWN,,,,,False,none,mechanism_ok,REJECT,not_matched_to_candidate_or_axis; only_1_signature_total,periplocymarin,False
terfenadine,0,0,0,0,0,,,,0,,,,,,,,,,,NO_LINCS_HIT,"pvalue_up (mimic-sorted, default)",2,1,GSE134780_HL1002P_v_WT_muscle,0.0314,0.0335,False,1,1,UNKNOWN,,,,,False,none,mechanism_ok,REJECT,not_matched_to_candidate_or_axis; only_1_signature_total,terfenadine,False
bay 11 7821,0,0,0,0,0,,,,0,,,,,,,,,,,NO_LINCS_HIT,"pvalue_up (mimic-sorted, default)",4,1,GSE134780_HH_v_WT_muscle,0.03135,0.0441,False,1,1,UNKNOWN,,,,,False,none,mechanism_ok,REJECT,not_matched_to_candidate_or_axis; only_1_signature_total,bay 11 7821,False
cp466722,0,0,0,0,0,,,,0,,,,,,,,,,,NO_LINCS_HIT,"pvalue_up (mimic-sorted, default)",1,1,GSE134781_hetX753_v_WT,0.0307,0.0307,False,1,1,UNKNOWN,,,,,False,none,mechanism_ok,REJECT,not_matched_to_candidate_or_axis; only_1_signature_total,cp466722,False
chir 99021,0,0,0,0,0,,,,0,,,,,,,,,,,NO_LINCS_HIT,"pvalue_up (mimic-sorted, default)",2,1,GSE134780_HH_v_WT_muscle,0.0305,0.0369,False,1,1,UNKNOWN,,,,,False,none,mechanism_ok,REJECT,not_matched_to_candidate_or_axis; only_1_signature_total,chir 99021,False
jnk in 5a,0,0,0,0,0,,,,0,,,,,,,,,,,NO_LINCS_HIT,"pvalue_up (mimic-sorted, default)",3,1,GSE134781_hetX753_v_WT,0.03027,0.0382,False,1,1,UNKNOWN,,,,,False,none,mechanism_ok,REJECT,not_matched_to_candidate_or_axis; only_1_signature_total,jnk in 5a,False
nsc 23766,0,0,0,0,0,,,,0,,,,,,,,,,,NO_LINCS_HIT,"pvalue_up (mimic-sorted, default)",2,1,GSE134780_HL1002P_v_WT_fat,0.03005,0.0338,False,1,1,UNKNOWN,,,,,False,none,mechanism_ok,REJECT,not_matched_to_candidate_or_axis; only_1_signature_total,nsc 23766,False
t 98475,0,0,0,0,0,,,,0,,,,,,,,,,,NO_LINCS_HIT,"pvalue_up (mimic-sorted, default)",2,1,GSE134781_hetX753_v_WT,0.0296,0.0318,False,1,1,UNKNOWN,,,,,False,none,mechanism_ok,REJECT,not_matched_to_candidate_or_axis; only_1_signature_total,t 98475,False
sb590885,0,0,0,0,0,,,,0,,,,,,,,,,,NO_LINCS_HIT,"pvalue_up (mimic-sorted, default)",1,1,GSE134780_HL1002P_v_WT_muscle,0.0293,0.0293,False,1,1,UNKNOWN,,,,,False,none,mechanism_ok,REJECT,not_matched_to_candidate_or_axis; only_1_signature_total,sb590885,False
s1085,0,0,0,0,0,,,,0,,,,,,,,,,,NO_LINCS_HIT,"pvalue_up (mimic-sorted, default)",2,1,GSE134780_HH_v_WT_muscle,0.0282,0.0323,False,1,1,UNKNOWN,,,,,False,none,mechanism_ok,REJECT,not_matched_to_candidate_or_axis; only_1_signature_total,s1085,False
bvt 948,0,0,0,0,0,,,,0,,,,,,,,,,,NO_LINCS_HIT,"pvalue_up (mimic-sorted, default)",1,1,GSE134780_HH_v_WT_muscle,0.0276,0.0276,False,1,1,UNKNOWN,,,,,False,none,mechanism_ok,REJECT,not_matched_to_candidate_or_axis; only_1_signature_total,bvt 948,False
"""""""2 [(chloroacetyl)(3,4 dimethylphenyl)amino] n cyclohexyl 2 pyridin 3 ylacetamide""""""",0,0,0,0,0,,,,0,,,,,,,,,,,NO_LINCS_HIT,"pvalue_up (mimic-sorted, default)",2,1,GSE134780_HH_v_WT_muscle,0.02685,0.0323,False,1,1,UNKNOWN,,,,,False,none,mechanism_ok,REJECT,not_matched_to_candidate_or_axis; only_1_signature_total,"""""""2 [(chloroacetyl)(3,4 dimethylphenyl)amino] n cyclohexyl 2 pyridin 3 ylacetamide""""""",False
pfi 1,0,0,0,0,0,,,,0,,,,,,,,,,,NO_LINCS_HIT,"pvalue_up (mimic-sorted, default)",2,1,GSE134780_HH_v_WT_muscle,0.02685,0.0323,False,1,1,UNKNOWN,,,,,False,none,mechanism_ok,REJECT,not_matched_to_candidate_or_axis; only_1_signature_total,pfi 1,False
bo2 (inhibits rad51),0,0,0,0,0,,,,0,,,,,,,,,,,NO_LINCS_HIT,"pvalue_up (mimic-sorted, default)",3,1,GSE134781_hetX753_v_WT,0.02667,0.0274,False,1,1,UNKNOWN,,,,,False,none,mechanism_ok,REJECT,not_matched_to_candidate_or_axis; only_1_signature_total,bo2 (inhibits rad51),False
"15 deoxy ?12,14 prostaglandin j2",0,0,0,0,0,,,,0,,,,,,,,,,,NO_LINCS_HIT,"pvalue_up (mimic-sorted, default)",2,1,GSE134781_hetX753_v_WT,0.0263,0.0307,False,1,1,UNKNOWN,,,,,False,none,mechanism_ok,REJECT,not_matched_to_candidate_or_axis; only_1_signature_total,"15 deoxy ?12,14 prostaglandin j2",False
bibu 1361,0,0,0,0,0,,,,0,,,,,,,,,,,NO_LINCS_HIT,"pvalue_up (mimic-sorted, default)",1,1,GSE134780_HL1002P_v_WT_fat,0.0263,0.0263,False,1,1,UNKNOWN,,,,,False,none,mechanism_ok,REJECT,not_matched_to_candidate_or_axis; only_1_signature_total,bibu 1361,False
vu0418939 2,0,0,0,0,0,,,,0,,,,,,,,,,,NO_LINCS_HIT,"pvalue_up (mimic-sorted, default)",1,1,GSE134781_hetX753_v_WT,0.0263,0.0263,False,1,1,UNKNOWN,,,,,False,none,mechanism_ok,REJECT,not_matched_to_candidate_or_axis; only_1_signature_total,vu0418939 2,False
losartan potassium,0,0,0,0,0,,,,0,,,,,,,,,,,NO_LINCS_HIT,"pvalue_up (mimic-sorted, default)",2,1,GSE134780_HH_v_WT_muscle,0.02585,0.0276,False,1,1,UNKNOWN,,,,,False,none,mechanism_ok,REJECT,not_matched_to_candidate_or_axis; only_1_signature_total,losartan potassium,False
s1003,0,0,0,0,0,,,,0,,,,,,,,,,,NO_LINCS_HIT,"pvalue_up (mimic-sorted, default)",1,1,GSE134781_hetX753_v_WT,0.0247,0.0247,False,1,1,UNKNOWN,,,,,False,none,mechanism_ok,REJECT,not_matched_to_candidate_or_axis; only_1_signature_total,s1003,False
"""""""1 {[2 (4 chlorophenyl) 5 methyl 1,3 oxazol 4 yl]methyl} n [2 (dipropylamino)ethyl]piperidine 4 carboxamide""""""",0,0,0,0,0,,,,0,,,,,,,,,,,NO_LINCS_HIT,"pvalue_up (mimic-sorted, default)",2,1,GSE134781_hetX753_v_WT,0.0241,0.0263,False,1,1,UNKNOWN,,,,,False,none,mechanism_ok,REJECT,not_matched_to_candidate_or_axis; only_1_signature_total,"""""""1 {[2 (4 chlorophenyl) 5 methyl 1,3 oxazol 4 yl]methyl} n [2 (dipropylamino)ethyl]piperidine 4 carboxamide""""""",False
pf 562271,0,0,0,0,0,,,,0,,,,,,,,,,,NO_LINCS_HIT,"pvalue_up (mimic-sorted, default)",2,1,GSE134781_hetX753_v_WT,0.0233,0.0247,False,1,1,UNKNOWN,,,,,False,none,mechanism_ok,REJECT,not_matched_to_candidate_or_axis; only_1_signature_total,pf 562271,False
malonoben,0,0,0,0,0,,,,0,,,,,,,,,,,NO_LINCS_HIT,"pvalue_up (mimic-sorted, default)",2,1,GSE134781_hetX753_v_WT,0.02275,0.0263,False,1,1,UNKNOWN,,,,,False,none,mechanism_ok,REJECT,not_matched_to_candidate_or_axis; only_1_signature_total,malonoben,False
kin001 043,0,0,0,0,0,,,,0,,,,,,,,,,,NO_LINCS_HIT,"pvalue_up (mimic-sorted, default)",1,1,GSE134781_hetX753_v_WT,0.0219,0.0219,False,1,1,UNKNOWN,,,,,False,none,mechanism_ok,REJECT,not_matched_to_candidate_or_axis; only_1_signature_total,kin001 043,False
px12,0,0,0,0,0,,,,0,,,,,,,,,,,NO_LINCS_HIT,"pvalue_up (mimic-sorted, default)",1,1,GSE134781_hetX753_v_WT,0.0219,0.0219,False,1,1,UNKNOWN,,,,,False,none,mechanism_ok,REJECT,not_matched_to_candidate_or_axis; only_1_signature_total,px12,False
rg 108,0,0,0,0,0,,,,0,,,,,,,,,,,NO_LINCS_HIT,"pvalue_up (mimic-sorted, default)",1,1,GSE134781_hetX753_v_WT,0.0219,0.0219,False,1,1,UNKNOWN,,,,,False,none,mechanism_ok,REJECT,not_matched_to_candidate_or_axis; only_1_signature_total,rg 108,False
withaferin a,0,0,0,0,0,,,,0,,,,,,,,,,,NO_LINCS_HIT,"pvalue_up (mimic-sorted, default)",1,1,GSE134781_hetX753_v_WT,0.0219,0.0219,False,1,1,UNKNOWN,,,,,False,none,mechanism_ok,REJECT,not_matched_to_candidate_or_axis; only_1_signature_total,withaferin a,False
bl 081,0,0,0,0,0,,,,0,,,,,,,,,,,NO_LINCS_HIT,"pvalue_up (mimic-sorted, default)",1,1,GSE134780_HH_v_WT_muscle,0.0214,0.0214,False,1,1,UNKNOWN,,,,,False,none,mechanism_ok,REJECT,not_matched_to_candidate_or_axis; only_1_signature_total,bl 081,False
"nf kb activation inhibitor ii, jsh 23",0,0,0,0,0,,,,0,,,,,,,,,,,NO_LINCS_HIT,"pvalue_up (mimic-sorted, default)",1,1,GSE134780_HH_v_WT_muscle,0.0214,0.0214,False,1,1,UNKNOWN,,,,,False,none,mechanism_ok,REJECT,not_matched_to_candidate_or_axis; only_1_signature_total,"nf kb activation inhibitor ii, jsh 23",False
s1053,0,0,0,0,0,,,,0,,,,,,,,,,,NO_LINCS_HIT,"pvalue_up (mimic-sorted, default)",1,1,GSE134780_HH_v_WT_muscle,0.0214,0.0214,False,1,1,UNKNOWN,,,,,False,none,mechanism_ok,REJECT,not_matched_to_candidate_or_axis; only_1_signature_total,s1053,False
vu0418934 2,0,0,0,0,0,,,,0,,,,,,,,,,,NO_LINCS_HIT,"pvalue_up (mimic-sorted, default)",1,1,GSE134780_HH_v_WT_muscle,0.0214,0.0214,False,1,1,UNKNOWN,,,,,False,none,mechanism_ok,REJECT,not_matched_to_candidate_or_axis; only_1_signature_total,vu0418934 2,False
gr 127935,0,0,0,0,0,,,,0,,,,,,,,,,,NO_LINCS_HIT,"pvalue_up (mimic-sorted, default)",1,1,GSE134781_hetX753_v_WT,0.0192,0.0192,False,1,1,UNKNOWN,,,,,False,none,mechanism_ok,REJECT,not_matched_to_candidate_or_axis; only_1_signature_total,gr 127935,False
lylamine,0,0,0,0,0,,,,0,,,,,,,,,,,NO_LINCS_HIT,"pvalue_up (mimic-sorted, default)",1,1,GSE134781_hetX753_v_WT,0.0192,0.0192,False,1,1,UNKNOWN,,,,,False,none,mechanism_ok,REJECT,not_matched_to_candidate_or_axis; only_1_signature_total,lylamine,False
ivermectin,1,1,0,0,1,GSE22206_case_v_control,,GSE22206_case_v_control,1,0.0015170234397254,0.0658300652257778,0.0001081991823715,0.0056779408144486,0.9998966901605888,1.0,2.819,2.819,3.76,3.76,NOT_SIGNIFICANT,"pvalue_up (mimic-sorted, default)",0,0,,,,False,0,0,UNKNOWN,,,,,False,none,mechanism_ok,REJECT,not_matched_to_candidate_or_axis; no_significant_fdr_lincs_signal,ivermectin,True
bosutinib,6,4,0,0,0,GSE22206_case_v_control,,,1,0.001614874682903,0.0687635038320012,0.0457603959429884,1.0,0.0076484424739371,0.1424076516595889,0.465,2.792,0.301,1.786,NOT_SIGNIFICANT,"pvalue_up (mimic-sorted, default)",0,0,,,,False,0,0,UNKNOWN,,,,,False,none,mechanism_ok,REJECT,not_matched_to_candidate_or_axis; no_significant_fdr_lincs_signal,bosutinib,True
tamoxifen,6,4,0,0,0,GSE22206_case_v_control,,,1,0.0056665326978867,0.1887424722801762,0.2294637325312549,1.0,0.0038079399182504,0.2222178275127099,0.425,2.247,0.73,1.485,NOT_SIGNIFICANT,"pvalue_up (mimic-sorted, default)",0,0,,,,False,0,0,UNKNOWN,,,,,False,none,mechanism_ok,REJECT,not_matched_to_candidate_or_axis; no_significant_fdr_lincs_signal,tamoxifen,True
vinblastine,8,3,0,1,0,GSE134780_HH_v_WT_fat,GSE22206_fibro_case_v_control,,1,0.007156578629606,1.0,0.0001602486769357,0.0921830514072769,1.4997606865687826e-09,3.093419433514046e-07,0.268,2.145,1.162,6.823,MIMIC,"pvalue_up (mimic-sorted, default)",0,0,,,,False,0,0,UNKNOWN,,,,,False,none,cytotoxic_cancer,REJECT,not_matched_to_candidate_or_axis; cytotoxic_or_cancer_mechanism; no_significant_fdr_lincs_signal,vinblastine,True
valrubicin,1,1,0,0,0,GSE22206_case_v_control,,,1,0.0073124534975572,0.2263626006595662,0.013071135476723,0.3729362724516166,0.9999999999996816,1.0,2.136,2.136,3.073,3.073,NOT_SIGNIFICANT,"pvalue_up (mimic-sorted, default)",0,0,,,,False,0,0,UNKNOWN,,,,,False,none,mechanism_ok,REJECT,not_matched_to_candidate_or_axis; no_significant_fdr_lincs_signal,valrubicin,True
irinotecan,2,2,0,0,0,GSE22206_case_v_control,,,1,0.0074219431232292,0.2263626006595662,0.0424414695582258,0.9975955839389236,0.9999999999998844,1.0,1.065,2.129,1.191,2.383,NOT_SIGNIFICANT,"pvalue_up (mimic-sorted, default)",0,0,,,,False,0,0,UNKNOWN,,,,,False,none,cytotoxic_cancer,REJECT,not_matched_to_candidate_or_axis; cytotoxic_or_cancer_mechanism; no_significant_fdr_lincs_signal,irinotecan,True
nelfinavir,1,1,0,0,0,GSE22206_case_v_control,,,1,0.0102608534003714,0.2995164593871051,0.025806918458345,0.6506515251536928,0.9990913332821671,1.0,1.989,1.989,2.188,2.188,NOT_SIGNIFICANT,"pvalue_up (mimic-sorted, default)",0,0,,,,False,0,0,UNKNOWN,,,,,False,none,mechanism_ok,REJECT,not_matched_to_candidate_or_axis; no_significant_fdr_lincs_signal,nelfinavir,True
midostaurin,4,3,0,0,0,GSE22206_case_v_control,,,1,0.0103503560413209,0.2995164593871051,0.0683371390346719,1.0,0.0153252946515615,0.393971432020523,0.498,1.985,1.125,2.297,NOT_SIGNIFICANT,"pvalue_up (mimic-sorted, default)",0,0,,,,False,0,0,UNKNOWN,,,,,False,none,mechanism_ok,REJECT,not_matched_to_candidate_or_axis; no_significant_fdr_lincs_signal,midostaurin,True
digitoxin,5,4,0,1,0,GSE22206_case_v_control,GSE22206_fibro_case_v_control,,1,0.0152356879866442,0.38530322067252,0.3104115552467907,1.0,0.0004447833501075,0.0178287512633517,0.363,1.817,0.292,1.422,MIMIC,"pvalue_up (mimic-sorted, default)",0,0,,,,False,0,0,UNKNOWN,,,,,False,none,mechanism_ok,REJECT,not_matched_to_candidate_or_axis; no_significant_fdr_lincs_signal,digitoxin,True
paroxetine,2,2,0,0,0,GSE22206_case_v_control,,,1,0.0152330841000035,0.38530322067252,0.3051405282553744,1.0,0.9999999999997766,1.0,0.909,1.817,0.716,1.431,NOT_SIGNIFICANT,"pvalue_up (mimic-sorted, default)",0,0,,,,False,0,0,UNKNOWN,,,,,False,none,mechanism_ok,REJECT,not_matched_to_candidate_or_axis; no_significant_fdr_lincs_signal,paroxetine,True
everolimus,11,5,0,3,1,GSE134780_HH_v_WT_fat,GSE22206_LCL_case_v_control;GSE22206_case_v_control;GSE22206_fibro_case_v_control,GSE22206_case_v_control,1,0.0154313035165776,1.0,1.1409501009410378e-05,0.0007462475080502,3.1372285610892255e-10,6.441300641109106e-08,0.167,1.812,0.727,2.808,MIMIC,"pvalue_up (mimic-sorted, default)",0,0,,,,False,0,0,APPROVED_MEDICATION,FDA; EMA,mTORC1 inhibitor; paediatric-approved for TSC-SEGA,MTORC1/autophagy via FKBP1A,Tier2-AUTOPHAGY,True,track2_candidates,mechanism_ok,REJECT,no_significant_fdr_lincs_signal,everolimus,True
daunorubicin,6,3,0,0,0,GSE22206_case_v_control,,,1,0.0191928091406626,0.4656835895258638,0.6083971391844993,1.0,0.0038187881677232,0.2179454905769217,0.286,1.717,0.252,1.0,NOT_SIGNIFICANT,"pvalue_up (mimic-sorted, default)",0,0,,,,False,0,0,UNKNOWN,,,,,False,none,mechanism_ok,REJECT,not_matched_to_candidate_or_axis; no_significant_fdr_lincs_signal,daunorubicin,True
bortezomib,13,6,0,5,0,GSE134780_HH_v_WT_fat,GSE134780_HH_v_WT_fat;GSE134780_HL1002P_v_WT_fat;GSE22206_LCL_case_v_control;GSE22206_case_v_control;GSE22206_fibro_case_v_control,,1,0.0268766807653709,1.0,0.4163283008138326,1.0,2.5774413914388838e-27,1.425067345326559e-23,0.192,1.571,0.196,1.041,MIMIC,"pvalue_up (mimic-sorted, default)",0,0,,,,False,0,0,UNKNOWN,,,,,False,none,cytotoxic_cancer,REJECT,not_matched_to_candidate_or_axis; cytotoxic_or_cancer_mechanism; no_significant_fdr_lincs_signal,bortezomib,True
amitriptyline,3,2,0,0,0,GSE22206_case_v_control,,,1,0.0305138615139889,0.6294181503055933,0.2253040605635335,1.0,0.0150748671441437,0.2620267381293468,0.505,1.516,0.578,1.705,NOT_SIGNIFICANT,"pvalue_up (mimic-sorted, default)",0,0,,,,False,0,0,UNKNOWN,,,,,False,none,mechanism_ok,REJECT,not_matched_to_candidate_or_axis; no_significant_fdr_lincs_signal,amitriptyline,True
mycophenolate mofetil,2,2,0,0,0,GSE22206_case_v_control,,,1,0.0308268490571019,0.6294181503055933,0.6638520381368288,1.0,0.9999999999996684,1.0,0.756,1.511,0.487,0.975,NOT_SIGNIFICANT,"pvalue_up (mimic-sorted, default)",0,0,,,,False,0,0,UNKNOWN,,,,,False,none,mechanism_ok,REJECT,not_matched_to_candidate_or_axis; no_significant_fdr_lincs_signal,mycophenolate mofetil,True
atorvastatin,7,5,0,0,0,GSE22206_case_v_control,,,1,0.0346376459814336,0.6904011632148961,0.3527616994261899,1.0,0.0154030567835965,0.3816574455090226,0.346,1.46,0.391,1.349,NOT_SIGNIFICANT,"pvalue_up (mimic-sorted, default)",0,0,,,,False,0,0,UNKNOWN,,,,,False,none,mechanism_ok,REJECT,not_matched_to_candidate_or_axis; no_significant_fdr_lincs_signal,atorvastatin,True
simvastatin,9,5,0,0,0,GSE22206_case_v_control,,,1,0.0347357422234609,0.6904011632148961,0.1998288327504761,1.0,0.0018994338975489,0.1069066739483911,0.163,1.459,0.331,1.587,NOT_SIGNIFICANT,"pvalue_up (mimic-sorted, default)",0,0,,,,False,0,0,UNKNOWN,,,,,False,none,mechanism_ok,REJECT,not_matched_to_candidate_or_axis; no_significant_fdr_lincs_signal,simvastatin,True
raloxifene,12,4,0,0,0,,,,0,0.0540817795525507,1.0,0.65212045300635,1.0,0.0019050173761259,0.0798066252291616,0.121,1.267,0.209,0.977,NOT_SIGNIFICANT,"pvalue_up (mimic-sorted, default)",0,0,,,,False,0,0,UNKNOWN,,,,,False,none,mechanism_ok,REJECT,not_matched_to_candidate_or_axis; no_significant_fdr_lincs_signal,raloxifene,True
temsirolimus,5,4,0,0,0,,,,0,0.0615011532291375,1.0,0.2404680811239447,1.0,0.0037416739743933,0.1686728570067411,0.242,1.211,0.448,1.497,NOT_SIGNIFICANT,"pvalue_up (mimic-sorted, default)",0,0,,,,False,0,0,APPROVED_MEDICATION,,FK506-binding protein 1A inhibitor,FK506-binding protein 1A inhibitor,,True,chembl_axis_approved,mechanism_ok,REJECT,no_significant_fdr_lincs_signal,temsirolimus,True
gdc 0199,9,5,0,0,0,,,,0,0.061913541228312,1.0,0.118656277229213,1.0,0.0018908787761269,0.0601157311249586,0.23,1.208,0.508,1.844,NOT_SIGNIFICANT,"pvalue_up (mimic-sorted, default)",0,0,,,,False,0,0,UNKNOWN,,,,,False,none,mechanism_ok,REJECT,not_matched_to_candidate_or_axis; no_significant_fdr_lincs_signal,gdc 0199,True
ibrutinib,11,6,0,3,0,,GSE134780_HH_v_WT_fat;GSE22206_LCL_case_v_control;GSE22206_case_v_control,,0,0.0622050564782234,1.0,0.0188393562333082,1.0,2.1469975076314866e-07,0.0001643679949056,0.124,1.206,0.394,1.921,MIMIC,"pvalue_up (mimic-sorted, default)",0,0,,,,False,0,0,UNKNOWN,,,,,False,none,mechanism_ok,REJECT,not_matched_to_candidate_or_axis; no_significant_fdr_lincs_signal,ibrutinib,True
auranofin,2,2,0,0,0,,,,0,0.1075994395107004,1.0,0.0869482589439808,1.0,0.9849608852558902,1.0,0.484,0.968,1.077,2.154,NOT_SIGNIFICANT,"pvalue_up (mimic-sorted, default)",0,0,,,,False,0,0,UNKNOWN,,,,,False,none,mechanism_ok,REJECT,not_matched_to_candidate_or_axis; no_significant_fdr_lincs_signal,auranofin,True
diltiazem,5,3,0,0,0,,,,0,0.1082624623221629,1.0,0.0736995477316326,1.0,0.0075553680142326,0.2954509069526003,0.193,0.966,0.537,2.252,NOT_SIGNIFICANT,"pvalue_up (mimic-sorted, default)",0,0,,,,False,0,0,UNKNOWN,,,,,False,none,mechanism_ok,REJECT,not_matched_to_candidate_or_axis; no_significant_fdr_lincs_signal,diltiazem,True
amlodipine,5,3,0,0,0,,,,0,0.1085723465935721,1.0,0.1118522533559445,1.0,0.0076264953547475,0.3105094554827977,0.253,0.964,0.605,1.874,NOT_SIGNIFICANT,"pvalue_up (mimic-sorted, default)",0,0,,,,False,0,0,UNKNOWN,,,,,False,none,mechanism_ok,REJECT,not_matched_to_candidate_or_axis; no_significant_fdr_lincs_signal,amlodipine,True
fostamatinib,10,4,0,2,0,,GSE134780_HH_v_WT_fat;GSE22206_LCL_case_v_control,,0,0.1089886676606061,1.0,0.0381642650000463,1.0,7.075810901662588e-06,0.0027850535820093,0.103,0.963,0.692,2.163,MIMIC,"pvalue_up (mimic-sorted, default)",0,0,,,,False,0,0,UNKNOWN,,,,,False,none,mechanism_ok,REJECT,not_matched_to_candidate_or_axis; no_significant_fdr_lincs_signal,fostamatinib,True
nilotinib,7,4,0,0,0,,,,0,0.1088024228930414,1.0,0.2935511713369392,1.0,0.0018964021032939,0.0601157311249586,0.164,0.963,0.401,1.452,NOT_SIGNIFICANT,"pvalue_up (mimic-sorted, default)",0,0,,,,False,0,0,UNKNOWN,,,,,False,none,mechanism_ok,REJECT,not_matched_to_candidate_or_axis; no_significant_fdr_lincs_signal,nilotinib,True
menadione,2,1,0,0,0,,,,0,0.1427431004832247,1.0,0.0651082690890914,1.0,0.0306864389257809,0.6189753487724887,0.423,0.845,1.115,2.023,NOT_SIGNIFICANT,"pvalue_up (mimic-sorted, default)",0,0,,,,False,0,0,UNKNOWN,,,,,False,none,mechanism_ok,REJECT,not_matched_to_candidate_or_axis; no_significant_fdr_lincs_signal,menadione,True
calcitriol,9,5,0,0,0,,,,0,0.1709491383469779,1.0,0.0905555744893732,1.0,0.0038246598916923,0.1025229969748959,0.086,0.767,0.424,1.726,NOT_SIGNIFICANT,"pvalue_up (mimic-sorted, default)",0,0,,,,False,0,0,UNKNOWN,,,,,False,none,mechanism_ok,REJECT,not_matched_to_candidate_or_axis; no_significant_fdr_lincs_signal,calcitriol,True
lonafarnib,1,1,0,0,0,,,,0,0.186337206289558,1.0,0.395002892023269,1.0,0.9693281578767378,1.0,0.73,0.73,1.335,1.335,NOT_SIGNIFICANT,"pvalue_up (mimic-sorted, default)",0,0,,,,False,0,0,UNKNOWN,,,,,False,none,mechanism_ok,REJECT,not_matched_to_candidate_or_axis; no_significant_fdr_lincs_signal,lonafarnib,True
cyt 387,5,3,0,0,0,,,,0,0.1866877832478332,1.0,0.7014036732756316,1.0,0.0076010899292968,0.3220767539252558,0.146,0.729,0.263,0.932,NOT_SIGNIFICANT,"pvalue_up (mimic-sorted, default)",0,0,,,,False,0,0,UNKNOWN,,,,,False,none,mechanism_ok,REJECT,not_matched_to_candidate_or_axis; no_significant_fdr_lincs_signal,cyt 387,True
nintedanib,1,1,0,0,0,,,,0,0.1865465277049949,1.0,0.5641559778012856,1.0,0.9692245576114208,1.0,0.729,0.729,1.094,1.094,NOT_SIGNIFICANT,"pvalue_up (mimic-sorted, default)",0,0,,,,False,0,0,UNKNOWN,,,,,False,none,mechanism_ok,REJECT,not_matched_to_candidate_or_axis; no_significant_fdr_lincs_signal,nintedanib,True
pazopanib,11,5,0,3,0,,GSE134780_HH_v_WT_fat;GSE22206_LCL_case_v_control;GSE22206_case_v_control,,0,0.2260014102146577,1.0,0.3317687108523844,1.0,5.732853738277141e-05,0.0066899032607263,0.065,0.646,0.416,1.217,MIMIC,"pvalue_up (mimic-sorted, default)",0,0,,,,False,0,0,UNKNOWN,,,,,False,none,mechanism_ok,REJECT,not_matched_to_candidate_or_axis; no_significant_fdr_lincs_signal,pazopanib,True
methazolamide,4,2,0,0,0,,,,0,0.3424183024589924,1.0,0.0064051991018093,0.7558134940135043,0.8926112180211809,1.0,0.116,0.465,1.01,4.039,NOT_SIGNIFICANT,"pvalue_up (mimic-sorted, default)",0,0,,,,False,0,0,UNKNOWN,,,,,False,none,mechanism_ok,REJECT,not_matched_to_candidate_or_axis; no_significant_fdr_lincs_signal,methazolamide,True
imatinib,10,4,0,2,0,,GSE22206_LCL_case_v_control;GSE22206_fibro_case_v_control,,0,0.3434713137150811,1.0,0.3673978531577641,1.0,0.0002347049831972,0.0304496875052413,0.059,0.464,0.228,1.232,MIMIC,"pvalue_up (mimic-sorted, default)",0,0,,,,False,0,0,UNKNOWN,,,,,False,none,mechanism_ok,REJECT,not_matched_to_candidate_or_axis; no_significant_fdr_lincs_signal,imatinib,True
indinavir,5,4,0,0,0,,,,0,0.5000000000000945,1.0,0.3119651485982995,1.0,0.015335654379945,0.32506395565543,0.06,0.301,0.398,1.49,NOT_SIGNIFICANT,"pvalue_up (mimic-sorted, default)",0,0,,,,False,0,0,UNKNOWN,,,,,False,none,mechanism_ok,REJECT,not_matched_to_candidate_or_axis; no_significant_fdr_lincs_signal,indinavir,True
salmeterol,3,3,0,0,0,,,,0,0.4999999999999493,1.0,0.1663541565156237,1.0,0.0037349742394666,0.0874030505375287,0.1,0.301,0.64,1.908,NOT_SIGNIFICANT,"pvalue_up (mimic-sorted, default)",0,0,,,,False,0,0,UNKNOWN,,,,,False,none,mechanism_ok,REJECT,not_matched_to_candidate_or_axis; no_significant_fdr_lincs_signal,salmeterol,False
thalidomide,8,3,0,1,0,,GSE22206_fibro_case_v_control,,0,0.5000000000003234,1.0,0.3493828385888195,1.0,0.0009256517413519,0.0304496875052413,0.039,0.301,0.368,1.416,MIMIC,"pvalue_up (mimic-sorted, default)",0,0,,,,False,0,0,UNKNOWN,,,,,False,none,mechanism_ok,REJECT,not_matched_to_candidate_or_axis; pediatric_safety_contraindication; no_significant_fdr_lincs_signal,thalidomide,True
trilostane,4,2,0,0,0,,,,0,0.4999999999998708,1.0,0.0059275400405005,1.0,0.0072901723849175,0.3105094554827977,0.079,0.301,2.338,4.93,NOT_SIGNIFICANT,"pvalue_up (mimic-sorted, default)",0,0,,,,False,0,0,UNKNOWN,,,,,False,none,mechanism_ok,REJECT,not_matched_to_candidate_or_axis; no_significant_fdr_lincs_signal,trilostane,False
crizotinib,10,4,0,2,0,,GSE134780_HH_v_WT_fat;GSE22206_fibro_case_v_control,,0,0.6233746509308811,1.0,0.860047795739165,1.0,0.0001170872174887,0.0064148720702016,0.026,0.205,0.197,0.752,MIMIC,"pvalue_up (mimic-sorted, default)",0,0,,,,False,0,0,UNKNOWN,,,,,False,none,mechanism_ok,REJECT,not_matched_to_candidate_or_axis; no_significant_fdr_lincs_signal,crizotinib,True
olaparib,10,5,0,2,0,,GSE22206_LCL_case_v_control;GSE22206_fibro_case_v_control,,0,0.6369932170116209,1.0,0.4428215959547943,1.0,1.4362568643397844e-05,0.0046550229873887,0.039,0.196,0.26,1.168,MIMIC,"pvalue_up (mimic-sorted, default)",0,0,,,,False,0,0,UNKNOWN,,,,,False,none,cytotoxic_cancer,REJECT,not_matched_to_candidate_or_axis; cytotoxic_or_cancer_mechanism; no_significant_fdr_lincs_signal,olaparib,True
valproic acid,11,4,0,3,0,,GSE22206_LCL_case_v_control;GSE22206_case_v_control;GSE22206_fibro_case_v_control,,0,0.6566824269334199,1.0,0.3801018394315685,1.0,1.3643506446282504e-05,0.0026192685128304,0.017,0.183,0.342,1.307,MIMIC,"pvalue_up (mimic-sorted, default)",0,0,,,,False,0,0,UNKNOWN,,,,,False,none,mechanism_ok,REJECT,not_matched_to_candidate_or_axis; no_significant_fdr_lincs_signal,valproic acid,True
pentoxifylline,2,2,0,0,0,,,,0,0.6569538319951718,1.0,0.0378201889555115,1.0,0.0152762386128819,0.32506395565543,0.091,0.182,1.344,2.678,NOT_SIGNIFICANT,"pvalue_up (mimic-sorted, default)",0,0,,,,False,0,0,UNKNOWN,,,,,False,none,mechanism_ok,REJECT,not_matched_to_candidate_or_axis; no_significant_fdr_lincs_signal,pentoxifylline,False
estradiol,13,6,0,3,0,,GSE134780_HH_v_WT_fat;GSE22206_case_v_control;GSE22206_fibro_case_v_control,,0,0.6973767550522583,1.0,0.1180477825428885,1.0,5.7594964612917e-09,9.291301969876646e-07,0.012,0.157,0.376,1.466,MIMIC,"pvalue_up (mimic-sorted, default)",0,0,,,,False,0,0,UNKNOWN,,,,,False,none,mechanism_ok,REJECT,not_matched_to_candidate_or_axis; no_significant_fdr_lincs_signal,estradiol,True
dacomitinib,1,1,0,0,0,,,,0,0.7476700261175364,1.0,0.0028492258512603,0.456648759622519,0.5000000000002951,1.0,0.126,0.126,3.331,3.331,NOT_SIGNIFICANT,"pvalue_up (mimic-sorted, default)",0,0,,,,False,0,0,UNKNOWN,,,,,False,none,mechanism_ok,REJECT,not_matched_to_candidate_or_axis; no_significant_fdr_lincs_signal,dacomitinib,False
azd 5363,9,4,0,2,0,,GSE22206_case_v_control;GSE22206_fibro_case_v_control,,0,0.7743980559071527,1.0,0.4815148603518444,1.0,1.32330098889545e-05,0.001030577683938,0.012,0.111,0.311,1.145,MIMIC,"pvalue_up (mimic-sorted, default)",0,0,,,,False,0,0,UNKNOWN,,,,,False,none,mechanism_ok,REJECT,not_matched_to_candidate_or_axis; no_significant_fdr_lincs_signal,azd 5363,True
troglitazone,13,5,0,3,0,,GSE134780_HH_v_WT_fat;GSE22206_case_v_control;GSE22206_fibro_case_v_control,,0,0.7738137902952938,1.0,0.2775272761776247,1.0,5.245642295264172e-08,2.132728281760262e-05,0.013,0.111,0.3,1.321,MIMIC,"pvalue_up (mimic-sorted, default)",0,0,,,,False,0,0,UNKNOWN,,,,,False,none,mechanism_ok,REJECT,not_matched_to_candidate_or_axis; no_significant_fdr_lincs_signal,troglitazone,True
colchicine,6,2,0,2,0,,GSE22206_case_v_control;GSE22206_fibro_case_v_control,,0,0.7758083848138462,1.0,0.0154535051199667,0.512720488147876,3.533368007286477e-17,1.5960223288913014e-14,0.018,0.11,1.041,2.841,MIMIC,"pvalue_up (mimic-sorted, default)",0,0,,,,False,0,0,UNKNOWN,,,,,False,none,mechanism_ok,REJECT,not_matched_to_candidate_or_axis; no_significant_fdr_lincs_signal,colchicine,True
phentolamine,3,2,0,0,0,,,,0,0.7756911396482047,1.0,0.0017138030673284,0.3943460857922826,0.030402000671871,0.4957283825652637,0.037,0.11,1.609,4.52,NOT_SIGNIFICANT,"pvalue_up (mimic-sorted, default)",0,0,,,,False,0,0,UNKNOWN,,,,,False,none,mechanism_ok,REJECT,not_matched_to_candidate_or_axis; no_significant_fdr_lincs_signal,phentolamine,False
chloroquine,3,1,0,0,0,,,,0,0.8136091419220776,1.0,0.4336909771145131,1.0,0.0306983762712074,0.5969268526676671,0.03,0.09,0.647,1.274,NOT_SIGNIFICANT,"pvalue_up (mimic-sorted, default)",0,0,,,,False,0,0,UNKNOWN,,,,,False,none,mechanism_ok,REJECT,not_matched_to_candidate_or_axis; no_significant_fdr_lincs_signal,chloroquine,True
cimetidine,2,2,0,0,0,,,,0,0.8136091419220776,1.0,0.1205685022415863,1.0,0.0152123861023228,0.393971432020523,0.045,0.09,1.089,2.132,NOT_SIGNIFICANT,"pvalue_up (mimic-sorted, default)",0,0,,,,False,0,0,UNKNOWN,,,,,False,none,mechanism_ok,REJECT,not_matched_to_candidate_or_axis; no_significant_fdr_lincs_signal,cimetidine,True
haloperidol,3,2,0,0,0,,,,0,0.8136542042390487,1.0,0.0506342362347048,1.0,0.0075131463648777,0.3220767539252558,0.03,0.09,1.015,2.791,NOT_SIGNIFICANT,"pvalue_up (mimic-sorted, default)",0,0,,,,False,0,0,UNKNOWN,,,,,False,none,mechanism_ok,REJECT,not_matched_to_candidate_or_axis; no_significant_fdr_lincs_signal,haloperidol,True
hydrocortisone,2,2,0,0,0,,,,0,0.813462280384012,1.0,0.0923333065277158,1.0,0.4999999999999276,1.0,0.09,0.09,2.087,2.325,NOT_SIGNIFICANT,"pvalue_up (mimic-sorted, default)",0,0,,,,False,0,0,UNKNOWN,,,,,False,none,mechanism_ok,REJECT,not_matched_to_candidate_or_axis; no_significant_fdr_lincs_signal,hydrocortisone,False
lenalidomide,8,4,0,2,0,,GSE22206_case_v_control;GSE22206_fibro_case_v_control,,0,0.8134419759809005,1.0,0.0987290448086877,1.0,2.5974703276430377e-05,0.0032849951914877,0.011,0.09,0.61,2.276,MIMIC,"pvalue_up (mimic-sorted, default)",0,0,,,,False,0,0,UNKNOWN,,,,,False,none,mechanism_ok,REJECT,not_matched_to_candidate_or_axis; pediatric_safety_contraindication; no_significant_fdr_lincs_signal,lenalidomide,True
dipyridamole,2,1,0,0,0,,,,0,0.8141212792374901,1.0,0.0342412060604446,1.0,0.4999999999999548,1.0,0.045,0.089,1.561,3.123,NOT_SIGNIFICANT,"pvalue_up (mimic-sorted, default)",0,0,,,,False,0,0,UNKNOWN,,,,,False,none,mechanism_ok,REJECT,not_matched_to_candidate_or_axis; no_significant_fdr_lincs_signal,dipyridamole,False
eptifibatide,2,1,0,0,0,,,,0,0.813968866235198,1.0,0.0485033108127547,1.0,0.0150799838596075,0.3985000417927636,0.045,0.089,1.57,2.828,NOT_SIGNIFICANT,"pvalue_up (mimic-sorted, default)",0,0,,,,False,0,0,UNKNOWN,,,,,False,none,mechanism_ok,REJECT,not_matched_to_candidate_or_axis; no_significant_fdr_lincs_signal,eptifibatide,False
macitentan,1,1,0,0,0,,,,0,0.8138255611955535,1.0,0.031028729597336,1.0,0.4999999999995306,1.0,0.089,0.089,3.207,3.207,NOT_SIGNIFICANT,"pvalue_up (mimic-sorted, default)",0,0,,,,False,0,0,UNKNOWN,,,,,False,none,mechanism_ok,REJECT,not_matched_to_candidate_or_axis; no_significant_fdr_lincs_signal,macitentan,False
trimethoprim,1,1,0,0,0,,,,0,0.8143968264169678,1.0,0.007844396983583,1.0,0.4999999999998883,1.0,0.089,0.089,4.598,4.598,NOT_SIGNIFICANT,"pvalue_up (mimic-sorted, default)",0,0,,,,False,0,0,UNKNOWN,,,,,False,none,mechanism_ok,REJECT,not_matched_to_candidate_or_axis; no_significant_fdr_lincs_signal,trimethoprim,False
tul,8,3,0,2,0,,GSE22206_LCL_case_v_control;GSE22206_case_v_control,,0,0.8149851188131119,1.0,0.0066375365090261,0.763648575363463,4.17990916627283e-05,0.0148442507524902,0.013,0.089,1.456,4.801,MIMIC,"pvalue_up (mimic-sorted, default)",0,0,,,,False,0,0,UNKNOWN,,,,,False,none,mechanism_ok,REJECT,not_matched_to_candidate_or_axis; no_significant_fdr_lincs_signal,tul,True
hexachlorophene,3,2,0,0,0,,,,0,0.8576345957794553,1.0,0.0014120544461591,0.3420144505907644,0.0305684468704295,0.4957283825652637,0.022,0.067,1.453,4.111,NOT_SIGNIFICANT,"pvalue_up (mimic-sorted, default)",0,0,,,,False,0,0,UNKNOWN,,,,,False,none,mechanism_ok,REJECT,not_matched_to_candidate_or_axis; no_significant_fdr_lincs_signal,hexachlorophene,False
paclitaxel,11,5,0,2,0,,GSE22206_case_v_control;GSE22206_fibro_case_v_control,,0,0.891299783652839,1.0,0.1086948623580704,1.0,5.038419958071661e-15,2.172933116462905e-12,0.007,0.05,0.433,1.713,MIMIC,"pvalue_up (mimic-sorted, default)",0,0,,,,False,0,0,UNKNOWN,,,,,False,none,cytotoxic_cancer,REJECT,not_matched_to_candidate_or_axis; cytotoxic_or_cancer_mechanism; no_significant_fdr_lincs_signal,paclitaxel,True
clobetasol,1,1,0,0,0,,,,0,0.8927301518047598,1.0,0.0048727935829175,0.6555371609371785,0.3423380769053816,1.0,0.049,0.049,4.284,4.284,NOT_SIGNIFICANT,"pvalue_up (mimic-sorted, default)",0,0,,,,False,0,0,UNKNOWN,,,,,False,none,mechanism_ok,REJECT,not_matched_to_candidate_or_axis; no_significant_fdr_lincs_signal,clobetasol,False
tretinoin,7,4,0,1,0,,GSE22206_case_v_control,,0,0.9117695063064848,1.0,0.0219215046199569,0.5751845950573587,7.837807852263033e-07,0.0002273241905872,0.006,0.04,0.499,1.936,MIMIC,"pvalue_up (mimic-sorted, default)",0,0,,,,False,0,0,UNKNOWN,,,,,False,none,broad_cancer_kinase,REJECT,not_matched_to_candidate_or_axis; broad_cancer_kinase_not_MVA_axis; no_significant_fdr_lincs_signal,tretinoin,True
docetaxel,10,5,0,1,0,,GSE22206_fibro_case_v_control,,0,0.9692133007665148,1.0,0.0127759811199245,1.0,9.928494288805007e-10,2.3867243214325803e-07,0.002,0.014,0.57,3.077,MIMIC,"pvalue_up (mimic-sorted, default)",0,0,,,,False,0,0,UNKNOWN,,,,,False,none,cytotoxic_cancer,REJECT,not_matched_to_candidate_or_axis; cytotoxic_or_cancer_mechanism; no_significant_fdr_lincs_signal,docetaxel,True
flutamide,8,5,0,1,0,,GSE22206_fibro_case_v_control,,0,0.9691720080852816,1.0,0.0559700046830207,1.0,0.0004528200944595,0.0208178372705678,0.003,0.014,0.603,2.423,MIMIC,"pvalue_up (mimic-sorted, default)",0,0,,,,False,0,0,UNKNOWN,,,,,False,none,mechanism_ok,REJECT,not_matched_to_candidate_or_axis; no_significant_fdr_lincs_signal,flutamide,True
panobinostat,7,3,0,1,0,,GSE134780_HH_v_WT_fat,,0,0.9690120535364076,1.0,0.0499074741698635,1.0,0.0002308654343015,0.0372838207165298,0.002,0.014,0.723,2.8,MIMIC,"pvalue_up (mimic-sorted, default)",0,0,,,,False,0,0,UNKNOWN,,,,,False,none,mechanism_ok,REJECT,not_matched_to_candidate_or_axis; no_significant_fdr_lincs_signal,panobinostat,True
quetiapine,7,4,0,0,0,,,,0,0.969299683164726,1.0,0.121858920218235,1.0,0.0037159003089463,0.0874030505375287,0.002,0.014,0.367,2.125,NOT_SIGNIFICANT,"pvalue_up (mimic-sorted, default)",0,0,,,,False,0,0,UNKNOWN,,,,,False,none,mechanism_ok,REJECT,not_matched_to_candidate_or_axis; no_significant_fdr_lincs_signal,quetiapine,True
sildenafil,5,3,0,0,0,,,,0,0.9691433258450448,1.0,0.299604920478604,1.0,0.0018656305641153,0.1458559416948038,0.003,0.014,0.393,1.516,NOT_SIGNIFICANT,"pvalue_up (mimic-sorted, default)",0,0,,,,False,0,0,UNKNOWN,,,,,False,none,mechanism_ok,REJECT,not_matched_to_candidate_or_axis; no_significant_fdr_lincs_signal,sildenafil,True
vardenafil,4,3,0,0,0,,,,0,0.9693346477149328,1.0,0.0474761111874545,1.0,0.0151877548183456,0.3985000417927636,0.003,0.014,0.831,2.843,NOT_SIGNIFICANT,"pvalue_up (mimic-sorted, default)",0,0,,,,False,0,0,UNKNOWN,,,,,False,none,mechanism_ok,REJECT,not_matched_to_candidate_or_axis; no_significant_fdr_lincs_signal,vardenafil,True
argatroban,2,1,0,0,0,,,,0,0.9695585093758162,1.0,0.0336064942540959,1.0,0.0304414906242563,0.4957283825652637,0.007,0.013,1.716,3.139,NOT_SIGNIFICANT,"pvalue_up (mimic-sorted, default)",0,0,,,,False,0,0,UNKNOWN,,,,,False,none,mechanism_ok,REJECT,not_matched_to_candidate_or_axis; no_significant_fdr_lincs_signal,argatroban,False
bexarotene,2,2,0,0,0,,,,0,0.969453018227178,1.0,0.0243745738820771,1.0,0.0150995331312271,0.4125946142688727,0.007,0.013,1.804,3.426,NOT_SIGNIFICANT,"pvalue_up (mimic-sorted, default)",0,0,,,,False,0,0,UNKNOWN,,,,,False,none,mechanism_ok,REJECT,not_matched_to_candidate_or_axis; no_significant_fdr_lincs_signal,bexarotene,True
metolazone,3,3,0,0,0,,,,0,0.969602626514342,1.0,0.0276612438189954,1.0,0.0149881786162674,0.393971432020523,0.004,0.013,1.128,3.313,NOT_SIGNIFICANT,"pvalue_up (mimic-sorted, default)",0,0,,,,False,0,0,UNKNOWN,,,,,False,none,mechanism_ok,REJECT,not_matched_to_candidate_or_axis; no_significant_fdr_lincs_signal,metolazone,True
repaglinide,2,2,0,0,0,,,,0,0.9695712576029802,1.0,0.0134370365765058,1.0,0.0150115129161649,0.32506395565543,0.007,0.013,2.014,4.01,NOT_SIGNIFICANT,"pvalue_up (mimic-sorted, default)",0,0,,,,False,0,0,UNKNOWN,,,,,False,none,mechanism_ok,REJECT,not_matched_to_candidate_or_axis; no_significant_fdr_lincs_signal,repaglinide,False
cytarabine,1,1,0,0,0,,,,0,0.9847776893250992,1.0,0.0207245516963254,1.0,0.1081585232204455,1.0,0.007,0.007,3.098,3.098,NOT_SIGNIFICANT,"pvalue_up (mimic-sorted, default)",0,0,,,,False,0,0,UNKNOWN,,,,,False,none,mechanism_ok,REJECT,not_matched_to_candidate_or_axis; no_significant_fdr_lincs_signal,cytarabine,False
decitabine,8,5,0,1,0,,GSE22206_fibro_case_v_control,,0,0.9845908123367212,1.0,0.2065266506771264,1.0,0.000936508195596,0.037023290665896,0.001,0.007,0.256,1.649,MIMIC,"pvalue_up (mimic-sorted, default)",0,0,,,,False,0,0,UNKNOWN,,,,,False,none,cytotoxic_cancer,REJECT,not_matched_to_candidate_or_axis; cytotoxic_or_cancer_mechanism; no_significant_fdr_lincs_signal,decitabine,True
dienestrol,5,3,0,0,0,,,,0,0.9846622181700956,1.0,0.5886975024293274,1.0,0.0009234365709568,0.0636488566955423,0.001,0.007,0.378,1.045,NOT_SIGNIFICANT,"pvalue_up (mimic-sorted, default)",0,0,,,,False,0,0,UNKNOWN,,,,,False,none,mechanism_ok,REJECT,not_matched_to_candidate_or_axis; no_significant_fdr_lincs_signal,dienestrol,True
lopinavir,6,4,0,0,0,,,,0,0.9846342599015632,1.0,0.2345692374270953,1.0,0.0076314222585394,0.3220767539252558,0.001,0.007,0.343,1.578,NOT_SIGNIFICANT,"pvalue_up (mimic-sorted, default)",0,0,,,,False,0,0,UNKNOWN,,,,,False,none,mechanism_ok,REJECT,not_matched_to_candidate_or_axis; no_significant_fdr_lincs_signal,lopinavir,True
baricitinib,4,4,0,0,0,,,,0,0.9924600061111074,1.0,0.0069526332013676,1.0,0.0075399938886969,0.2080097649992232,0.001,0.003,0.871,3.473,NOT_SIGNIFICANT,"pvalue_up (mimic-sorted, default)",0,0,,,,False,0,0,APPROVED_MEDICATION,FDA; EMA,JAK1/2 inhibition suppresses type-I IFN downstream of micronuclei->cGAS-STING; paediatric compassionate-use in AGS/CANDLE/SAVI,JAK1/JAK2/type-I IFN,Tier3-SYSTEMIC,True,track2_candidates,mechanism_ok,REJECT,no_significant_fdr_lincs_signal,baricitinib,True
dabrafenib,5,4,0,0,0,,,,0,0.992312927830698,1.0,0.2018392714669145,1.0,0.0038227922517233,0.2179454905769217,0.001,0.003,0.387,1.582,NOT_SIGNIFICANT,"pvalue_up (mimic-sorted, default)",0,0,,,,False,0,0,UNKNOWN,,,,,False,none,broad_cancer_kinase,REJECT,not_matched_to_candidate_or_axis; broad_cancer_kinase_not_MVA_axis; no_significant_fdr_lincs_signal,dabrafenib,True
acetazolamide,2,2,0,0,0,,,,0,1.0,1.0,1.0,1.0,1.0,1.0,0.0,-0.0,0.0,0.0,NOT_SIGNIFICANT,"pvalue_up (mimic-sorted, default)",0,0,,,,False,0,0,UNKNOWN,,,,,False,none,mechanism_ok,REJECT,not_matched_to_candidate_or_axis; no_significant_fdr_lincs_signal,acetazolamide,True
acrivastine,1,1,0,0,0,,,,0,0.9999999999997417,1.0,0.9989775831909596,1.0,0.0302436144756014,0.4957283825652637,0.0,0.0,0.367,0.367,NOT_SIGNIFICANT,"pvalue_up (mimic-sorted, default)",0,0,,,,False,0,0,UNKNOWN,,,,,False,none,mechanism_ok,REJECT,not_matched_to_candidate_or_axis; no_significant_fdr_lincs_signal,acrivastine,False
acyclovir,1,1,0,0,0,,,,0,1.0000000000003206,1.0,0.9999999864863116,1.0,0.0301743365926051,0.4971541310606035,-0.0,-0.0,0.076,0.076,NOT_SIGNIFICANT,"pvalue_up (mimic-sorted, default)",0,0,,,,False,0,0,UNKNOWN,,,,,False,none,mechanism_ok,REJECT,not_matched_to_candidate_or_axis; no_significant_fdr_lincs_signal,acyclovir,True
adapalene,1,1,0,0,0,,,,0,1.0,1.0,1.0,1.0,1.0,1.0,0.0,-0.0,0.0,0.0,NOT_SIGNIFICANT,"pvalue_up (mimic-sorted, default)",0,0,,,,False,0,0,UNKNOWN,,,,,False,none,mechanism_ok,REJECT,not_matched_to_candidate_or_axis; no_significant_fdr_lincs_signal,adapalene,False
albendazole,7,3,0,1,0,,GSE22206_fibro_case_v_control,,0,0.9999999999993664,1.0,0.8971891388244411,1.0,1.1531106955567795e-05,0.0010519917576387,0.0,0.0,0.165,0.702,MIMIC,"pvalue_up (mimic-sorted, default)",0,0,,,,False,0,0,UNKNOWN,,,,,False,none,mechanism_ok,REJECT,not_matched_to_candidate_or_axis; no_significant_fdr_lincs_signal,albendazole,True
aliskiren,1,1,0,0,0,,,,0,0.9999999999998428,1.0,0.9999999965006072,1.0,0.0149950247216229,0.393971432020523,0.0,0.0,0.071,0.071,NOT_SIGNIFICANT,"pvalue_up (mimic-sorted, default)",0,0,,,,False,0,0,UNKNOWN,,,,,False,none,mechanism_ok,REJECT,not_matched_to_candidate_or_axis; no_significant_fdr_lincs_signal,aliskiren,True
alpelisib,3,2,0,0,0,,,,0,0.999999999999381,1.0,0.9999999652052164,1.0,0.0018077631679715,0.1692758919244531,0.0,0.0,0.126,0.223,NOT_SIGNIFICANT,"pvalue_up (mimic-sorted, default)",0,0,,,,False,0,0,UNKNOWN,,,,,False,none,mechanism_ok,REJECT,not_matched_to_candidate_or_axis; no_significant_fdr_lincs_signal,alpelisib,True
alprostadil,7,3,0,1,0,,GSE22206_fibro_case_v_control,,0,1.000000000000096,1.0,0.8723933410019012,1.0,9.777264385925892e-05,0.0055903674976237,-0.0,-0.0,0.225,0.725,MIMIC,"pvalue_up (mimic-sorted, default)",0,0,,,,False,0,0,UNKNOWN,,,,,False,none,mechanism_ok,REJECT,not_matched_to_candidate_or_axis; no_significant_fdr_lincs_signal,alprostadil,True
ambrisentan,1,1,0,0,0,,,,0,1.0,1.0,1.0,1.0,1.0,1.0,0.0,-0.0,0.0,0.0,NOT_SIGNIFICANT,"pvalue_up (mimic-sorted, default)",0,0,,,,False,0,0,UNKNOWN,,,,,False,none,mechanism_ok,REJECT,not_matched_to_candidate_or_axis; no_significant_fdr_lincs_signal,ambrisentan,False
amcinonide,4,2,0,0,0,,,,0,0.9999999999996272,1.0,0.999999667994406,1.0,0.0148926806489173,0.393971432020523,0.0,0.0,0.113,0.215,NOT_SIGNIFICANT,"pvalue_up (mimic-sorted, default)",0,0,,,,False,0,0,UNKNOWN,,,,,False,none,mechanism_ok,REJECT,not_matched_to_candidate_or_axis; no_significant_fdr_lincs_signal,amcinonide,True
amd 11070,1,1,0,0,0,,,,0,0.9999999999997732,1.0,0.9999999878065046,1.0,0.0305743410885598,0.5174872183840794,0.0,0.0,0.147,0.147,NOT_SIGNIFICANT,"pvalue_up (mimic-sorted, default)",0,0,,,,False,0,0,UNKNOWN,,,,,False,none,mechanism_ok,REJECT,not_matched_to_candidate_or_axis; no_significant_fdr_lincs_signal,amd 11070,True
aminoglutethimide,2,2,0,0,0,,,,0,1.0,1.0,0.9999999867703112,1.0,0.0301961011164504,0.4971541310606035,-0.0,-0.0,0.037,0.075,NOT_SIGNIFICANT,"pvalue_up (mimic-sorted, default)",0,0,,,,False,0,0,UNKNOWN,,,,,False,none,mechanism_ok,REJECT,not_matched_to_candidate_or_axis; no_significant_fdr_lincs_signal,aminoglutethimide,True
amisulpride,5,2,0,1,0,,GSE22206_fibro_case_v_control,,0,0.999999999999879,1.0,0.010537556052296,1.0,6.739392625016401e-05,0.0040055048009472,0.0,0.0,0.835,2.951,MIMIC,"pvalue_up (mimic-sorted, default)",0,0,,,,False,0,0,UNKNOWN,,,,,False,none,mechanism_ok,REJECT,not_matched_to_candidate_or_axis; no_significant_fdr_lincs_signal,amisulpride,True
amlexanox,1,1,0,0,0,,,,0,1.0,1.0,1.0,1.0,1.0,1.0,0.0,-0.0,0.0,0.0,NOT_SIGNIFICANT,"pvalue_up (mimic-sorted, default)",0,0,,,,False,0,0,UNKNOWN,,,,,False,none,mechanism_ok,REJECT,not_matched_to_candidate_or_axis; no_significant_fdr_lincs_signal,amlexanox,False
amodiaquine,1,1,0,0,0,,,,0,0.999999999999964,1.0,0.9999999913084788,1.0,0.0035519312652527,0.2115250673653454,0.0,0.0,0.114,0.114,NOT_SIGNIFICANT,"pvalue_up (mimic-sorted, default)",0,0,,,,False,0,0,UNKNOWN,,,,,False,none,mechanism_ok,REJECT,not_matched_to_candidate_or_axis; no_significant_fdr_lincs_signal,amodiaquine,True
amoxapine,1,1,0,0,0,,,,0,0.9999999999998324,1.0,0.9964177310931482,1.0,0.0036173981471307,0.2222178275127099,0.0,0.0,0.475,0.475,NOT_SIGNIFICANT,"pvalue_up (mimic-sorted, default)",0,0,,,,False,0,0,UNKNOWN,,,,,False,none,mechanism_ok,REJECT,not_matched_to_candidate_or_axis; no_significant_fdr_lincs_signal,amoxapine,False
amrinone,1,1,0,0,0,,,,0,1.0000000000000224,1.0,0.9999999888771496,1.0,0.0305996507398727,0.5174872183840794,-0.0,-0.0,0.142,0.142,NOT_SIGNIFICANT,"pvalue_up (mimic-sorted, default)",0,0,,,,False,0,0,UNKNOWN,,,,,False,none,mechanism_ok,REJECT,not_matched_to_candidate_or_axis; no_significant_fdr_lincs_signal,amrinone,True
anagrelide,7,4,0,0,0,,,,0,1.0,1.0,0.999954228532196,1.0,0.0076310216739631,0.1424076516595889,-0.0,-0.0,0.049,0.291,NOT_SIGNIFICANT,"pvalue_up (mimic-sorted, default)",0,0,,,,False,0,0,UNKNOWN,,,,,False,none,mechanism_ok,REJECT,not_matched_to_candidate_or_axis; no_significant_fdr_lincs_signal,anagrelide,True
anastrozole,1,1,0,0,0,,,,0,0.9999999999998078,1.0,0.9999999935619552,1.0,0.030250054631156,0.4971541310606035,0.0,0.0,0.071,0.071,NOT_SIGNIFICANT,"pvalue_up (mimic-sorted, default)",0,0,,,,False,0,0,UNKNOWN,,,,,False,none,mechanism_ok,REJECT,not_matched_to_candidate_or_axis; no_significant_fdr_lincs_signal,anastrozole,True
anidulafungin,1,1,0,0,0,,,,0,0.9999999999999464,1.0,0.9999999924457638,1.0,0.0148490459839026,0.2620267381293468,0.0,0.0,0.022,0.022,NOT_SIGNIFICANT,"pvalue_up (mimic-sorted, default)",0,0,,,,False,0,0,UNKNOWN,,,,,False,none,mechanism_ok,REJECT,not_matched_to_candidate_or_axis; no_significant_fdr_lincs_signal,anidulafungin,False
ap 26113,1,1,0,0,0,,,,0,1.0000000000001366,1.0,0.9998700884434122,1.0,0.0303973734857942,0.4957283825652637,-0.0,-0.0,0.31,0.31,NOT_SIGNIFICANT,"pvalue_up (mimic-sorted, default)",0,0,,,,False,0,0,UNKNOWN,,,,,False,none,mechanism_ok,REJECT,not_matched_to_candidate_or_axis; no_significant_fdr_lincs_signal,ap 26113,False
aprepitant,1,1,0,0,0,,,,0,1.0,1.0,1.0,1.0,1.0,1.0,0.0,-0.0,0.0,0.0,NOT_SIGNIFICANT,"pvalue_up (mimic-sorted, default)",0,0,,,,False,0,0,UNKNOWN,,,,,False,none,mechanism_ok,REJECT,not_matched_to_candidate_or_axis; no_significant_fdr_lincs_signal,aprepitant,False
aripiprazole,3,3,0,0,0,,,,0,1.0,1.0,1.0,1.0,1.0,1.0,0.0,-0.0,0.0,0.0,NOT_SIGNIFICANT,"pvalue_up (mimic-sorted, default)",0,0,,,,False,0,0,UNKNOWN,,,,,False,none,mechanism_ok,REJECT,not_matched_to_candidate_or_axis; no_significant_fdr_lincs_signal,aripiprazole,True
armodafinil,3,2,0,0,0,,,,0,0.9999999999997392,1.0,0.999999987920404,1.0,0.007140466550296,0.298219481005509,0.0,0.0,0.042,0.127,NOT_SIGNIFICANT,"pvalue_up (mimic-sorted, default)",0,0,,,,False,0,0,UNKNOWN,,,,,False,none,mechanism_ok,REJECT,not_matched_to_candidate_or_axis; no_significant_fdr_lincs_signal,armodafinil,True
arn 509,1,1,0,0,0,,,,0,1.0000000000002225,1.0,0.9999999587532344,1.0,0.0301438793862205,0.5320879156518642,-0.0,-0.0,0.149,0.149,NOT_SIGNIFICANT,"pvalue_up (mimic-sorted, default)",0,0,,,,False,0,0,UNKNOWN,,,,,False,none,mechanism_ok,REJECT,not_matched_to_candidate_or_axis; no_significant_fdr_lincs_signal,arn 509,True
aspirin,2,1,0,0,0,,,,0,1.0,1.0,0.9996574233189188,1.0,0.0303322741874767,0.4957283825652637,-0.0,-0.0,0.167,0.334,NOT_SIGNIFICANT,"pvalue_up (mimic-sorted, default)",0,0,,,,False,0,0,UNKNOWN,,,,,False,none,mechanism_ok,REJECT,not_matched_to_candidate_or_axis; no_significant_fdr_lincs_signal,aspirin,False
atomoxetine,2,2,0,0,0,,,,0,1.0,1.0,1.0,1.0,1.0,1.0,0.0,-0.0,0.0,0.0,NOT_SIGNIFICANT,"pvalue_up (mimic-sorted, default)",0,0,,,,False,0,0,UNKNOWN,,,,,False,none,mechanism_ok,REJECT,not_matched_to_candidate_or_axis; no_significant_fdr_lincs_signal,atomoxetine,True
atovaquone,2,2,0,0,0,,,,0,1.0,1.0,1.0,1.0,1.0,1.0,0.0,-0.0,0.0,0.0,NOT_SIGNIFICANT,"pvalue_up (mimic-sorted, default)",0,0,,,,False,0,0,UNKNOWN,,,,,False,none,mechanism_ok,REJECT,not_matched_to_candidate_or_axis; no_significant_fdr_lincs_signal,atovaquone,False
avanafil,1,1,0,0,0,,,,0,1.0000000000009794,1.0,0.9999990400342372,1.0,0.0151877548183456,0.3985000417927636,-0.0,-0.0,0.25,0.25,NOT_SIGNIFICANT,"pvalue_up (mimic-sorted, default)",0,0,,,,False,0,0,UNKNOWN,,,,,False,none,mechanism_ok,REJECT,not_matched_to_candidate_or_axis; no_significant_fdr_lincs_signal,avanafil,False
axitinib,4,2,0,1,0,,GSE22206_fibro_case_v_control,,0,0.9999999999979392,1.0,1.0000000098909467,1.0,0.0002236390528229,0.0101919135481346,0.0,0.0,0.041,0.121,MIMIC,"pvalue_up (mimic-sorted, default)",0,0,,,,False,0,0,UNKNOWN,,,,,False,none,mechanism_ok,REJECT,not_matched_to_candidate_or_axis; no_significant_fdr_lincs_signal,axitinib,True
azacitidine,4,3,0,0,0,,,,0,0.999999999999429,1.0,0.999999969860358,1.0,0.0076294014544642,0.3220767539252558,0.0,0.0,0.07,0.128,NOT_SIGNIFICANT,"pvalue_up (mimic-sorted, default)",0,0,,,,False,0,0,UNKNOWN,,,,,False,none,cytotoxic_cancer,REJECT,not_matched_to_candidate_or_axis; cytotoxic_or_cancer_mechanism; no_significant_fdr_lincs_signal,azacitidine,True
azathioprine,3,2,0,0,0,,,,0,0.9999999999991978,1.0,1.0000000066280432,1.0,0.0037839837180732,0.0874030505375287,-0.0,0.0,0.049,0.129,NOT_SIGNIFICANT,"pvalue_up (mimic-sorted, default)",0,0,,,,False,0,0,UNKNOWN,,,,,False,none,mechanism_ok,REJECT,not_matched_to_candidate_or_axis; no_significant_fdr_lincs_signal,azathioprine,True
azelastine,1,1,0,0,0,,,,0,1.0,1.0,1.0,1.0,1.0,1.0,0.0,-0.0,0.0,0.0,NOT_SIGNIFICANT,"pvalue_up (mimic-sorted, default)",0,0,,,,False,0,0,UNKNOWN,,,,,False,none,mechanism_ok,REJECT,not_matched_to_candidate_or_axis; no_significant_fdr_lincs_signal,azelastine,True
balsalazide,2,2,0,0,0,,,,0,0.999999999999976,1.0,0.9999999960196888,1.0,0.0008737377439902,0.0961003875620147,0.0,0.0,0.051,0.103,NOT_SIGNIFICANT,"pvalue_up (mimic-sorted, default)",0,0,,,,False,0,0,UNKNOWN,,,,,False,none,mechanism_ok,REJECT,not_matched_to_candidate_or_axis; no_significant_fdr_lincs_signal,balsalazide,True
benazepril,6,3,0,0,0,,,,0,1.000000000000162,1.0,0.9809775370271484,1.0,0.0075325547662605,0.1424076516595889,-0.0,-0.0,0.136,0.534,NOT_SIGNIFICANT,"pvalue_up (mimic-sorted, default)",0,0,,,,False,0,0,UNKNOWN,,,,,False,none,mechanism_ok,REJECT,not_matched_to_candidate_or_axis; no_significant_fdr_lincs_signal,benazepril,True
bendroflumethiazide,2,2,0,0,0,,,,0,1.0,1.0,1.0,1.0,0.0306354599957125,0.4783980818633037,-0.0,-0.0,0.006,0.011,NOT_SIGNIFICANT,"pvalue_up (mimic-sorted, default)",0,0,,,,False,0,0,UNKNOWN,,,,,False,none,mechanism_ok,REJECT,not_matched_to_candidate_or_axis; no_significant_fdr_lincs_signal,bendroflumethiazide,False
benzylpenicillin,1,1,0,0,0,,,,0,1.0,1.0,1.0,1.0,1.0,1.0,0.0,-0.0,0.0,0.0,NOT_SIGNIFICANT,"pvalue_up (mimic-sorted, default)",0,0,,,,False,0,0,UNKNOWN,,,,,False,none,mechanism_ok,REJECT,not_matched_to_candidate_or_axis; no_significant_fdr_lincs_signal,benzylpenicillin,False
betrixaban,3,1,0,0,0,,,,0,1.0,1.0,1.0,1.0,1.0,1.0,0.0,-0.0,0.0,0.0,NOT_SIGNIFICANT,"pvalue_up (mimic-sorted, default)",0,0,,,,False,0,0,UNKNOWN,,,,,False,none,mechanism_ok,REJECT,not_matched_to_candidate_or_axis; no_significant_fdr_lincs_signal,betrixaban,True
bicalutamide,2,1,0,0,0,,,,0,1.00000000000071,1.0,0.9999999621422336,1.0,0.0074345374972223,0.3220767539252558,-0.0,-0.0,0.097,0.133,NOT_SIGNIFICANT,"pvalue_up (mimic-sorted, default)",0,0,,,,False,0,0,UNKNOWN,,,,,False,none,mechanism_ok,REJECT,not_matched_to_candidate_or_axis; no_significant_fdr_lincs_signal,bicalutamide,True
bimatoprost,2,2,0,0,0,,,,0,1.0,1.0,0.9999999415834434,1.0,0.0303481641103709,0.5174872183840794,-0.0,-0.0,0.099,0.197,NOT_SIGNIFICANT,"pvalue_up (mimic-sorted, default)",0,0,,,,False,0,0,UNKNOWN,,,,,False,none,mechanism_ok,REJECT,not_matched_to_candidate_or_axis; no_significant_fdr_lincs_signal,bimatoprost,True
biperiden,2,2,0,0,0,,,,0,0.9999999999998086,1.0,0.999968121992305,1.0,0.0304887572613676,0.6189753487724887,0.0,0.0,0.141,0.281,NOT_SIGNIFICANT,"pvalue_up (mimic-sorted, default)",0,0,,,,False,0,0,UNKNOWN,,,,,False,none,mechanism_ok,REJECT,not_matched_to_candidate_or_axis; no_significant_fdr_lincs_signal,biperiden,True
bisoprolol,3,2,0,0,0,,,,0,1.0,1.0,0.9998795221517748,1.0,0.030402000671871,0.4957283825652637,-0.0,-0.0,0.103,0.308,NOT_SIGNIFICANT,"pvalue_up (mimic-sorted, default)",0,0,,,,False,0,0,UNKNOWN,,,,,False,none,mechanism_ok,REJECT,not_matched_to_candidate_or_axis; no_significant_fdr_lincs_signal,bisoprolol,True
bosentan,1,1,0,0,0,,,,0,1.0,1.0,1.0,1.0,1.0,1.0,0.0,-0.0,0.0,0.0,NOT_SIGNIFICANT,"pvalue_up (mimic-sorted, default)",0,0,,,,False,0,0,UNKNOWN,,,,,False,none,mechanism_ok,REJECT,not_matched_to_candidate_or_axis; no_significant_fdr_lincs_signal,bosentan,True
brexpiprazole,1,1,0,0,0,,,,0,1.0,1.0,1.0,1.0,1.0,1.0,0.0,-0.0,0.0,0.0,NOT_SIGNIFICANT,"pvalue_up (mimic-sorted, default)",0,0,,,,False,0,0,UNKNOWN,,,,,False,none,mechanism_ok,REJECT,not_matched_to_candidate_or_axis; no_significant_fdr_lincs_signal,brexpiprazole,False
bromocriptine,1,1,0,0,0,,,,0,1.0000000000000049,1.0,0.9999949175502172,1.0,0.0305563444492607,0.4957283825652637,-0.0,-0.0,0.251,0.251,NOT_SIGNIFICANT,"pvalue_up (mimic-sorted, default)",0,0,,,,False,0,0,UNKNOWN,,,,,False,none,mechanism_ok,REJECT,not_matched_to_candidate_or_axis; no_significant_fdr_lincs_signal,bromocriptine,False
bupivacaine,2,1,0,0,0,,,,0,1.0000000000001248,1.0,0.9999999569160272,1.0,0.0302370908314255,0.4971541310606035,-0.0,-0.0,0.104,0.137,NOT_SIGNIFICANT,"pvalue_up (mimic-sorted, default)",0,0,,,,False,0,0,UNKNOWN,,,,,False,none,mechanism_ok,REJECT,not_matched_to_candidate_or_axis; no_significant_fdr_lincs_signal,bupivacaine,True
buspirone,1,1,0,0,0,,,,0,1.0000000000006226,1.0,0.9999999959440646,1.0,0.0304287423976421,0.4971541310606035,-0.0,-0.0,0.058,0.058,NOT_SIGNIFICANT,"pvalue_up (mimic-sorted, default)",0,0,,,,False,0,0,UNKNOWN,,,,,False,none,mechanism_ok,REJECT,not_matched_to_candidate_or_axis; no_significant_fdr_lincs_signal,buspirone,True
cabazitaxel,6,2,0,1,0,,GSE22206_fibro_case_v_control,,0,0.9999999999995002,1.0,0.1024330837025167,1.0,2.1687018047964837e-05,0.0017738485106818,0.0,0.0,0.767,2.253,MIMIC,"pvalue_up (mimic-sorted, default)",0,0,,,,False,0,0,UNKNOWN,,,,,False,none,mechanism_ok,REJECT,not_matched_to_candidate_or_axis; no_significant_fdr_lincs_signal,cabazitaxel,True
cabergoline,1,1,0,0,0,,,,0,1.0,1.0,1.0,1.0,1.0,1.0,0.0,-0.0,0.0,0.0,NOT_SIGNIFICANT,"pvalue_up (mimic-sorted, default)",0,0,,,,False,0,0,UNKNOWN,,,,,False,none,mechanism_ok,REJECT,not_matched_to_candidate_or_axis; no_significant_fdr_lincs_signal,cabergoline,True
caffeine,3,2,0,0,0,,,,0,1.0,1.0,0.9999999643671974,1.0,0.0152469897422971,0.393971432020523,-0.0,-0.0,0.041,0.08,NOT_SIGNIFICANT,"pvalue_up (mimic-sorted, default)",0,0,,,,False,0,0,UNKNOWN,,,,,False,none,mechanism_ok,REJECT,not_matched_to_candidate_or_axis; no_significant_fdr_lincs_signal,caffeine,True
calcipotriol,1,1,0,0,0,,,,0,1.0000000000009743,1.0,1.0000000084269,1.0,0.0075553680142326,0.2080097649992232,-0.0,-0.0,0.012,0.012,NOT_SIGNIFICANT,"pvalue_up (mimic-sorted, default)",0,0,,,,False,0,0,UNKNOWN,,,,,False,none,mechanism_ok,REJECT,not_matched_to_candidate_or_axis; no_significant_fdr_lincs_signal,calcipotriol,False
canagliflozin,2,2,0,0,0,,,,0,1.0,1.0,1.0,1.0,1.0,1.0,0.0,-0.0,0.0,0.0,NOT_SIGNIFICANT,"pvalue_up (mimic-sorted, default)",0,0,,,,False,0,0,UNKNOWN,,,,,False,none,mechanism_ok,REJECT,not_matched_to_candidate_or_axis; no_significant_fdr_lincs_signal,canagliflozin,True
capsaicin,4,2,0,0,0,,,,0,0.9999999999999228,1.0,0.9999999990366611,1.0,0.0018292645495469,0.0601157311249586,0.0,0.0,0.012,0.017,NOT_SIGNIFICANT,"pvalue_up (mimic-sorted, default)",0,0,,,,False,0,0,UNKNOWN,,,,,False,none,mechanism_ok,REJECT,not_matched_to_candidate_or_axis; no_significant_fdr_lincs_signal,capsaicin,False
carbamazepine,5,2,0,1,0,,GSE22206_fibro_case_v_control,,0,0.9999999999994208,1.0,0.9527491248094304,1.0,2.9809840191258857e-06,0.0002805230169664,0.0,0.0,0.213,0.638,MIMIC,"pvalue_up (mimic-sorted, default)",0,0,,,,False,0,0,UNKNOWN,,,,,False,none,mechanism_ok,REJECT,not_matched_to_candidate_or_axis; no_significant_fdr_lincs_signal,carbamazepine,True
carfilzomib,1,1,0,0,0,,,,0,1.0000000000001783,1.0,0.9981913280747046,1.0,0.0301889447943434,0.4957283825652637,-0.0,-0.0,0.387,0.387,NOT_SIGNIFICANT,"pvalue_up (mimic-sorted, default)",0,0,,,,False,0,0,UNKNOWN,,,,,False,none,cytotoxic_cancer,REJECT,not_matched_to_candidate_or_axis; cytotoxic_or_cancer_mechanism; no_significant_fdr_lincs_signal,carfilzomib,False
carisoprodol,1,1,0,0,0,,,,0,1.0,1.0,1.0,1.0,1.0,1.0,0.0,-0.0,0.0,0.0,NOT_SIGNIFICANT,"pvalue_up (mimic-sorted, default)",0,0,,,,False,0,0,UNKNOWN,,,,,False,none,mechanism_ok,REJECT,not_matched_to_candidate_or_axis; no_significant_fdr_lincs_signal,carisoprodol,False
cefaclor,1,1,0,0,0,,,,0,1.0,1.0,1.0,1.0,1.0,1.0,0.0,-0.0,0.0,0.0,NOT_SIGNIFICANT,"pvalue_up (mimic-sorted, default)",0,0,,,,False,0,0,UNKNOWN,,,,,False,none,mechanism_ok,REJECT,not_matched_to_candidate_or_axis; no_significant_fdr_lincs_signal,cefaclor,False
cefazolin,1,1,0,0,0,,,,0,1.0,1.0,1.0,1.0,1.0,1.0,0.0,-0.0,0.0,0.0,NOT_SIGNIFICANT,"pvalue_up (mimic-sorted, default)",0,0,,,,False,0,0,UNKNOWN,,,,,False,none,mechanism_ok,REJECT,not_matched_to_candidate_or_axis; no_significant_fdr_lincs_signal,cefazolin,False
cefoperazone,2,2,0,0,0,,,,0,0.9999999999998086,1.0,0.9999999875157148,1.0,0.0304887572613676,0.5174872183840794,0.0,0.0,0.083,0.166,NOT_SIGNIFICANT,"pvalue_up (mimic-sorted, default)",0,0,,,,False,0,0,UNKNOWN,,,,,False,none,mechanism_ok,REJECT,not_matched_to_candidate_or_axis; no_significant_fdr_lincs_signal,cefoperazone,True
celecoxib,2,1,0,0,0,,,,0,0.9999999999994864,1.0,0.9999999968182378,1.0,0.0075344523628208,0.2080097649992232,0.0,0.0,0.011,0.013,NOT_SIGNIFICANT,"pvalue_up (mimic-sorted, default)",0,0,,,,False,0,0,UNKNOWN,,,,,False,none,mechanism_ok,REJECT,not_matched_to_candidate_or_axis; no_significant_fdr_lincs_signal,celecoxib,False
chlormezanone,1,1,0,0,0,,,,0,1.0,1.0,1.0,1.0,1.0,1.0,0.0,-0.0,0.0,0.0,NOT_SIGNIFICANT,"pvalue_up (mimic-sorted, default)",0,0,,,,False,0,0,UNKNOWN,,,,,False,none,mechanism_ok,REJECT,not_matched_to_candidate_or_axis; no_significant_fdr_lincs_signal,chlormezanone,False
chloroxine,1,1,0,0,0,,,,0,1.0,1.0,1.0,1.0,1.0,1.0,0.0,-0.0,0.0,0.0,NOT_SIGNIFICANT,"pvalue_up (mimic-sorted, default)",0,0,,,,False,0,0,UNKNOWN,,,,,False,none,mechanism_ok,REJECT,not_matched_to_candidate_or_axis; no_significant_fdr_lincs_signal,chloroxine,False
chlortalidone,3,2,0,0,0,,,,0,0.9999999999995258,1.0,0.6498477389930615,1.0,0.0073062837666321,0.2954509069526003,0.0,0.0,0.468,0.979,NOT_SIGNIFICANT,"pvalue_up (mimic-sorted, default)",0,0,,,,False,0,0,UNKNOWN,,,,,False,none,mechanism_ok,REJECT,not_matched_to_candidate_or_axis; no_significant_fdr_lincs_signal,chlortalidone,True
chlortetracycline,1,1,0,0,0,,,,0,1.0,1.0,1.0,1.0,1.0,1.0,0.0,-0.0,0.0,0.0,NOT_SIGNIFICANT,"pvalue_up (mimic-sorted, default)",0,0,,,,False,0,0,UNKNOWN,,,,,False,none,mechanism_ok,REJECT,not_matched_to_candidate_or_axis; no_significant_fdr_lincs_signal,chlortetracycline,True
cholic acid,1,1,0,0,0,,,,0,1.0,1.0,1.0,1.0,1.0,1.0,0.0,-0.0,0.0,0.0,NOT_SIGNIFICANT,"pvalue_up (mimic-sorted, default)",0,0,,,,False,0,0,UNKNOWN,,,,,False,none,mechanism_ok,REJECT,not_matched_to_candidate_or_axis; no_significant_fdr_lincs_signal,cholic acid,True
cinacalcet,1,1,0,0,0,,,,0,1.0,1.0,1.0,1.0,1.0,1.0,0.0,-0.0,0.0,0.0,NOT_SIGNIFICANT,"pvalue_up (mimic-sorted, default)",0,0,,,,False,0,0,UNKNOWN,,,,,False,none,mechanism_ok,REJECT,not_matched_to_candidate_or_axis; no_significant_fdr_lincs_signal,cinacalcet,False
ciprofloxacin,1,1,0,0,0,,,,0,1.0,1.0,1.0,1.0,1.0,1.0,0.0,-0.0,0.0,0.0,NOT_SIGNIFICANT,"pvalue_up (mimic-sorted, default)",0,0,,,,False,0,0,UNKNOWN,,,,,False,none,mechanism_ok,REJECT,not_matched_to_candidate_or_axis; no_significant_fdr_lincs_signal,ciprofloxacin,False
citalopram,3,3,0,0,0,,,,0,1.0,1.0,0.9999999655077758,1.0,0.0151543944420308,0.2620267381293468,-0.0,-0.0,0.038,0.1,NOT_SIGNIFICANT,"pvalue_up (mimic-sorted, default)",0,0,,,,False,0,0,UNKNOWN,,,,,False,none,mechanism_ok,REJECT,not_matched_to_candidate_or_axis; no_significant_fdr_lincs_signal,citalopram,True
cladribine,1,1,0,0,0,,,,0,1.0,1.0,1.0,1.0,1.0,1.0,0.0,-0.0,0.0,0.0,NOT_SIGNIFICANT,"pvalue_up (mimic-sorted, default)",0,0,,,,False,0,0,UNKNOWN,,,,,False,none,mechanism_ok,REJECT,not_matched_to_candidate_or_axis; no_significant_fdr_lincs_signal,cladribine,True
clindamycin,1,1,0,0,0,,,,0,1.0,1.0,1.0,1.0,1.0,1.0,0.0,-0.0,0.0,0.0,NOT_SIGNIFICANT,"pvalue_up (mimic-sorted, default)",0,0,,,,False,0,0,UNKNOWN,,,,,False,none,mechanism_ok,REJECT,not_matched_to_candidate_or_axis; no_significant_fdr_lincs_signal,clindamycin,False
clioquinol,1,1,0,0,0,,,,0,0.9999999999997712,1.0,0.9996125420777004,1.0,0.0074143622530709,0.3105094554827977,0.0,0.0,0.38,0.38,NOT_SIGNIFICANT,"pvalue_up (mimic-sorted, default)",0,0,,,,False,0,0,UNKNOWN,,,,,False,none,mechanism_ok,REJECT,not_matched_to_candidate_or_axis; no_significant_fdr_lincs_signal,clioquinol,False
clofazimine,2,2,0,0,0,,,,0,0.9999999999998336,1.0,0.9994676167856013,1.0,0.0302987532345206,0.4957283825652637,0.0,0.0,0.173,0.346,NOT_SIGNIFICANT,"pvalue_up (mimic-sorted, default)",0,0,,,,False,0,0,UNKNOWN,,,,,False,none,mechanism_ok,REJECT,not_matched_to_candidate_or_axis; no_significant_fdr_lincs_signal,clofazimine,True
clonazepam,2,2,0,0,0,,,,0,1.0,1.0,0.999999996203768,1.0,0.0305033081968281,0.4783980818633037,-0.0,-0.0,0.007,0.013,NOT_SIGNIFICANT,"pvalue_up (mimic-sorted, default)",0,0,,,,False,0,0,UNKNOWN,,,,,False,none,mechanism_ok,REJECT,not_matched_to_candidate_or_axis; no_significant_fdr_lincs_signal,clonazepam,True
clonidine,3,1,0,0,0,,,,0,0.9999999999997342,1.0,0.9999999648536588,1.0,0.0151690420290748,0.393971432020523,0.0,0.0,0.097,0.157,NOT_SIGNIFICANT,"pvalue_up (mimic-sorted, default)",0,0,,,,False,0,0,UNKNOWN,,,,,False,none,mechanism_ok,REJECT,not_matched_to_candidate_or_axis; no_significant_fdr_lincs_signal,clonidine,True
clopidogrel,1,1,0,0,0,,,,0,1.0,1.0,1.0,1.0,1.0,1.0,0.0,-0.0,0.0,0.0,NOT_SIGNIFICANT,"pvalue_up (mimic-sorted, default)",0,0,,,,False,0,0,UNKNOWN,,,,,False,none,mechanism_ok,REJECT,not_matched_to_candidate_or_axis; no_significant_fdr_lincs_signal,clopidogrel,False
clozapine,5,3,0,1,0,,GSE22206_fibro_case_v_control,,0,1.0000000000003595,1.0,0.9999997647543246,1.0,5.194732384813954e-05,0.0032734895533729,-0.0,-0.0,0.097,0.235,MIMIC,"pvalue_up (mimic-sorted, default)",0,0,,,,False,0,0,UNKNOWN,,,,,False,none,mechanism_ok,REJECT,not_matched_to_candidate_or_axis; no_significant_fdr_lincs_signal,clozapine,True
cobicistat,3,2,0,0,0,,,,0,1.0,1.0,0.9999901647415992,1.0,0.0142470218514482,0.393971432020523,-0.0,-0.0,0.137,0.254,NOT_SIGNIFICANT,"pvalue_up (mimic-sorted, default)",0,0,,,,False,0,0,UNKNOWN,,,,,False,none,mechanism_ok,REJECT,not_matched_to_candidate_or_axis; no_significant_fdr_lincs_signal,cobicistat,True
copanlisib,2,1,0,0,0,,,,0,1.0000000000000393,1.0,0.9999303507909656,1.0,0.0033560872797097,0.253831427890671,-0.0,-0.0,0.254,0.347,NOT_SIGNIFICANT,"pvalue_up (mimic-sorted, default)",0,0,,,,False,0,0,UNKNOWN,,,,,False,none,mechanism_ok,REJECT,not_matched_to_candidate_or_axis; no_significant_fdr_lincs_signal,copanlisib,True
cyclophosphamide,1,1,0,0,0,,,,0,0.9999999999995522,1.0,0.9999999603542448,1.0,0.0305469817723742,0.5320879156518642,0.0,0.0,0.094,0.094,NOT_SIGNIFICANT,"pvalue_up (mimic-sorted, default)",0,0,,,,False,0,0,UNKNOWN,,,,,False,none,cytotoxic_cancer,REJECT,not_matched_to_candidate_or_axis; cytotoxic_or_cancer_mechanism; no_significant_fdr_lincs_signal,cyclophosphamide,True
dacarbazine,2,2,0,0,0,,,,0,0.9999999999997968,1.0,0.9993456325376376,1.0,0.0149740301498997,0.3985000417927636,0.0,0.0,0.188,0.375,NOT_SIGNIFICANT,"pvalue_up (mimic-sorted, default)",0,0,,,,False,0,0,UNKNOWN,,,,,False,none,mechanism_ok,REJECT,not_matched_to_candidate_or_axis; no_significant_fdr_lincs_signal,dacarbazine,True
dalfampridine,1,1,0,0,0,,,,0,1.0,1.0,1.0,1.0,1.0,1.0,0.0,-0.0,0.0,0.0,NOT_SIGNIFICANT,"pvalue_up (mimic-sorted, default)",0,0,,,,False,0,0,UNKNOWN,,,,,False,none,mechanism_ok,REJECT,not_matched_to_candidate_or_axis; no_significant_fdr_lincs_signal,dalfampridine,True
dantrolene,1,1,0,0,0,,,,0,1.0,1.0,1.0,1.0,1.0,1.0,0.0,-0.0,0.0,0.0,NOT_SIGNIFICANT,"pvalue_up (mimic-sorted, default)",0,0,,,,False,0,0,UNKNOWN,,,,,False,none,mechanism_ok,REJECT,not_matched_to_candidate_or_axis; no_significant_fdr_lincs_signal,dantrolene,True
daprodustat,1,1,0,0,0,,,,0,1.0,1.0,1.0,1.0,1.0,1.0,0.0,-0.0,0.0,0.0,NOT_SIGNIFICANT,"pvalue_up (mimic-sorted, default)",0,0,,,,False,0,0,UNKNOWN,,,,,False,none,mechanism_ok,REJECT,not_matched_to_candidate_or_axis; no_significant_fdr_lincs_signal,daprodustat,False
dapsone,1,1,0,0,0,,,,0,1.000000000000497,1.0,0.9999999555197392,1.0,0.0303635131715533,0.5174872183840794,-0.0,-0.0,0.194,0.194,NOT_SIGNIFICANT,"pvalue_up (mimic-sorted, default)",0,0,,,,False,0,0,UNKNOWN,,,,,False,none,mechanism_ok,REJECT,not_matched_to_candidate_or_axis; no_significant_fdr_lincs_signal,dapsone,True
darunavir,2,1,0,0,0,,,,0,0.9999999999998996,1.0,0.999602995613577,1.0,0.0303213661422564,0.4957283825652637,0.0,0.0,0.169,0.338,NOT_SIGNIFICANT,"pvalue_up (mimic-sorted, default)",0,0,,,,False,0,0,UNKNOWN,,,,,False,none,mechanism_ok,REJECT,not_matched_to_candidate_or_axis; no_significant_fdr_lincs_signal,darunavir,False
deferasirox,1,1,0,0,0,,,,0,1.0,1.0,1.0,1.0,1.0,1.0,0.0,-0.0,0.0,0.0,NOT_SIGNIFICANT,"pvalue_up (mimic-sorted, default)",0,0,,,,False,0,0,UNKNOWN,,,,,False,none,mechanism_ok,REJECT,not_matched_to_candidate_or_axis; no_significant_fdr_lincs_signal,deferasirox,False
delivert,1,1,0,0,0,,,,0,1.0,1.0,1.0,1.0,1.0,1.0,0.0,-0.0,0.0,0.0,NOT_SIGNIFICANT,"pvalue_up (mimic-sorted, default)",0,0,,,,False,0,0,UNKNOWN,,,,,False,none,mechanism_ok,REJECT,not_matched_to_candidate_or_axis; no_significant_fdr_lincs_signal,delivert,False
desipramine,1,1,0,0,0,,,,0,1.0,1.0,1.0,1.0,1.0,1.0,0.0,-0.0,0.0,0.0,NOT_SIGNIFICANT,"pvalue_up (mimic-sorted, default)",0,0,,,,False,0,0,UNKNOWN,,,,,False,none,mechanism_ok,REJECT,not_matched_to_candidate_or_axis; no_significant_fdr_lincs_signal,desipramine,False
desvenlafaxine,1,1,0,0,0,,,,0,1.0,1.0,1.0,1.0,1.0,1.0,0.0,-0.0,0.0,0.0,NOT_SIGNIFICANT,"pvalue_up (mimic-sorted, default)",0,0,,,,False,0,0,UNKNOWN,,,,,False,none,mechanism_ok,REJECT,not_matched_to_candidate_or_axis; no_significant_fdr_lincs_signal,desvenlafaxine,False
dexamethasone,7,4,0,0,0,,,,0,0.9999999999981188,1.0,0.2560042024488023,1.0,0.0009301658958594,0.0636488566955423,0.0,0.0,0.365,1.619,NOT_SIGNIFICANT,"pvalue_up (mimic-sorted, default)",0,0,,,,False,0,0,UNKNOWN,,,,,False,none,mechanism_ok,REJECT,not_matched_to_candidate_or_axis; no_significant_fdr_lincs_signal,dexamethasone,True
dexamethasone acetate,1,1,0,0,0,,,,0,1.0,1.0,1.0,1.0,1.0,1.0,0.0,-0.0,0.0,0.0,NOT_SIGNIFICANT,"pvalue_up (mimic-sorted, default)",0,0,,,,False,0,0,UNKNOWN,,,,,False,none,mechanism_ok,REJECT,not_matched_to_candidate_or_axis; no_significant_fdr_lincs_signal,dexamethasone acetate,True
diazepam,1,1,0,0,0,,,,0,1.0,1.0,1.0,1.0,1.0,1.0,0.0,-0.0,0.0,0.0,NOT_SIGNIFICANT,"pvalue_up (mimic-sorted, default)",0,0,,,,False,0,0,UNKNOWN,,,,,False,none,mechanism_ok,REJECT,not_matched_to_candidate_or_axis; no_significant_fdr_lincs_signal,diazepam,False
diazoxide,2,1,0,0,0,,,,0,0.999999999999884,1.0,0.9999999589052228,1.0,0.030457885112219,0.4971541310606035,0.0,0.0,0.081,0.106,NOT_SIGNIFICANT,"pvalue_up (mimic-sorted, default)",0,0,,,,False,0,0,UNKNOWN,,,,,False,none,mechanism_ok,REJECT,not_matched_to_candidate_or_axis; no_significant_fdr_lincs_signal,diazoxide,True
diclofenac,1,1,0,0,0,,,,0,1.0,1.0,1.0,1.0,1.0,1.0,0.0,-0.0,0.0,0.0,NOT_SIGNIFICANT,"pvalue_up (mimic-sorted, default)",0,0,,,,False,0,0,UNKNOWN,,,,,False,none,mechanism_ok,REJECT,not_matched_to_candidate_or_axis; no_significant_fdr_lincs_signal,diclofenac,False
dicloxacillin,1,1,0,0,0,,,,0,0.9999999999999496,1.0,0.0123600909026106,1.0,0.0304111059978491,1.0,0.0,0.0,4.098,4.098,NOT_SIGNIFICANT,"pvalue_up (mimic-sorted, default)",0,0,,,,False,0,0,UNKNOWN,,,,,False,none,mechanism_ok,REJECT,not_matched_to_candidate_or_axis; no_significant_fdr_lincs_signal,dicloxacillin,False
dienogest,1,1,0,0,0,,,,0,1.0,1.0,1.0,1.0,1.0,1.0,0.0,-0.0,0.0,0.0,NOT_SIGNIFICANT,"pvalue_up (mimic-sorted, default)",0,0,,,,False,0,0,UNKNOWN,,,,,False,none,mechanism_ok,REJECT,not_matched_to_candidate_or_axis; no_significant_fdr_lincs_signal,dienogest,False
diflunisal,4,3,0,0,0,,,,0,0.9999999999997732,1.0,0.9999999594642198,1.0,0.0074604843005238,0.3220767539252558,-0.0,0.0,0.071,0.147,NOT_SIGNIFICANT,"pvalue_up (mimic-sorted, default)",0,0,,,,False,0,0,UNKNOWN,,,,,False,none,mechanism_ok,REJECT,not_matched_to_candidate_or_axis; no_significant_fdr_lincs_signal,diflunisal,True
dimethyl fumarate,2,2,0,0,0,,,,0,1.0,1.0,1.0,1.0,1.0,1.0,0.0,-0.0,0.0,0.0,NOT_SIGNIFICANT,"pvalue_up (mimic-sorted, default)",0,0,,,,False,0,0,UNKNOWN,,,,,False,none,mechanism_ok,REJECT,not_matched_to_candidate_or_axis; no_significant_fdr_lincs_signal,dimethyl fumarate,False
dinoprostone,5,3,0,0,0,,,,0,1.0000000000000948,1.0,0.1586704590183194,1.0,0.0014788182357606,0.0556786802416533,-0.0,-0.0,0.543,1.952,NOT_SIGNIFICANT,"pvalue_up (mimic-sorted, default)",0,0,,,,False,0,0,UNKNOWN,,,,,False,none,mechanism_ok,REJECT,not_matched_to_candidate_or_axis; no_significant_fdr_lincs_signal,dinoprostone,True
diphenidol,2,2,0,0,0,,,,0,1.0,1.0,0.9999999978853054,1.0,0.0303481641103709,0.4971541310606035,-0.0,-0.0,0.032,0.064,NOT_SIGNIFICANT,"pvalue_up (mimic-sorted, default)",0,0,,,,False,0,0,UNKNOWN,,,,,False,none,mechanism_ok,REJECT,not_matched_to_candidate_or_axis; no_significant_fdr_lincs_signal,diphenidol,True
diphenylpyraline,2,2,0,0,0,,,,0,1.0,1.0,0.9999999888654482,1.0,0.0294995964487612,0.4971541310606035,-0.0,-0.0,0.063,0.125,NOT_SIGNIFICANT,"pvalue_up (mimic-sorted, default)",0,0,,,,False,0,0,UNKNOWN,,,,,False,none,mechanism_ok,REJECT,not_matched_to_candidate_or_axis; no_significant_fdr_lincs_signal,diphenylpyraline,True
disulfiram,2,1,0,0,0,,,,0,1.0000000000006612,1.0,1.0000000039069654,1.0,0.0018089548541641,0.0514882311058415,-0.0,-0.0,0.02,0.02,NOT_SIGNIFICANT,"pvalue_up (mimic-sorted, default)",0,0,,,,False,0,0,UNKNOWN,,,,,False,none,mechanism_ok,REJECT,not_matched_to_candidate_or_axis; no_significant_fdr_lincs_signal,disulfiram,False
donepezil,1,1,0,0,0,,,,0,0.9999999999993164,1.0,0.9999916439634569,1.0,0.0074970309134966,0.3105094554827977,0.0,0.0,0.3,0.3,NOT_SIGNIFICANT,"pvalue_up (mimic-sorted, default)",0,0,,,,False,0,0,UNKNOWN,,,,,False,none,mechanism_ok,REJECT,not_matched_to_candidate_or_axis; no_significant_fdr_lincs_signal,donepezil,False
dopamine,2,2,0,0,0,,,,0,1.0000000000000928,1.0,0.9999999605560648,1.0,0.0305308027413548,0.4783980818633037,-0.0,-0.0,0.055,0.097,NOT_SIGNIFICANT,"pvalue_up (mimic-sorted, default)",0,0,,,,False,0,0,UNKNOWN,,,,,False,none,mechanism_ok,REJECT,not_matched_to_candidate_or_axis; no_significant_fdr_lincs_signal,dopamine,True
doxapram,3,1,0,0,0,,,,0,1.0000000000000524,1.0,0.999999997675894,1.0,0.0305801342344279,0.3816574455090226,-0.0,-0.0,0.012,0.012,NOT_SIGNIFICANT,"pvalue_up (mimic-sorted, default)",0,0,,,,False,0,0,UNKNOWN,,,,,False,none,mechanism_ok,REJECT,not_matched_to_candidate_or_axis; no_significant_fdr_lincs_signal,doxapram,False
doxylamine,1,1,0,0,0,,,,0,1.0,1.0,1.0,1.0,1.0,1.0,0.0,-0.0,0.0,0.0,NOT_SIGNIFICANT,"pvalue_up (mimic-sorted, default)",0,0,,,,False,0,0,UNKNOWN,,,,,False,none,mechanism_ok,REJECT,not_matched_to_candidate_or_axis; no_significant_fdr_lincs_signal,doxylamine,False
droperidol,1,1,0,0,0,,,,0,1.0,1.0,1.0,1.0,1.0,1.0,0.0,-0.0,0.0,0.0,NOT_SIGNIFICANT,"pvalue_up (mimic-sorted, default)",0,0,,,,False,0,0,UNKNOWN,,,,,False,none,mechanism_ok,REJECT,not_matched_to_candidate_or_axis; no_significant_fdr_lincs_signal,droperidol,True
drospirenone,2,2,0,0,0,,,,0,1.0,1.0,0.9999999605560648,1.0,0.0305308027413548,0.5320879156518642,-0.0,-0.0,0.048,0.097,NOT_SIGNIFICANT,"pvalue_up (mimic-sorted, default)",0,0,,,,False,0,0,UNKNOWN,,,,,False,none,mechanism_ok,REJECT,not_matched_to_candidate_or_axis; no_significant_fdr_lincs_signal,drospirenone,True
dutasteride,2,1,0,0,0,,,,0,1.0000000000000058,1.0,0.9999998448323988,1.0,0.0146062569552833,0.409868982514383,-0.0,-0.0,0.159,0.22,NOT_SIGNIFICANT,"pvalue_up (mimic-sorted, default)",0,0,,,,False,0,0,UNKNOWN,,,,,False,none,mechanism_ok,REJECT,not_matched_to_candidate_or_axis; no_significant_fdr_lincs_signal,dutasteride,True
dydrogesterone,1,1,0,0,0,,,,0,1.0,1.0,1.0,1.0,1.0,1.0,0.0,-0.0,0.0,0.0,NOT_SIGNIFICANT,"pvalue_up (mimic-sorted, default)",0,0,,,,False,0,0,UNKNOWN,,,,,False,none,mechanism_ok,REJECT,not_matched_to_candidate_or_axis; no_significant_fdr_lincs_signal,dydrogesterone,False
efavirenz,7,3,0,0,0,,,,0,1.0,1.0,0.9999999577874784,1.0,0.0036233721589163,0.1645014523943773,-0.0,-0.0,0.073,0.213,NOT_SIGNIFICANT,"pvalue_up (mimic-sorted, default)",0,0,,,,False,0,0,UNKNOWN,,,,,False,none,mechanism_ok,REJECT,not_matched_to_candidate_or_axis; no_significant_fdr_lincs_signal,efavirenz,True
eflornithine,2,2,0,0,0,,,,0,0.9999999999998466,1.0,0.9999986593137892,1.0,0.014901719114896,0.4125946142688727,0.0,0.0,0.126,0.252,NOT_SIGNIFICANT,"pvalue_up (mimic-sorted, default)",0,0,,,,False,0,0,UNKNOWN,,,,,False,none,mechanism_ok,REJECT,not_matched_to_candidate_or_axis; no_significant_fdr_lincs_signal,eflornithine,True
elvitegravir,1,1,0,0,0,,,,0,1.0,1.0,1.0,1.0,1.0,1.0,0.0,-0.0,0.0,0.0,NOT_SIGNIFICANT,"pvalue_up (mimic-sorted, default)",0,0,,,,False,0,0,UNKNOWN,,,,,False,none,mechanism_ok,REJECT,not_matched_to_candidate_or_axis; no_significant_fdr_lincs_signal,elvitegravir,False
empagliflozin,1,1,0,0,0,,,,0,1.0,1.0,1.0,1.0,1.0,1.0,0.0,-0.0,0.0,0.0,NOT_SIGNIFICANT,"pvalue_up (mimic-sorted, default)",0,0,,,,False,0,0,UNKNOWN,,,,,False,none,mechanism_ok,REJECT,not_matched_to_candidate_or_axis; no_significant_fdr_lincs_signal,empagliflozin,True
emtricitabine,1,1,0,0,0,,,,0,1.0,1.0,1.0,1.0,1.0,1.0,0.0,-0.0,0.0,0.0,NOT_SIGNIFICANT,"pvalue_up (mimic-sorted, default)",0,0,,,,False,0,0,UNKNOWN,,,,,False,none,mechanism_ok,REJECT,not_matched_to_candidate_or_axis; no_significant_fdr_lincs_signal,emtricitabine,True
entecavir,1,1,0,0,0,,,,0,0.9999999999997568,1.0,0.9999999563837536,1.0,0.0072508471039698,0.3220767539252558,0.0,0.0,0.201,0.201,NOT_SIGNIFICANT,"pvalue_up (mimic-sorted, default)",0,0,,,,False,0,0,UNKNOWN,,,,,False,none,mechanism_ok,REJECT,not_matched_to_candidate_or_axis; no_significant_fdr_lincs_signal,entecavir,True
enzalutamide,5,3,0,0,0,,,,0,1.0000000000006302,1.0,0.9999999631361168,1.0,0.0075381714183257,0.2427393415187888,-0.0,-0.0,0.07,0.193,NOT_SIGNIFICANT,"pvalue_up (mimic-sorted, default)",0,0,,,,False,0,0,UNKNOWN,,,,,False,none,mechanism_ok,REJECT,not_matched_to_candidate_or_axis; no_significant_fdr_lincs_signal,enzalutamide,True
epinephrine,1,1,0,0,0,,,,0,1.0,1.0,1.0,1.0,1.0,1.0,0.0,-0.0,0.0,0.0,NOT_SIGNIFICANT,"pvalue_up (mimic-sorted, default)",0,0,,,,False,0,0,UNKNOWN,,,,,False,none,mechanism_ok,REJECT,not_matched_to_candidate_or_axis; no_significant_fdr_lincs_signal,epinephrine,False
esmolol,1,1,0,0,0,,,,0,1.0,1.0,1.0,1.0,1.0,1.0,0.0,-0.0,0.0,0.0,NOT_SIGNIFICANT,"pvalue_up (mimic-sorted, default)",0,0,,,,False,0,0,UNKNOWN,,,,,False,none,mechanism_ok,REJECT,not_matched_to_candidate_or_axis; no_significant_fdr_lincs_signal,esmolol,False
estradiol cypionate,4,2,0,1,0,,GSE22206_fibro_case_v_control,,0,0.9999999999994016,1.0,0.9999999987832414,1.0,0.0009051368917519,0.0304496875052413,0.0,0.0,0.012,0.018,MIMIC,"pvalue_up (mimic-sorted, default)",0,0,,,,False,0,0,UNKNOWN,,,,,False,none,mechanism_ok,REJECT,not_matched_to_candidate_or_axis; no_significant_fdr_lincs_signal,estradiol cypionate,False
estrone,7,4,0,0,0,,,,0,0.9999999999998314,1.0,0.9999998346619964,1.0,0.0037445925357387,0.1424076516595889,0.0,0.0,0.058,0.266,NOT_SIGNIFICANT,"pvalue_up (mimic-sorted, default)",0,0,,,,False,0,0,UNKNOWN,,,,,False,none,mechanism_ok,REJECT,not_matched_to_candidate_or_axis; no_significant_fdr_lincs_signal,estrone,True
etacrynic acid,1,1,0,0,0,,,,0,1.0,1.0,1.0,1.0,1.0,1.0,0.0,-0.0,0.0,0.0,NOT_SIGNIFICANT,"pvalue_up (mimic-sorted, default)",0,0,,,,False,0,0,UNKNOWN,,,,,False,none,mechanism_ok,REJECT,not_matched_to_candidate_or_axis; no_significant_fdr_lincs_signal,etacrynic acid,False
ethylenediaminetetraacetic acid,1,1,0,0,0,,,,0,0.9999999999999958,1.0,0.99938396117786,1.0,0.0302870287318032,0.4957283825652637,0.0,0.0,0.351,0.351,NOT_SIGNIFICANT,"pvalue_up (mimic-sorted, default)",0,0,,,,False,0,0,UNKNOWN,,,,,False,none,mechanism_ok,REJECT,not_matched_to_candidate_or_axis; no_significant_fdr_lincs_signal,ethylenediaminetetraacetic acid,False
etodolac,1,1,0,0,0,,,,0,0.9999999999999544,1.0,0.9999999997322618,1.0,0.0036748286042346,0.2115250673653454,0.0,0.0,0.073,0.073,NOT_SIGNIFICANT,"pvalue_up (mimic-sorted, default)",0,0,,,,False,0,0,UNKNOWN,,,,,False,none,mechanism_ok,REJECT,not_matched_to_candidate_or_axis; no_significant_fdr_lincs_signal,etodolac,True
etomidate,1,1,0,0,0,,,,0,1.0000000000000853,1.0,0.9999999613779867,1.0,0.0304497718259922,0.5320879156518642,-0.0,-0.0,0.108,0.108,NOT_SIGNIFICANT,"pvalue_up (mimic-sorted, default)",0,0,,,,False,0,0,UNKNOWN,,,,,False,none,mechanism_ok,REJECT,not_matched_to_candidate_or_axis; no_significant_fdr_lincs_signal,etomidate,True
etravirine,1,1,0,0,0,,,,0,1.0,1.0,1.0,1.0,1.0,1.0,0.0,-0.0,0.0,0.0,NOT_SIGNIFICANT,"pvalue_up (mimic-sorted, default)",0,0,,,,False,0,0,UNKNOWN,,,,,False,none,mechanism_ok,REJECT,not_matched_to_candidate_or_axis; no_significant_fdr_lincs_signal,etravirine,True
exemestane,1,1,0,0,0,,,,0,1.0,1.0,1.0,1.0,1.0,1.0,0.0,-0.0,0.0,0.0,NOT_SIGNIFICANT,"pvalue_up (mimic-sorted, default)",0,0,,,,False,0,0,UNKNOWN,,,,,False,none,mechanism_ok,REJECT,not_matched_to_candidate_or_axis; no_significant_fdr_lincs_signal,exemestane,False
famotidine,3,2,0,0,0,,,,0,0.9999999999997768,1.0,0.8170575400935386,1.0,0.0303101956859066,0.5174872183840794,0.0,0.0,0.376,0.796,NOT_SIGNIFICANT,"pvalue_up (mimic-sorted, default)",0,0,,,,False,0,0,UNKNOWN,,,,,False,none,mechanism_ok,REJECT,not_matched_to_candidate_or_axis; no_significant_fdr_lincs_signal,famotidine,True
febuxostat,1,1,0,0,0,,,,0,1.0,1.0,1.0,1.0,1.0,1.0,0.0,-0.0,0.0,0.0,NOT_SIGNIFICANT,"pvalue_up (mimic-sorted, default)",0,0,,,,False,0,0,UNKNOWN,,,,,False,none,mechanism_ok,REJECT,not_matched_to_candidate_or_axis; no_significant_fdr_lincs_signal,febuxostat,False
felbamate,3,2,0,0,0,,,,0,0.9999999999990776,1.0,0.9999999601508556,1.0,0.0151110549184483,0.393971432020523,0.0,0.0,0.05,0.092,NOT_SIGNIFICANT,"pvalue_up (mimic-sorted, default)",0,0,,,,False,0,0,UNKNOWN,,,,,False,none,mechanism_ok,REJECT,not_matched_to_candidate_or_axis; no_significant_fdr_lincs_signal,felbamate,True
felodipine,1,1,0,0,0,,,,0,1.0,1.0,1.0,1.0,1.0,1.0,0.0,-0.0,0.0,0.0,NOT_SIGNIFICANT,"pvalue_up (mimic-sorted, default)",0,0,,,,False,0,0,UNKNOWN,,,,,False,none,mechanism_ok,REJECT,not_matched_to_candidate_or_axis; no_significant_fdr_lincs_signal,felodipine,False
fidaxomicin,1,1,0,0,0,,,,0,1.0,1.0,1.0,1.0,1.0,1.0,0.0,-0.0,0.0,0.0,NOT_SIGNIFICANT,"pvalue_up (mimic-sorted, default)",0,0,,,,False,0,0,UNKNOWN,,,,,False,none,mechanism_ok,REJECT,not_matched_to_candidate_or_axis; no_significant_fdr_lincs_signal,fidaxomicin,False
finasteride,1,1,0,0,0,,,,0,1.0000000000001588,1.0,0.8994623654175524,1.0,0.0151018786290486,0.4044301024347267,-0.0,-0.0,0.699,0.699,NOT_SIGNIFICANT,"pvalue_up (mimic-sorted, default)",0,0,,,,False,0,0,UNKNOWN,,,,,False,none,mechanism_ok,REJECT,not_matched_to_candidate_or_axis; no_significant_fdr_lincs_signal,finasteride,True
fingolimod,1,1,0,0,0,,,,0,1.0000000000001374,1.0,0.9999999961905444,1.0,0.0150534021501785,0.393971432020523,-0.0,-0.0,0.064,0.064,NOT_SIGNIFICANT,"pvalue_up (mimic-sorted, default)",0,0,,,,False,0,0,UNKNOWN,,,,,False,none,mechanism_ok,REJECT,not_matched_to_candidate_or_axis; no_significant_fdr_lincs_signal,fingolimod,True
fit,1,1,0,0,0,,,,0,1.0,1.0,1.0,1.0,1.0,1.0,0.0,-0.0,0.0,0.0,NOT_SIGNIFICANT,"pvalue_up (mimic-sorted, default)",0,0,,,,False,0,0,UNKNOWN,,,,,False,none,mechanism_ok,REJECT,not_matched_to_candidate_or_axis; no_significant_fdr_lincs_signal,fit,False
flavoxate,1,1,0,0,0,,,,0,1.0000000000000189,1.0,0.9999999654065184,1.0,0.0303734588836071,0.5174872183840794,-0.0,-0.0,0.192,0.192,NOT_SIGNIFICANT,"pvalue_up (mimic-sorted, default)",0,0,,,,False,0,0,UNKNOWN,,,,,False,none,mechanism_ok,REJECT,not_matched_to_candidate_or_axis; no_significant_fdr_lincs_signal,flavoxate,True
flecainide,2,1,0,0,0,,,,0,1.0000000000001248,1.0,0.9999993656341174,1.0,0.0302370908314255,0.4971541310606035,-0.0,-0.0,0.147,0.222,NOT_SIGNIFICANT,"pvalue_up (mimic-sorted, default)",0,0,,,,False,0,0,UNKNOWN,,,,,False,none,mechanism_ok,REJECT,not_matched_to_candidate_or_axis; no_significant_fdr_lincs_signal,flecainide,True
fludarabine,7,5,0,0,0,,,,0,1.0,1.0,0.9999542682033464,1.0,0.0150850062797155,0.3816574455090226,-0.0,-0.0,0.048,0.31,NOT_SIGNIFICANT,"pvalue_up (mimic-sorted, default)",0,0,,,,False,0,0,UNKNOWN,,,,,False,none,mechanism_ok,REJECT,not_matched_to_candidate_or_axis; no_significant_fdr_lincs_signal,fludarabine,True
flumazenil,1,1,0,0,0,,,,0,0.999999999999985,1.0,0.99938973395539,1.0,0.0149776258732133,0.3985000417927636,0.0,0.0,0.373,0.373,NOT_SIGNIFICANT,"pvalue_up (mimic-sorted, default)",0,0,,,,False,0,0,UNKNOWN,,,,,False,none,mechanism_ok,REJECT,not_matched_to_candidate_or_axis; no_significant_fdr_lincs_signal,flumazenil,False
fluocinolone acetonide,1,1,0,0,0,,,,0,0.9999999999999496,1.0,0.9998677369732326,1.0,0.0304111059978491,0.6189753487724887,0.0,0.0,0.31,0.31,NOT_SIGNIFICANT,"pvalue_up (mimic-sorted, default)",0,0,,,,False,0,0,UNKNOWN,,,,,False,none,mechanism_ok,REJECT,not_matched_to_candidate_or_axis; no_significant_fdr_lincs_signal,fluocinolone acetonide,True
fluvoxamine,3,2,0,0,0,,,,0,1.0,1.0,0.9999999951059284,1.0,0.0305173133083077,0.4197731833302011,-0.0,-0.0,0.009,0.013,NOT_SIGNIFICANT,"pvalue_up (mimic-sorted, default)",0,0,,,,False,0,0,UNKNOWN,,,,,False,none,mechanism_ok,REJECT,not_matched_to_candidate_or_axis; no_significant_fdr_lincs_signal,fluvoxamine,True
formoterol,1,1,0,0,0,,,,0,1.0000000000000069,1.0,0.9999999970475312,1.0,0.0150331977931801,0.2427393415187888,-0.0,-0.0,0.017,0.017,NOT_SIGNIFICANT,"pvalue_up (mimic-sorted, default)",0,0,,,,False,0,0,UNKNOWN,,,,,False,none,mechanism_ok,REJECT,not_matched_to_candidate_or_axis; no_significant_fdr_lincs_signal,formoterol,False
fosfomycin,2,2,0,0,0,,,,0,0.9999999999998108,1.0,0.9999999935619552,1.0,0.0072934761597109,0.298219481005509,0.0,0.0,0.049,0.097,NOT_SIGNIFICANT,"pvalue_up (mimic-sorted, default)",0,0,,,,False,0,0,UNKNOWN,,,,,False,none,mechanism_ok,REJECT,not_matched_to_candidate_or_axis; no_significant_fdr_lincs_signal,fosfomycin,True
fosinopril,1,1,0,0,0,,,,0,1.0,1.0,1.0,1.0,1.0,1.0,0.0,-0.0,0.0,0.0,NOT_SIGNIFICANT,"pvalue_up (mimic-sorted, default)",0,0,,,,False,0,0,UNKNOWN,,,,,False,none,mechanism_ok,REJECT,not_matched_to_candidate_or_axis; no_significant_fdr_lincs_signal,fosinopril,True
gatifloxacin,8,3,0,0,0,,,,0,1.00000000000049,1.0,0.9996117651748182,1.0,0.0009300677370587,0.0500600033648815,-0.0,-0.0,0.097,0.384,NOT_SIGNIFICANT,"pvalue_up (mimic-sorted, default)",0,0,,,,False,0,0,UNKNOWN,,,,,False,none,mechanism_ok,REJECT,not_matched_to_candidate_or_axis; no_significant_fdr_lincs_signal,gatifloxacin,True
gemifloxacin,3,1,0,0,0,,,,0,0.9999999999995686,1.0,0.999999995553234,1.0,0.0149233685181349,0.2620267381293468,0.0,0.0,0.018,0.02,NOT_SIGNIFICANT,"pvalue_up (mimic-sorted, default)",0,0,,,,False,0,0,UNKNOWN,,,,,False,none,mechanism_ok,REJECT,not_matched_to_candidate_or_axis; no_significant_fdr_lincs_signal,gemifloxacin,False
glibenclamide,5,2,0,0,0,,,,0,0.9999999999979172,1.0,0.9984358794460914,1.0,0.0004537321085165,0.0637024891213161,0.0,0.0,0.171,0.408,NOT_SIGNIFICANT,"pvalue_up (mimic-sorted, default)",0,0,,,,False,0,0,UNKNOWN,,,,,False,none,mechanism_ok,REJECT,not_matched_to_candidate_or_axis; no_significant_fdr_lincs_signal,glibenclamide,True
glimepiride,1,1,0,0,0,,,,0,1.0,1.0,1.0,1.0,1.0,1.0,0.0,-0.0,0.0,0.0,NOT_SIGNIFICANT,"pvalue_up (mimic-sorted, default)",0,0,,,,False,0,0,UNKNOWN,,,,,False,none,mechanism_ok,REJECT,not_matched_to_candidate_or_axis; no_significant_fdr_lincs_signal,glimepiride,False
granisetron,2,2,0,0,0,,,,0,0.9999999999995324,1.0,0.9999999866550467,1.0,0.0300686158821615,0.4971541310606035,0.0,0.0,0.042,0.084,NOT_SIGNIFICANT,"pvalue_up (mimic-sorted, default)",0,0,,,,False,0,0,UNKNOWN,,,,,False,none,mechanism_ok,REJECT,not_matched_to_candidate_or_axis; no_significant_fdr_lincs_signal,granisetron,True
grazoprevir,1,1,0,0,0,,,,0,1.0,1.0,1.0,1.0,1.0,1.0,0.0,-0.0,0.0,0.0,NOT_SIGNIFICANT,"pvalue_up (mimic-sorted, default)",0,0,,,,False,0,0,UNKNOWN,,,,,False,none,mechanism_ok,REJECT,not_matched_to_candidate_or_axis; no_significant_fdr_lincs_signal,grazoprevir,False
griseofulvin,1,1,0,0,0,,,,0,0.9999999999999796,1.0,0.9999999839875784,1.0,0.0150506006832905,0.4125946142688727,0.0,0.0,0.199,0.199,NOT_SIGNIFICANT,"pvalue_up (mimic-sorted, default)",0,0,,,,False,0,0,UNKNOWN,,,,,False,none,mechanism_ok,REJECT,not_matched_to_candidate_or_axis; no_significant_fdr_lincs_signal,griseofulvin,True
guanethidine,3,2,0,0,0,,,,0,0.999999999999556,1.0,0.9999999610824862,1.0,0.0074479719602326,0.3220767539252558,0.0,0.0,0.094,0.153,NOT_SIGNIFICANT,"pvalue_up (mimic-sorted, default)",0,0,,,,False,0,0,UNKNOWN,,,,,False,none,mechanism_ok,REJECT,not_matched_to_candidate_or_axis; no_significant_fdr_lincs_signal,guanethidine,True
halcinonide,1,1,0,0,0,,,,0,1.0,1.0,1.0,1.0,1.0,1.0,0.0,-0.0,0.0,0.0,NOT_SIGNIFICANT,"pvalue_up (mimic-sorted, default)",0,0,,,,False,0,0,UNKNOWN,,,,,False,none,mechanism_ok,REJECT,not_matched_to_candidate_or_axis; no_significant_fdr_lincs_signal,halcinonide,False
histamine,1,1,0,0,0,,,,0,0.9999999999999464,1.0,0.9953625542469056,1.0,0.0148490459839026,0.3985000417927636,0.0,0.0,0.449,0.449,NOT_SIGNIFICANT,"pvalue_up (mimic-sorted, default)",0,0,,,,False,0,0,UNKNOWN,,,,,False,none,mechanism_ok,REJECT,not_matched_to_candidate_or_axis; no_significant_fdr_lincs_signal,histamine,False
hydroflumethiazide,1,1,0,0,0,,,,0,0.9999999999998866,1.0,0.9999999884346712,1.0,0.0305532513887743,0.5174872183840794,0.0,0.0,0.152,0.152,NOT_SIGNIFICANT,"pvalue_up (mimic-sorted, default)",0,0,,,,False,0,0,UNKNOWN,,,,,False,none,mechanism_ok,REJECT,not_matched_to_candidate_or_axis; no_significant_fdr_lincs_signal,hydroflumethiazide,True
hydroxychloroquine,1,1,0,0,0,,,,0,0.9999999999999613,1.0,0.2759879590263848,1.0,0.0145301365734741,0.4044301024347267,0.0,0.0,1.491,1.491,NOT_SIGNIFICANT,"pvalue_up (mimic-sorted, default)",0,0,,,,False,0,0,UNKNOWN,,,,,False,none,mechanism_ok,REJECT,not_matched_to_candidate_or_axis; no_significant_fdr_lincs_signal,hydroxychloroquine,True
hydroxyurea,3,1,0,0,0,,,,0,0.9999999999998656,1.0,0.99999996326561,1.0,0.0151305692788379,0.393971432020523,-0.0,0.0,0.096,0.144,NOT_SIGNIFICANT,"pvalue_up (mimic-sorted, default)",0,0,,,,False,0,0,UNKNOWN,,,,,False,none,mechanism_ok,REJECT,not_matched_to_candidate_or_axis; no_significant_fdr_lincs_signal,hydroxyurea,True
ibutilide,1,1,0,0,0,,,,0,1.0,1.0,1.0,1.0,1.0,1.0,0.0,-0.0,0.0,0.0,NOT_SIGNIFICANT,"pvalue_up (mimic-sorted, default)",0,0,,,,False,0,0,UNKNOWN,,,,,False,none,mechanism_ok,REJECT,not_matched_to_candidate_or_axis; no_significant_fdr_lincs_signal,ibutilide,False
idarubicin,4,4,0,0,0,,,,0,1.0,1.0,0.0073712991597866,1.0,0.0037631966602095,0.3816574455090226,-0.0,-0.0,0.864,3.103,NOT_SIGNIFICANT,"pvalue_up (mimic-sorted, default)",0,0,,,,False,0,0,UNKNOWN,,,,,False,none,mechanism_ok,REJECT,not_matched_to_candidate_or_axis; no_significant_fdr_lincs_signal,idarubicin,True
idelalisib,6,3,0,3,0,,GSE134780_HH_v_WT_fat;GSE22206_LCL_case_v_control;GSE22206_case_v_control,,0,0.9999999999988616,1.0,0.9998883138763278,1.0,3.3693479170117646e-06,0.0017333595065594,0.0,0.0,0.187,0.401,MIMIC,"pvalue_up (mimic-sorted, default)",0,0,,,,False,0,0,UNKNOWN,,,,,False,none,mechanism_ok,REJECT,not_matched_to_candidate_or_axis; no_significant_fdr_lincs_signal,idelalisib,True
idoxuridin,2,1,0,0,0,,,,0,0.9999999999999064,1.0,0.999999995672431,1.0,0.0303533391805457,0.3816574455090226,0.0,0.0,0.016,0.016,NOT_SIGNIFICANT,"pvalue_up (mimic-sorted, default)",0,0,,,,False,0,0,UNKNOWN,,,,,False,none,mechanism_ok,REJECT,not_matched_to_candidate_or_axis; no_significant_fdr_lincs_signal,idoxuridin,False
ifosfamide,3,2,0,0,0,,,,0,1.0,1.0,1.0,1.0,1.0,1.0,0.0,-0.0,0.0,0.0,NOT_SIGNIFICANT,"pvalue_up (mimic-sorted, default)",0,0,,,,False,0,0,UNKNOWN,,,,,False,none,mechanism_ok,REJECT,not_matched_to_candidate_or_axis; no_significant_fdr_lincs_signal,ifosfamide,True
iloperidone,1,1,0,0,0,,,,0,1.0,1.0,1.0,1.0,1.0,1.0,0.0,-0.0,0.0,0.0,NOT_SIGNIFICANT,"pvalue_up (mimic-sorted, default)",0,0,,,,False,0,0,UNKNOWN,,,,,False,none,mechanism_ok,REJECT,not_matched_to_candidate_or_axis; no_significant_fdr_lincs_signal,iloperidone,False
iloprost,1,1,0,0,0,,,,0,1.000000000000126,1.0,0.9999548498569608,1.0,0.0142470218514482,0.409868982514383,-0.0,-0.0,0.302,0.302,NOT_SIGNIFICANT,"pvalue_up (mimic-sorted, default)",0,0,,,,False,0,0,UNKNOWN,,,,,False,none,mechanism_ok,REJECT,not_matched_to_candidate_or_axis; no_significant_fdr_lincs_signal,iloprost,True
imipramine,2,2,0,0,0,,,,0,0.9999999999997342,1.0,0.9999999648536588,1.0,0.0306402562101289,0.5320879156518642,0.0,0.0,0.041,0.082,NOT_SIGNIFICANT,"pvalue_up (mimic-sorted, default)",0,0,,,,False,0,0,UNKNOWN,,,,,False,none,mechanism_ok,REJECT,not_matched_to_candidate_or_axis; no_significant_fdr_lincs_signal,imipramine,True
imiquimod,2,2,0,0,0,,,,0,1.0,1.0,1.0,1.0,0.0305654610290506,0.4783980818633037,-0.0,-0.0,0.006,0.012,NOT_SIGNIFICANT,"pvalue_up (mimic-sorted, default)",0,0,,,,False,0,0,UNKNOWN,,,,,False,none,mechanism_ok,REJECT,not_matched_to_candidate_or_axis; no_significant_fdr_lincs_signal,imiquimod,False
indometacin,1,1,0,0,0,,,,0,1.0,1.0,1.0,1.0,1.0,1.0,0.0,-0.0,0.0,0.0,NOT_SIGNIFICANT,"pvalue_up (mimic-sorted, default)",0,0,,,,False,0,0,UNKNOWN,,,,,False,none,mechanism_ok,REJECT,not_matched_to_candidate_or_axis; no_significant_fdr_lincs_signal,indometacin,False
ingenol,4,2,0,1,0,,GSE22206_fibro_case_v_control,,0,1.0,1.0,0.9999999889689002,1.0,8.286846302047585e-05,0.0057812939495461,-0.0,-0.0,0.039,0.067,MIMIC,"pvalue_up (mimic-sorted, default)",0,0,,,,False,0,0,UNKNOWN,,,,,False,none,mechanism_ok,REJECT,not_matched_to_candidate_or_axis; no_significant_fdr_lincs_signal,ingenol,False
ingenol mebutate,3,1,0,1,0,,GSE22206_fibro_case_v_control,,0,0.9999999999995188,1.0,0.9999999943808944,1.0,0.0001957003885929,0.0096909795095757,0.0,0.0,0.039,0.042,MIMIC,"pvalue_up (mimic-sorted, default)",0,0,,,,False,0,0,UNKNOWN,,,,,False,none,mechanism_ok,REJECT,not_matched_to_candidate_or_axis; no_significant_fdr_lincs_signal,ingenol mebutate,False
ipratropium,1,1,0,0,0,,,,0,1.0000000000001827,1.0,1.0000000006388263,1.0,0.0305624489116697,0.4783980818633037,-0.0,-0.0,0.012,0.012,NOT_SIGNIFICANT,"pvalue_up (mimic-sorted, default)",0,0,,,,False,0,0,UNKNOWN,,,,,False,none,mechanism_ok,REJECT,not_matched_to_candidate_or_axis; no_significant_fdr_lincs_signal,ipratropium,False
isocarboxazid,1,1,0,0,0,,,,0,1.0,1.0,1.0,1.0,1.0,1.0,0.0,-0.0,0.0,0.0,NOT_SIGNIFICANT,"pvalue_up (mimic-sorted, default)",0,0,,,,False,0,0,UNKNOWN,,,,,False,none,mechanism_ok,REJECT,not_matched_to_candidate_or_axis; no_significant_fdr_lincs_signal,isocarboxazid,True
isoniazid,2,1,0,0,0,,,,0,0.9999999999997417,1.0,0.9999994488519396,1.0,0.0302436144756014,0.4971541310606035,0.0,0.0,0.146,0.221,NOT_SIGNIFICANT,"pvalue_up (mimic-sorted, default)",0,0,,,,False,0,0,UNKNOWN,,,,,False,none,mechanism_ok,REJECT,not_matched_to_candidate_or_axis; no_significant_fdr_lincs_signal,isoniazid,True
isradipine,6,3,0,0,0,,,,0,0.9999999999993758,1.0,0.9981930149095058,1.0,0.00184997380864,0.0874030505375287,0.0,0.0,0.128,0.39,NOT_SIGNIFICANT,"pvalue_up (mimic-sorted, default)",0,0,,,,False,0,0,UNKNOWN,,,,,False,none,mechanism_ok,REJECT,not_matched_to_candidate_or_axis; no_significant_fdr_lincs_signal,isradipine,True
istradefylline,1,1,0,0,0,,,,0,1.0,1.0,1.0,1.0,1.0,1.0,0.0,-0.0,0.0,0.0,NOT_SIGNIFICANT,"pvalue_up (mimic-sorted, default)",0,0,,,,False,0,0,UNKNOWN,,,,,False,none,mechanism_ok,REJECT,not_matched_to_candidate_or_axis; no_significant_fdr_lincs_signal,istradefylline,False
itraconazole,1,1,0,0,0,,,,0,1.0000000000002447,1.0,0.9999999609927084,1.0,0.0305173133083077,0.5320879156518642,-0.0,-0.0,0.098,0.098,NOT_SIGNIFICANT,"pvalue_up (mimic-sorted, default)",0,0,,,,False,0,0,UNKNOWN,,,,,False,none,mechanism_ok,REJECT,not_matched_to_candidate_or_axis; no_significant_fdr_lincs_signal,itraconazole,True
ixabepilone,6,2,0,2,0,,GSE22206_case_v_control;GSE22206_fibro_case_v_control,,0,0.9999999999995982,1.0,0.1379258499776513,1.0,0.0001976499087088,0.0207474026537748,0.0,0.0,0.417,1.582,MIMIC,"pvalue_up (mimic-sorted, default)",0,0,,,,False,0,0,UNKNOWN,,,,,False,none,mechanism_ok,REJECT,not_matched_to_candidate_or_axis; no_significant_fdr_lincs_signal,ixabepilone,True
ketoprofen,2,2,0,0,0,,,,0,1.0,1.0,1.0,1.0,1.0,1.0,0.0,-0.0,0.0,0.0,NOT_SIGNIFICANT,"pvalue_up (mimic-sorted, default)",0,0,,,,False,0,0,UNKNOWN,,,,,False,none,mechanism_ok,REJECT,not_matched_to_candidate_or_axis; no_significant_fdr_lincs_signal,ketoprofen,False
ketotifen,3,1,0,0,0,,,,0,1.0000000000006255,1.0,0.9999999621422336,1.0,0.0036557536629365,0.2115250673653454,-0.0,-0.0,0.124,0.158,NOT_SIGNIFICANT,"pvalue_up (mimic-sorted, default)",0,0,,,,False,0,0,UNKNOWN,,,,,False,none,mechanism_ok,REJECT,not_matched_to_candidate_or_axis; no_significant_fdr_lincs_signal,ketotifen,True
kx 2391,6,3,0,2,0,,GSE22206_case_v_control;GSE22206_fibro_case_v_control,,0,0.9999999999995935,1.0,0.039131714818478,1.0,9.522789809925015e-11,2.8235071786427678e-08,0.0,0.0,0.5,1.896,MIMIC,"pvalue_up (mimic-sorted, default)",0,0,,,,False,0,0,UNKNOWN,,,,,False,none,mechanism_ok,REJECT,not_matched_to_candidate_or_axis; no_significant_fdr_lincs_signal,kx 2391,True
labetalol,2,2,0,0,0,,,,0,1.0000000000000142,1.0,0.9999904758105834,1.0,0.0074379880848009,0.298219481005509,-0.0,-0.0,0.165,0.261,NOT_SIGNIFICANT,"pvalue_up (mimic-sorted, default)",0,0,,,,False,0,0,UNKNOWN,,,,,False,none,mechanism_ok,REJECT,not_matched_to_candidate_or_axis; no_significant_fdr_lincs_signal,labetalol,True
lamotrigine,3,1,0,0,0,,,,0,0.9999999999996038,1.0,1.0000000002780198,1.0,0.0037097457311946,0.1025229969748959,0.0,0.0,0.013,0.016,NOT_SIGNIFICANT,"pvalue_up (mimic-sorted, default)",0,0,,,,False,0,0,UNKNOWN,,,,,False,none,mechanism_ok,REJECT,not_matched_to_candidate_or_axis; no_significant_fdr_lincs_signal,lamotrigine,False
leflunomide,1,1,0,0,0,,,,0,0.9999999999997672,1.0,0.9991867733006512,1.0,0.007391912172858,0.3105094554827977,0.0,0.0,0.402,0.402,NOT_SIGNIFICANT,"pvalue_up (mimic-sorted, default)",0,0,,,,False,0,0,UNKNOWN,,,,,False,none,mechanism_ok,REJECT,not_matched_to_candidate_or_axis; no_significant_fdr_lincs_signal,leflunomide,False
lenvatinib,1,1,0,0,0,,,,0,0.9999999999998996,1.0,0.9999999969516676,1.0,0.0303213661422564,0.4971541310606035,0.0,0.0,0.066,0.066,NOT_SIGNIFICANT,"pvalue_up (mimic-sorted, default)",0,0,,,,False,0,0,UNKNOWN,,,,,False,none,mechanism_ok,REJECT,not_matched_to_candidate_or_axis; no_significant_fdr_lincs_signal,lenvatinib,True
levalbuterol,2,2,0,0,0,,,,0,0.999999999999807,1.0,0.9999999939347964,1.0,0.029982363315689,0.4783980818633037,0.0,0.0,0.012,0.023,NOT_SIGNIFICANT,"pvalue_up (mimic-sorted, default)",0,0,,,,False,0,0,UNKNOWN,,,,,False,none,mechanism_ok,REJECT,not_matched_to_candidate_or_axis; no_significant_fdr_lincs_signal,levalbuterol,True
levetiracetam,1,1,0,0,0,,,,0,1.0000000000003513,1.0,1.0000000014177444,1.0,0.0151407835261825,0.393971432020523,-0.0,-0.0,0.054,0.054,NOT_SIGNIFICANT,"pvalue_up (mimic-sorted, default)",0,0,,,,False,0,0,UNKNOWN,,,,,False,none,mechanism_ok,REJECT,not_matched_to_candidate_or_axis; no_significant_fdr_lincs_signal,levetiracetam,True
levonorgestrel,2,2,0,0,0,,,,0,1.0,1.0,0.999999990695212,1.0,0.015124231248266,0.4125946142688727,-0.0,-0.0,0.086,0.173,NOT_SIGNIFICANT,"pvalue_up (mimic-sorted, default)",0,0,,,,False,0,0,UNKNOWN,,,,,False,none,mechanism_ok,REJECT,not_matched_to_candidate_or_axis; no_significant_fdr_lincs_signal,levonorgestrel,True
levothyroxine,7,3,0,0,0,,,,0,1.0000000000001723,1.0,0.9336461082236968,1.0,0.0036486770749699,0.0874030505375287,-0.0,-0.0,0.208,0.63,NOT_SIGNIFICANT,"pvalue_up (mimic-sorted, default)",0,0,,,,False,0,0,UNKNOWN,,,,,False,none,mechanism_ok,REJECT,not_matched_to_candidate_or_axis; no_significant_fdr_lincs_signal,levothyroxine,True
lgx 818,3,2,0,0,0,,,,0,0.9999999999995428,1.0,0.8321936583066762,1.0,0.0018021474934641,0.1082306984052373,-0.0,0.0,0.46,0.79,NOT_SIGNIFICANT,"pvalue_up (mimic-sorted, default)",0,0,,,,False,0,0,UNKNOWN,,,,,False,none,mechanism_ok,REJECT,not_matched_to_candidate_or_axis; no_significant_fdr_lincs_signal,lgx 818,True
linagliptin,1,1,0,0,0,,,,0,0.999999999999778,1.0,0.9999999600084464,1.0,0.0151042032824871,0.409868982514383,0.0,0.0,0.111,0.111,NOT_SIGNIFICANT,"pvalue_up (mimic-sorted, default)",0,0,,,,False,0,0,UNKNOWN,,,,,False,none,mechanism_ok,REJECT,not_matched_to_candidate_or_axis; no_significant_fdr_lincs_signal,linagliptin,True
lisinopril,2,2,0,0,0,,,,0,1.0,1.0,0.999999990130786,1.0,0.0151467119953904,0.4125946142688727,-0.0,-0.0,0.083,0.165,NOT_SIGNIFICANT,"pvalue_up (mimic-sorted, default)",0,0,,,,False,0,0,UNKNOWN,,,,,False,none,mechanism_ok,REJECT,not_matched_to_candidate_or_axis; no_significant_fdr_lincs_signal,lisinopril,True
lofexidine,3,1,0,0,0,,,,0,1.0,1.0,1.0,1.0,1.0,1.0,0.0,-0.0,0.0,0.0,NOT_SIGNIFICANT,"pvalue_up (mimic-sorted, default)",0,0,,,,False,0,0,UNKNOWN,,,,,False,none,mechanism_ok,REJECT,not_matched_to_candidate_or_axis; no_significant_fdr_lincs_signal,lofexidine,True
lorazepam,9,5,0,0,0,,,,0,0.9999999999996566,1.0,0.4685170224832963,1.0,0.0037958323931591,0.1025229969748959,-0.0,0.0,0.194,1.222,NOT_SIGNIFICANT,"pvalue_up (mimic-sorted, default)",0,0,,,,False,0,0,UNKNOWN,,,,,False,none,mechanism_ok,REJECT,not_matched_to_candidate_or_axis; no_significant_fdr_lincs_signal,lorazepam,True
lorcaserin,2,1,0,0,0,,,,0,1.0,1.0,0.9985380030683004,1.0,0.0302101280362198,0.4957283825652637,-0.0,-0.0,0.189,0.379,NOT_SIGNIFICANT,"pvalue_up (mimic-sorted, default)",0,0,,,,False,0,0,UNKNOWN,,,,,False,none,mechanism_ok,REJECT,not_matched_to_candidate_or_axis; no_significant_fdr_lincs_signal,lorcaserin,False
losartan,6,3,0,1,0,,GSE22206_fibro_case_v_control,,0,0.9999999999989458,1.0,0.9818751153520308,1.0,0.0009107010665564,0.0304496875052413,0.0,0.0,0.132,0.549,MIMIC,"pvalue_up (mimic-sorted, default)",0,0,,,,False,0,0,UNKNOWN,,,,,False,none,mechanism_ok,REJECT,not_matched_to_candidate_or_axis; no_significant_fdr_lincs_signal,losartan,True
lovastatin,5,3,0,1,0,,GSE22206_fibro_case_v_control,,0,0.9999999999997958,1.0,0.9983587628937772,1.0,4.736921245753773e-06,0.0004366668013687,0.0,0.0,0.1,0.383,MIMIC,"pvalue_up (mimic-sorted, default)",0,0,,,,False,0,0,UNKNOWN,,,,,False,none,mechanism_ok,REJECT,not_matched_to_candidate_or_axis; no_significant_fdr_lincs_signal,lovastatin,True
luliconazole,1,1,0,0,0,,,,0,1.0,1.0,1.0,1.0,1.0,1.0,0.0,-0.0,0.0,0.0,NOT_SIGNIFICANT,"pvalue_up (mimic-sorted, default)",0,0,,,,False,0,0,UNKNOWN,,,,,False,none,mechanism_ok,REJECT,not_matched_to_candidate_or_axis; no_significant_fdr_lincs_signal,luliconazole,False
lurasidone,3,1,0,0,0,,,,0,0.9999999999999724,1.0,0.999999993851582,1.0,0.007389745092186,0.2080097649992232,-0.0,0.0,0.017,0.02,NOT_SIGNIFICANT,"pvalue_up (mimic-sorted, default)",0,0,,,,False,0,0,UNKNOWN,,,,,False,none,mechanism_ok,REJECT,not_matched_to_candidate_or_axis; no_significant_fdr_lincs_signal,lurasidone,False
mannitol,1,1,0,0,0,,,,0,1.0,1.0,1.0,1.0,1.0,1.0,0.0,-0.0,0.0,0.0,NOT_SIGNIFICANT,"pvalue_up (mimic-sorted, default)",0,0,,,,False,0,0,UNKNOWN,,,,,False,none,mechanism_ok,REJECT,not_matched_to_candidate_or_axis; no_significant_fdr_lincs_signal,mannitol,True
maprotiline,1,1,0,0,0,,,,0,1.0,1.0,1.0,1.0,1.0,1.0,0.0,-0.0,0.0,0.0,NOT_SIGNIFICANT,"pvalue_up (mimic-sorted, default)",0,0,,,,False,0,0,UNKNOWN,,,,,False,none,mechanism_ok,REJECT,not_matched_to_candidate_or_axis; no_significant_fdr_lincs_signal,maprotiline,False
maraviroc,3,1,0,0,0,,,,0,1.0,1.0,1.0,1.0,1.0,1.0,0.0,-0.0,0.0,0.0,NOT_SIGNIFICANT,"pvalue_up (mimic-sorted, default)",0,0,,,,False,0,0,UNKNOWN,,,,,False,none,mechanism_ok,REJECT,not_matched_to_candidate_or_axis; no_significant_fdr_lincs_signal,maraviroc,True
maribavir,1,1,0,0,0,,,,0,1.0,1.0,1.0,1.0,1.0,1.0,0.0,-0.0,0.0,0.0,NOT_SIGNIFICANT,"pvalue_up (mimic-sorted, default)",0,0,,,,False,0,0,UNKNOWN,,,,,False,none,mechanism_ok,REJECT,not_matched_to_candidate_or_axis; no_significant_fdr_lincs_signal,maribavir,True
masoprocol,1,1,0,0,0,,,,0,1.0,1.0,1.0,1.0,1.0,1.0,0.0,-0.0,0.0,0.0,NOT_SIGNIFICANT,"pvalue_up (mimic-sorted, default)",0,0,,,,False,0,0,UNKNOWN,,,,,False,none,mechanism_ok,REJECT,not_matched_to_candidate_or_axis; no_significant_fdr_lincs_signal,masoprocol,False
mebendazole,6,2,0,1,0,,GSE22206_fibro_case_v_control,,0,0.9999999999996522,1.0,0.8884786961906963,1.0,4.0746820282540706e-10,8.002321183314626e-08,-0.0,0.0,0.206,0.734,MIMIC,"pvalue_up (mimic-sorted, default)",0,0,,,,False,0,0,UNKNOWN,,,,,False,none,mechanism_ok,REJECT,not_matched_to_candidate_or_axis; no_significant_fdr_lincs_signal,mebendazole,True
mecamylamine,1,1,0,0,0,,,,0,1.0000000000001783,1.0,0.9912149553861804,1.0,0.0299925638271561,0.4957283825652637,-0.0,-0.0,0.46,0.46,NOT_SIGNIFICANT,"pvalue_up (mimic-sorted, default)",0,0,,,,False,0,0,UNKNOWN,,,,,False,none,mechanism_ok,REJECT,not_matched_to_candidate_or_axis; no_significant_fdr_lincs_signal,mecamylamine,False
meclizine,1,1,0,0,0,,,,0,1.0,1.0,1.0,1.0,1.0,1.0,0.0,-0.0,0.0,0.0,NOT_SIGNIFICANT,"pvalue_up (mimic-sorted, default)",0,0,,,,False,0,0,UNKNOWN,,,,,False,none,mechanism_ok,REJECT,not_matched_to_candidate_or_axis; no_significant_fdr_lincs_signal,meclizine,False
mefloquine,1,1,0,0,0,,,,0,1.0,1.0,1.0,1.0,1.0,1.0,0.0,-0.0,0.0,0.0,NOT_SIGNIFICANT,"pvalue_up (mimic-sorted, default)",0,0,,,,False,0,0,UNKNOWN,,,,,False,none,mechanism_ok,REJECT,not_matched_to_candidate_or_axis; no_significant_fdr_lincs_signal,mefloquine,False
meloxicam,1,1,0,0,0,,,,0,1.000000000000119,1.0,0.9999643903919372,1.0,0.0304697512042083,0.4957283825652637,-0.0,-0.0,0.283,0.283,NOT_SIGNIFICANT,"pvalue_up (mimic-sorted, default)",0,0,,,,False,0,0,UNKNOWN,,,,,False,none,mechanism_ok,REJECT,not_matched_to_candidate_or_axis; no_significant_fdr_lincs_signal,meloxicam,False
mercaptopurine,1,1,0,0,0,,,,0,1.0000000000002442,1.0,0.9999999978853054,1.0,0.0303481641103709,0.4971541310606035,-0.0,-0.0,0.064,0.064,NOT_SIGNIFICANT,"pvalue_up (mimic-sorted, default)",0,0,,,,False,0,0,UNKNOWN,,,,,False,none,mechanism_ok,REJECT,not_matched_to_candidate_or_axis; no_significant_fdr_lincs_signal,mercaptopurine,True
mestranol,3,2,0,0,0,,,,0,0.9999999999990372,1.0,0.999990491834924,1.0,0.0074693190837354,0.298219481005509,0.0,0.0,0.115,0.282,NOT_SIGNIFICANT,"pvalue_up (mimic-sorted, default)",0,0,,,,False,0,0,UNKNOWN,,,,,False,none,mechanism_ok,REJECT,not_matched_to_candidate_or_axis; no_significant_fdr_lincs_signal,mestranol,True
metaraminol,1,1,0,0,0,,,,0,1.0,1.0,1.0,1.0,1.0,1.0,0.0,-0.0,0.0,0.0,NOT_SIGNIFICANT,"pvalue_up (mimic-sorted, default)",0,0,,,,False,0,0,UNKNOWN,,,,,False,none,mechanism_ok,REJECT,not_matched_to_candidate_or_axis; no_significant_fdr_lincs_signal,metaraminol,False
metformin,1,1,0,0,0,,,,0,0.9999999999990826,1.0,0.9999870448453066,1.0,0.0151326464553562,0.4111687619257735,0.0,0.0,0.288,0.288,NOT_SIGNIFICANT,"pvalue_up (mimic-sorted, default)",0,0,,,,False,0,0,UNKNOWN,,,,,False,none,mechanism_ok,REJECT,not_matched_to_candidate_or_axis; no_significant_fdr_lincs_signal,metformin,True
methimazole,1,1,0,0,0,,,,0,1.0,1.0,1.0,1.0,1.0,1.0,0.0,-0.0,0.0,0.0,NOT_SIGNIFICANT,"pvalue_up (mimic-sorted, default)",0,0,,,,False,0,0,UNKNOWN,,,,,False,none,mechanism_ok,REJECT,not_matched_to_candidate_or_axis; no_significant_fdr_lincs_signal,methimazole,False
methotrexate,1,1,0,0,0,,,,0,1.0,1.0,1.0,1.0,1.0,1.0,0.0,-0.0,0.0,0.0,NOT_SIGNIFICANT,"pvalue_up (mimic-sorted, default)",0,0,,,,False,0,0,UNKNOWN,,,,,False,none,mechanism_ok,REJECT,not_matched_to_candidate_or_axis; no_significant_fdr_lincs_signal,methotrexate,True
methylnaltrexone,1,1,0,0,0,,,,0,1.0,1.0,1.0,1.0,1.0,1.0,0.0,-0.0,0.0,0.0,NOT_SIGNIFICANT,"pvalue_up (mimic-sorted, default)",0,0,,,,False,0,0,UNKNOWN,,,,,False,none,mechanism_ok,REJECT,not_matched_to_candidate_or_axis; no_significant_fdr_lincs_signal,methylnaltrexone,True
methylphenidate,4,2,0,0,0,,,,0,1.0000000000001363,1.0,0.1313220978527573,1.0,0.0068484929314497,0.1424076516595889,-0.0,-0.0,0.71,1.919,NOT_SIGNIFICANT,"pvalue_up (mimic-sorted, default)",0,0,,,,False,0,0,UNKNOWN,,,,,False,none,mechanism_ok,REJECT,not_matched_to_candidate_or_axis; no_significant_fdr_lincs_signal,methylphenidate,True
metoclopramide,1,1,0,0,0,,,,0,1.0000000000000555,1.0,0.9999999974156925,1.0,0.0303831839142265,0.3816574455090226,-0.0,-0.0,0.015,0.015,NOT_SIGNIFICANT,"pvalue_up (mimic-sorted, default)",0,0,,,,False,0,0,UNKNOWN,,,,,False,none,mechanism_ok,REJECT,not_matched_to_candidate_or_axis; no_significant_fdr_lincs_signal,metoclopramide,False
metronidazole,1,1,0,0,0,,,,0,1.0,1.0,1.0,1.0,1.0,1.0,0.0,-0.0,0.0,0.0,NOT_SIGNIFICANT,"pvalue_up (mimic-sorted, default)",0,0,,,,False,0,0,UNKNOWN,,,,,False,none,mechanism_ok,REJECT,not_matched_to_candidate_or_axis; no_significant_fdr_lincs_signal,metronidazole,False
midodrine,2,2,0,0,0,,,,0,0.9999999999996966,1.0,0.999910959235819,1.0,0.0150050222931968,0.409868982514383,0.0,0.0,0.217,0.301,NOT_SIGNIFICANT,"pvalue_up (mimic-sorted, default)",0,0,,,,False,0,0,UNKNOWN,,,,,False,none,mechanism_ok,REJECT,not_matched_to_candidate_or_axis; no_significant_fdr_lincs_signal,midodrine,True
milnacipran,3,3,0,0,0,,,,0,0.9999999999999382,1.0,0.8210111613173672,1.0,0.0303158143037262,0.4957283825652637,0.0,0.0,0.399,0.791,NOT_SIGNIFICANT,"pvalue_up (mimic-sorted, default)",0,0,,,,False,0,0,UNKNOWN,,,,,False,none,mechanism_ok,REJECT,not_matched_to_candidate_or_axis; no_significant_fdr_lincs_signal,milnacipran,True
milrinone,1,1,0,0,0,,,,0,1.0,1.0,1.0,1.0,1.0,1.0,0.0,-0.0,0.0,0.0,NOT_SIGNIFICANT,"pvalue_up (mimic-sorted, default)",0,0,,,,False,0,0,UNKNOWN,,,,,False,none,mechanism_ok,REJECT,not_matched_to_candidate_or_axis; no_significant_fdr_lincs_signal,milrinone,True
minoxidil,2,2,0,0,0,,,,0,0.9999999999986222,1.0,0.999998356834552,1.0,0.0151760291510521,0.3985000417927636,0.0,0.0,0.129,0.257,NOT_SIGNIFICANT,"pvalue_up (mimic-sorted, default)",0,0,,,,False,0,0,UNKNOWN,,,,,False,none,mechanism_ok,REJECT,not_matched_to_candidate_or_axis; no_significant_fdr_lincs_signal,minoxidil,True
mitomycin,1,1,0,0,0,,,,0,1.0,1.0,1.0,1.0,1.0,1.0,0.0,-0.0,0.0,0.0,NOT_SIGNIFICANT,"pvalue_up (mimic-sorted, default)",0,0,,,,False,0,0,UNKNOWN,,,,,False,none,cytotoxic_cancer,REJECT,not_matched_to_candidate_or_axis; cytotoxic_or_cancer_mechanism; no_significant_fdr_lincs_signal,mitomycin,False
mln 2480,2,2,0,0,0,,,,0,1.0,1.0,1.0,1.0,1.0,1.0,0.0,-0.0,0.0,0.0,NOT_SIGNIFICANT,"pvalue_up (mimic-sorted, default)",0,0,,,,False,0,0,UNKNOWN,,,,,False,none,mechanism_ok,REJECT,not_matched_to_candidate_or_axis; no_significant_fdr_lincs_signal,mln 2480,True
moxifloxacin,4,2,0,0,0,,,,0,0.9999999999990709,1.0,0.9999815716422302,1.0,0.0153798416512214,0.2427393415187888,0.0,0.0,0.102,0.274,NOT_SIGNIFICANT,"pvalue_up (mimic-sorted, default)",0,0,,,,False,0,0,UNKNOWN,,,,,False,none,mechanism_ok,REJECT,not_matched_to_candidate_or_axis; no_significant_fdr_lincs_signal,moxifloxacin,True
naftifine,1,1,0,0,0,,,,0,0.9999999999996206,1.0,0.9995995692468566,1.0,0.0149983928763196,0.3985000417927636,0.0,0.0,0.361,0.361,NOT_SIGNIFICANT,"pvalue_up (mimic-sorted, default)",0,0,,,,False,0,0,UNKNOWN,,,,,False,none,mechanism_ok,REJECT,not_matched_to_candidate_or_axis; no_significant_fdr_lincs_signal,naftifine,False
nalbuphine,1,1,0,0,0,,,,0,0.9999999999997732,1.0,0.999995676640672,1.0,0.0305743410885598,0.6189753487724887,0.0,0.0,0.249,0.249,NOT_SIGNIFICANT,"pvalue_up (mimic-sorted, default)",0,0,,,,False,0,0,UNKNOWN,,,,,False,none,mechanism_ok,REJECT,not_matched_to_candidate_or_axis; no_significant_fdr_lincs_signal,nalbuphine,True
nebivolol,1,1,0,0,0,,,,0,0.9999999999996816,1.0,0.999999995354564,1.0,0.0073124534975572,0.298219481005509,0.0,0.0,0.093,0.093,NOT_SIGNIFICANT,"pvalue_up (mimic-sorted, default)",0,0,,,,False,0,0,UNKNOWN,,,,,False,none,mechanism_ok,REJECT,not_matched_to_candidate_or_axis; no_significant_fdr_lincs_signal,nebivolol,True
nelarabine,1,1,0,0,0,,,,0,1.0000000000004383,1.0,0.9998304073107852,1.0,0.0074362707012697,0.3105094554827977,-0.0,-0.0,0.359,0.359,NOT_SIGNIFICANT,"pvalue_up (mimic-sorted, default)",0,0,,,,False,0,0,UNKNOWN,,,,,False,none,mechanism_ok,REJECT,not_matched_to_candidate_or_axis; no_significant_fdr_lincs_signal,nelarabine,False
netupitant,1,1,0,0,0,,,,0,0.9999999999998996,1.0,0.999602995613577,1.0,0.0303213661422564,0.4957283825652637,0.0,0.0,0.338,0.338,NOT_SIGNIFICANT,"pvalue_up (mimic-sorted, default)",0,0,,,,False,0,0,UNKNOWN,,,,,False,none,mechanism_ok,REJECT,not_matched_to_candidate_or_axis; no_significant_fdr_lincs_signal,netupitant,False
nicardipine,1,1,0,0,0,,,,0,1.0,1.0,1.0,1.0,1.0,1.0,0.0,-0.0,0.0,0.0,NOT_SIGNIFICANT,"pvalue_up (mimic-sorted, default)",0,0,,,,False,0,0,UNKNOWN,,,,,False,none,mechanism_ok,REJECT,not_matched_to_candidate_or_axis; no_significant_fdr_lincs_signal,nicardipine,False
nicotinamide,2,1,0,0,0,,,,0,0.9999999999996206,1.0,0.9999999637582134,1.0,0.0017689474455745,0.1502877063517061,0.0,0.0,0.119,0.134,NOT_SIGNIFICANT,"pvalue_up (mimic-sorted, default)",0,0,,,,False,0,0,SUPPLEMENT_FOOD_GRAS,none (dietary supplement / NDI; not an approved medication),NAD+ precursor; SIRT2 deacetylation of BUBR1 K668 blocks ubiquitylation/proteasomal decay and raises BUBR1 protein in vivo,SIRT2/BUBR1 K668,Tier1-STABILISATION,False,track2_candidates,mechanism_ok,REJECT,regulatory_status=SUPPLEMENT_FOOD_GRAS; no_significant_fdr_lincs_signal,nicotinamide,True
nifedipine,4,2,0,0,0,,,,0,0.9999999999993184,1.0,1.0,1.0,0.0075174527447775,0.1645014523943773,0.0,0.0,0.01,0.014,NOT_SIGNIFICANT,"pvalue_up (mimic-sorted, default)",0,0,,,,False,0,0,UNKNOWN,,,,,False,none,mechanism_ok,REJECT,not_matched_to_candidate_or_axis; no_significant_fdr_lincs_signal,nifedipine,False
nimodipine,8,4,0,1,0,,GSE22206_fibro_case_v_control,,0,1.0,1.0,0.1158474800971778,1.0,6.288180472344462e-06,0.0005359190791241,-0.0,-0.0,0.393,1.981,MIMIC,"pvalue_up (mimic-sorted, default)",0,0,,,,False,0,0,UNKNOWN,,,,,False,none,mechanism_ok,REJECT,not_matched_to_candidate_or_axis; no_significant_fdr_lincs_signal,nimodipine,True
norfloxacin,1,1,0,0,0,,,,0,1.0,1.0,1.0,1.0,1.0,1.0,0.0,-0.0,0.0,0.0,NOT_SIGNIFICANT,"pvalue_up (mimic-sorted, default)",0,0,,,,False,0,0,UNKNOWN,,,,,False,none,mechanism_ok,REJECT,not_matched_to_candidate_or_axis; no_significant_fdr_lincs_signal,norfloxacin,False
nortriptyline,1,1,0,0,0,,,,0,1.0,1.0,1.0,1.0,1.0,1.0,0.0,-0.0,0.0,0.0,NOT_SIGNIFICANT,"pvalue_up (mimic-sorted, default)",0,0,,,,False,0,0,UNKNOWN,,,,,False,none,mechanism_ok,REJECT,not_matched_to_candidate_or_axis; no_significant_fdr_lincs_signal,nortriptyline,False
olanzapine,1,1,0,0,0,,,,0,1.0,1.0,1.0,1.0,1.0,1.0,0.0,-0.0,0.0,0.0,NOT_SIGNIFICANT,"pvalue_up (mimic-sorted, default)",0,0,,,,False,0,0,UNKNOWN,,,,,False,none,mechanism_ok,REJECT,not_matched_to_candidate_or_axis; no_significant_fdr_lincs_signal,olanzapine,True
olmesartan medoxomil,4,2,0,1,0,,GSE22206_fibro_case_v_control,,0,0.9999999999997348,1.0,0.9999999931040005,1.0,0.0004318055810379,0.0299747177050075,0.0,0.0,0.015,0.026,MIMIC,"pvalue_up (mimic-sorted, default)",0,0,,,,False,0,0,UNKNOWN,,,,,False,none,mechanism_ok,REJECT,not_matched_to_candidate_or_axis; no_significant_fdr_lincs_signal,olmesartan medoxomil,True
ondansetron,1,1,0,0,0,,,,0,0.9999999999998732,1.0,0.9993896360562624,1.0,0.0303045090767102,0.6189753487724887,0.0,0.0,0.35,0.35,NOT_SIGNIFICANT,"pvalue_up (mimic-sorted, default)",0,0,,,,False,0,0,UNKNOWN,,,,,False,none,mechanism_ok,REJECT,not_matched_to_candidate_or_axis; no_significant_fdr_lincs_signal,ondansetron,True
orciprenaline,3,2,0,1,0,,GSE22206_case_v_control,,0,1.0,1.0,0.9710233505300542,1.0,0.000445881432203,0.0374333422156236,-0.0,-0.0,0.325,0.583,MIMIC,"pvalue_up (mimic-sorted, default)",0,0,,,,False,0,0,UNKNOWN,,,,,False,none,mechanism_ok,REJECT,not_matched_to_candidate_or_axis; no_significant_fdr_lincs_signal,orciprenaline,True
oxandrolone,2,1,0,0,0,,,,0,1.0000000000003482,1.0,0.9999999609830308,1.0,0.0074664238385356,0.3220767539252558,-0.0,-0.0,0.133,0.145,NOT_SIGNIFICANT,"pvalue_up (mimic-sorted, default)",0,0,,,,False,0,0,UNKNOWN,,,,,False,none,mechanism_ok,REJECT,not_matched_to_candidate_or_axis; no_significant_fdr_lincs_signal,oxandrolone,True
oxaprozin,1,1,0,0,0,,,,0,0.9999999999998332,1.0,0.999064342523694,1.0,0.0302688898903366,0.6189753487724887,0.0,0.0,0.364,0.364,NOT_SIGNIFICANT,"pvalue_up (mimic-sorted, default)",0,0,,,,False,0,0,UNKNOWN,,,,,False,none,mechanism_ok,REJECT,not_matched_to_candidate_or_axis; no_significant_fdr_lincs_signal,oxaprozin,True
oxybenzone,1,1,0,0,0,,,,0,1.0,1.0,1.0,1.0,1.0,1.0,0.0,-0.0,0.0,0.0,NOT_SIGNIFICANT,"pvalue_up (mimic-sorted, default)",0,0,,,,False,0,0,UNKNOWN,,,,,False,none,mechanism_ok,REJECT,not_matched_to_candidate_or_axis; no_significant_fdr_lincs_signal,oxybenzone,False
pa 824,1,1,0,0,0,,,,0,0.9999999999996672,1.0,0.993260333203718,1.0,0.0073062837666321,0.3105094554827977,0.0,0.0,0.487,0.487,NOT_SIGNIFICANT,"pvalue_up (mimic-sorted, default)",0,0,,,,False,0,0,UNKNOWN,,,,,False,none,mechanism_ok,REJECT,not_matched_to_candidate_or_axis; no_significant_fdr_lincs_signal,pa 824,False
palonosetron,1,1,0,0,0,,,,0,1.0,1.0,1.0,1.0,1.0,1.0,0.0,-0.0,0.0,0.0,NOT_SIGNIFICANT,"pvalue_up (mimic-sorted, default)",0,0,,,,False,0,0,UNKNOWN,,,,,False,none,mechanism_ok,REJECT,not_matched_to_candidate_or_axis; no_significant_fdr_lincs_signal,palonosetron,False
paracetamol,5,3,0,0,0,,,,0,0.9999999999989442,1.0,0.9999999658195404,1.0,0.0037253438502513,0.2179454905769217,0.0,0.0,0.058,0.176,NOT_SIGNIFICANT,"pvalue_up (mimic-sorted, default)",0,0,,,,False,0,0,UNKNOWN,,,,,False,none,mechanism_ok,REJECT,not_matched_to_candidate_or_axis; no_significant_fdr_lincs_signal,paracetamol,True
pargyline,1,1,0,0,0,,,,0,1.0,1.0,1.0,1.0,1.0,1.0,0.0,-0.0,0.0,0.0,NOT_SIGNIFICANT,"pvalue_up (mimic-sorted, default)",0,0,,,,False,0,0,UNKNOWN,,,,,False,none,mechanism_ok,REJECT,not_matched_to_candidate_or_axis; no_significant_fdr_lincs_signal,pargyline,False
pasireotide,1,1,0,0,0,,,,0,1.000000000000374,1.0,0.997603251428467,1.0,0.0301593205628959,0.4957283825652637,-0.0,-0.0,0.398,0.398,NOT_SIGNIFICANT,"pvalue_up (mimic-sorted, default)",0,0,,,,False,0,0,UNKNOWN,,,,,False,none,mechanism_ok,REJECT,not_matched_to_candidate_or_axis; no_significant_fdr_lincs_signal,pasireotide,False
pemetrexed,5,2,0,2,0,,GSE22206_case_v_control;GSE22206_fibro_case_v_control,,0,0.9999999999992144,1.0,0.0227404936286742,1.0,9.49821804216854e-07,9.750784294653476e-05,0.0,0.0,0.691,2.15,MIMIC,"pvalue_up (mimic-sorted, default)",0,0,,,,False,0,0,UNKNOWN,,,,,False,none,mechanism_ok,REJECT,not_matched_to_candidate_or_axis; no_significant_fdr_lincs_signal,pemetrexed,True
perampanel,1,1,0,0,0,,,,0,1.0,1.0,1.0,1.0,1.0,1.0,0.0,-0.0,0.0,0.0,NOT_SIGNIFICANT,"pvalue_up (mimic-sorted, default)",0,0,,,,False,0,0,UNKNOWN,,,,,False,none,mechanism_ok,REJECT,not_matched_to_candidate_or_axis; no_significant_fdr_lincs_signal,perampanel,False
phenacetin,1,1,0,0,0,,,,0,1.0,1.0,1.0,1.0,1.0,1.0,0.0,-0.0,0.0,0.0,NOT_SIGNIFICANT,"pvalue_up (mimic-sorted, default)",0,0,,,,False,0,0,UNKNOWN,,,,,False,none,mechanism_ok,REJECT,not_matched_to_candidate_or_axis; no_significant_fdr_lincs_signal,phenacetin,False
phenelzine,3,2,0,0,0,,,,0,1.0000000000002007,1.0,0.9999999596730614,1.0,0.0301359936855514,0.4197731833302011,-0.0,-0.0,0.083,0.15,NOT_SIGNIFICANT,"pvalue_up (mimic-sorted, default)",0,0,,,,False,0,0,UNKNOWN,,,,,False,none,mechanism_ok,REJECT,not_matched_to_candidate_or_axis; no_significant_fdr_lincs_signal,phenelzine,True
phenylephrine,1,1,0,0,0,,,,0,1.000000000000096,1.0,0.9999999989124968,1.0,0.0149846994661667,0.393971432020523,-0.0,-0.0,0.072,0.072,NOT_SIGNIFICANT,"pvalue_up (mimic-sorted, default)",0,0,,,,False,0,0,UNKNOWN,,,,,False,none,mechanism_ok,REJECT,not_matched_to_candidate_or_axis; no_significant_fdr_lincs_signal,phenylephrine,True
pimavanserin,2,2,0,0,0,,,,0,1.0,1.0,1.0,1.0,1.0,1.0,0.0,-0.0,0.0,0.0,NOT_SIGNIFICANT,"pvalue_up (mimic-sorted, default)",0,0,,,,False,0,0,UNKNOWN,,,,,False,none,mechanism_ok,REJECT,not_matched_to_candidate_or_axis; no_significant_fdr_lincs_signal,pimavanserin,True
pimecrolimus,1,1,0,0,0,,,,0,1.0,1.0,1.0,1.0,1.0,1.0,0.0,-0.0,0.0,0.0,NOT_SIGNIFICANT,"pvalue_up (mimic-sorted, default)",0,0,,,,False,0,0,APPROVED_MEDICATION,,FK506-binding protein 1A inhibitor,FK506-binding protein 1A inhibitor,,True,chembl_axis_approved,mechanism_ok,REJECT,no_significant_fdr_lincs_signal,pimecrolimus,False
pinacidil,2,2,0,0,0,,,,0,0.9999999999995522,1.0,0.99999131395869,1.0,0.0305469817723742,0.6189753487724887,0.0,0.0,0.13,0.259,NOT_SIGNIFICANT,"pvalue_up (mimic-sorted, default)",0,0,,,,False,0,0,UNKNOWN,,,,,False,none,mechanism_ok,REJECT,not_matched_to_candidate_or_axis; no_significant_fdr_lincs_signal,pinacidil,True
pioglitazone,1,1,0,0,0,,,,0,1.000000000000185,1.0,1.0000000026168885,1.0,0.0306587150989327,0.4783980818633037,-0.0,-0.0,0.011,0.011,NOT_SIGNIFICANT,"pvalue_up (mimic-sorted, default)",0,0,,,,False,0,0,UNKNOWN,,,,,False,none,mechanism_ok,REJECT,not_matched_to_candidate_or_axis; no_significant_fdr_lincs_signal,pioglitazone,False
piperazine,1,1,0,0,0,,,,0,1.0,1.0,1.0,1.0,1.0,1.0,0.0,-0.0,0.0,0.0,NOT_SIGNIFICANT,"pvalue_up (mimic-sorted, default)",0,0,,,,False,0,0,UNKNOWN,,,,,False,none,mechanism_ok,REJECT,not_matched_to_candidate_or_axis; no_significant_fdr_lincs_signal,piperazine,False
pomalidomide,1,1,0,0,0,,,,0,0.9999999999999958,1.0,0.99938396117786,1.0,0.0302870287318032,0.4957283825652637,0.0,0.0,0.351,0.351,NOT_SIGNIFICANT,"pvalue_up (mimic-sorted, default)",0,0,,,,False,0,0,UNKNOWN,,,,,False,none,mechanism_ok,REJECT,not_matched_to_candidate_or_axis; no_significant_fdr_lincs_signal,pomalidomide,False
pramipexole,1,1,0,0,0,,,,0,1.0,1.0,1.0,1.0,1.0,1.0,0.0,-0.0,0.0,0.0,NOT_SIGNIFICANT,"pvalue_up (mimic-sorted, default)",0,0,,,,False,0,0,UNKNOWN,,,,,False,none,mechanism_ok,REJECT,not_matched_to_candidate_or_axis; no_significant_fdr_lincs_signal,pramipexole,True
pravastatin,4,3,0,0,0,,,,0,0.9999999999997776,1.0,0.9999999610852836,1.0,0.0152004273848545,0.3816574455090226,0.0,0.0,0.028,0.09,NOT_SIGNIFICANT,"pvalue_up (mimic-sorted, default)",0,0,,,,False,0,0,UNKNOWN,,,,,False,none,mechanism_ok,REJECT,not_matched_to_candidate_or_axis; no_significant_fdr_lincs_signal,pravastatin,True
prazosin,2,2,0,0,0,,,,0,1.0,1.0,0.9999999612583056,1.0,0.0304372854176621,0.5320879156518642,-0.0,-0.0,0.055,0.109,NOT_SIGNIFICANT,"pvalue_up (mimic-sorted, default)",0,0,,,,False,0,0,UNKNOWN,,,,,False,none,mechanism_ok,REJECT,not_matched_to_candidate_or_axis; no_significant_fdr_lincs_signal,prazosin,True
prednisone,1,1,0,0,0,,,,0,0.9999999999990372,1.0,0.999999992884284,1.0,0.0074693190837354,0.2954509069526003,0.0,0.0,0.197,0.197,NOT_SIGNIFICANT,"pvalue_up (mimic-sorted, default)",0,0,,,,False,0,0,UNKNOWN,,,,,False,none,mechanism_ok,REJECT,not_matched_to_candidate_or_axis; no_significant_fdr_lincs_signal,prednisone,True
prochlorperazine,2,2,0,0,0,,,,0,1.0,1.0,1.0,1.0,1.0,1.0,0.0,-0.0,0.0,0.0,NOT_SIGNIFICANT,"pvalue_up (mimic-sorted, default)",0,0,,,,False,0,0,UNKNOWN,,,,,False,none,mechanism_ok,REJECT,not_matched_to_candidate_or_axis; no_significant_fdr_lincs_signal,prochlorperazine,False
progesterone,1,1,0,0,0,,,,0,0.9999999999995168,1.0,0.9999999982467432,1.0,0.0151957621966202,0.2620267381293468,0.0,0.0,0.012,0.012,NOT_SIGNIFICANT,"pvalue_up (mimic-sorted, default)",0,0,,,,False,0,0,UNKNOWN,,,,,False,none,mechanism_ok,REJECT,not_matched_to_candidate_or_axis; no_significant_fdr_lincs_signal,progesterone,False
promethazine,1,1,0,0,0,,,,0,1.0,1.0,1.0,1.0,1.0,1.0,0.0,-0.0,0.0,0.0,NOT_SIGNIFICANT,"pvalue_up (mimic-sorted, default)",0,0,,,,False,0,0,UNKNOWN,,,,,False,none,mechanism_ok,REJECT,not_matched_to_candidate_or_axis; no_significant_fdr_lincs_signal,promethazine,True
pyrazinamide,6,4,0,0,0,,,,0,0.9999999999998086,1.0,0.9999757860233698,1.0,0.001785610469261,0.1458559416948038,0.0,0.0,0.094,0.29,NOT_SIGNIFICANT,"pvalue_up (mimic-sorted, default)",0,0,,,,False,0,0,UNKNOWN,,,,,False,none,mechanism_ok,REJECT,not_matched_to_candidate_or_axis; no_significant_fdr_lincs_signal,pyrazinamide,True
pyrimethamine,1,1,0,0,0,,,,0,1.0,1.0,1.0,1.0,1.0,1.0,0.0,-0.0,0.0,0.0,NOT_SIGNIFICANT,"pvalue_up (mimic-sorted, default)",0,0,,,,False,0,0,UNKNOWN,,,,,False,none,mechanism_ok,REJECT,not_matched_to_candidate_or_axis; no_significant_fdr_lincs_signal,pyrimethamine,False
quinidine,1,1,0,0,0,,,,0,1.0,1.0,1.0,1.0,1.0,1.0,0.0,-0.0,0.0,0.0,NOT_SIGNIFICANT,"pvalue_up (mimic-sorted, default)",0,0,,,,False,0,0,UNKNOWN,,,,,False,none,mechanism_ok,REJECT,not_matched_to_candidate_or_axis; no_significant_fdr_lincs_signal,quinidine,False
quinine,1,1,0,0,0,,,,0,1.000000000000174,1.0,0.9999738347265312,1.0,0.0304850304850396,0.4957283825652637,-0.0,-0.0,0.278,0.278,NOT_SIGNIFICANT,"pvalue_up (mimic-sorted, default)",0,0,,,,False,0,0,UNKNOWN,,,,,False,none,mechanism_ok,REJECT,not_matched_to_candidate_or_axis; no_significant_fdr_lincs_signal,quinine,False
ramelteon,2,1,0,0,0,,,,0,1.0000000000001426,1.0,0.9999999912355558,1.0,0.0302101280362198,0.3816574455090226,-0.0,-0.0,0.019,0.019,NOT_SIGNIFICANT,"pvalue_up (mimic-sorted, default)",0,0,,,,False,0,0,UNKNOWN,,,,,False,none,mechanism_ok,REJECT,not_matched_to_candidate_or_axis; no_significant_fdr_lincs_signal,ramelteon,False
ramipril,1,1,0,0,0,,,,0,0.999999999998984,1.0,0.9999999916512936,1.0,0.0151725625630205,0.4125946142688727,0.0,0.0,0.156,0.156,NOT_SIGNIFICANT,"pvalue_up (mimic-sorted, default)",0,0,,,,False,0,0,UNKNOWN,,,,,False,none,mechanism_ok,REJECT,not_matched_to_candidate_or_axis; no_significant_fdr_lincs_signal,ramipril,True
ranitidine,1,1,0,0,0,,,,0,1.0,1.0,1.0,1.0,1.0,1.0,0.0,-0.0,0.0,0.0,NOT_SIGNIFICANT,"pvalue_up (mimic-sorted, default)",0,0,,,,False,0,0,UNKNOWN,,,,,False,none,mechanism_ok,REJECT,not_matched_to_candidate_or_axis; no_significant_fdr_lincs_signal,ranitidine,True
razoxane,2,2,0,0,0,,,,0,1.0,1.0,0.99999998988552,1.0,0.0144173487259415,0.2427393415187888,-0.0,-0.0,0.017,0.035,NOT_SIGNIFICANT,"pvalue_up (mimic-sorted, default)",0,0,,,,False,0,0,UNKNOWN,,,,,False,none,mechanism_ok,REJECT,not_matched_to_candidate_or_axis; no_significant_fdr_lincs_signal,razoxane,False
regorafenib,5,3,0,0,0,,,,0,1.0,1.0,1.0,1.0,0.0075914037297466,0.1645014523943773,-0.0,-0.0,0.004,0.01,NOT_SIGNIFICANT,"pvalue_up (mimic-sorted, default)",0,0,,,,False,0,0,UNKNOWN,,,,,False,none,mechanism_ok,REJECT,not_matched_to_candidate_or_axis; no_significant_fdr_lincs_signal,regorafenib,True
reserpine,1,1,0,0,0,,,,0,1.0,1.0,1.0,1.0,1.0,1.0,0.0,-0.0,0.0,0.0,NOT_SIGNIFICANT,"pvalue_up (mimic-sorted, default)",0,0,,,,False,0,0,UNKNOWN,,,,,False,none,mechanism_ok,REJECT,not_matched_to_candidate_or_axis; no_significant_fdr_lincs_signal,reserpine,False
ribavirin,1,1,0,0,0,,,,0,1.0,1.0,1.0,1.0,1.0,1.0,0.0,-0.0,0.0,0.0,NOT_SIGNIFICANT,"pvalue_up (mimic-sorted, default)",0,0,,,,False,0,0,UNKNOWN,,,,,False,none,mechanism_ok,REJECT,not_matched_to_candidate_or_axis; no_significant_fdr_lincs_signal,ribavirin,True
rifabutin,1,1,0,0,0,,,,0,0.9999999999998976,1.0,0.9999999960073084,1.0,0.0304736279601754,0.4783980818633037,0.0,0.0,0.014,0.014,NOT_SIGNIFICANT,"pvalue_up (mimic-sorted, default)",0,0,,,,False,0,0,UNKNOWN,,,,,False,none,mechanism_ok,REJECT,not_matched_to_candidate_or_axis; no_significant_fdr_lincs_signal,rifabutin,False
riluzole,8,4,0,0,0,,,,0,0.9999999999996604,1.0,0.9465162557995628,1.0,0.0037145661693888,0.1696676243533486,0.0,0.0,0.155,0.637,NOT_SIGNIFICANT,"pvalue_up (mimic-sorted, default)",0,0,,,,False,0,0,UNKNOWN,,,,,False,none,mechanism_ok,REJECT,not_matched_to_candidate_or_axis; no_significant_fdr_lincs_signal,riluzole,True
rimantadine,1,1,0,0,0,,,,0,1.0,1.0,1.0,1.0,1.0,1.0,0.0,-0.0,0.0,0.0,NOT_SIGNIFICANT,"pvalue_up (mimic-sorted, default)",0,0,,,,False,0,0,UNKNOWN,,,,,False,none,mechanism_ok,REJECT,not_matched_to_candidate_or_axis; no_significant_fdr_lincs_signal,rimantadine,False
riociguat,1,1,0,0,0,,,,0,1.0,1.0,1.0,1.0,1.0,1.0,0.0,-0.0,0.0,0.0,NOT_SIGNIFICANT,"pvalue_up (mimic-sorted, default)",0,0,,,,False,0,0,UNKNOWN,,,,,False,none,mechanism_ok,REJECT,not_matched_to_candidate_or_axis; no_significant_fdr_lincs_signal,riociguat,True
risperidone,5,2,0,1,0,,GSE22206_fibro_case_v_control,,0,0.9999999999995028,1.0,0.937318471628348,1.0,0.000440953307215,0.0178287512633517,0.0,0.0,0.212,0.654,MIMIC,"pvalue_up (mimic-sorted, default)",0,0,,,,False,0,0,UNKNOWN,,,,,False,none,mechanism_ok,REJECT,not_matched_to_candidate_or_axis; no_significant_fdr_lincs_signal,risperidone,True
rita,7,4,0,1,0,,GSE134780_HH_v_WT_fat,,0,1.0,1.0,0.9999999930268968,1.0,0.000111909035051,0.0227745180998388,-0.0,-0.0,0.046,0.306,MIMIC,"pvalue_up (mimic-sorted, default)",0,0,,,,False,0,0,UNKNOWN,,,,,False,none,mechanism_ok,REJECT,not_matched_to_candidate_or_axis; no_significant_fdr_lincs_signal,rita,True
ritodrine,1,1,0,0,0,,,,0,1.0,1.0,1.0,1.0,1.0,1.0,0.0,-0.0,0.0,0.0,NOT_SIGNIFICANT,"pvalue_up (mimic-sorted, default)",0,0,,,,False,0,0,UNKNOWN,,,,,False,none,mechanism_ok,REJECT,not_matched_to_candidate_or_axis; no_significant_fdr_lincs_signal,ritodrine,True
rizatriptan,3,2,0,0,0,,,,0,1.0,1.0,0.9999999943509996,1.0,0.0150271601219162,0.2620267381293468,-0.0,-0.0,0.011,0.017,NOT_SIGNIFICANT,"pvalue_up (mimic-sorted, default)",0,0,,,,False,0,0,UNKNOWN,,,,,False,none,mechanism_ok,REJECT,not_matched_to_candidate_or_axis; no_significant_fdr_lincs_signal,rizatriptan,False
rocuronium,1,1,0,0,0,,,,0,1.0,1.0,1.0,1.0,1.0,1.0,0.0,-0.0,0.0,0.0,NOT_SIGNIFICANT,"pvalue_up (mimic-sorted, default)",0,0,,,,False,0,0,UNKNOWN,,,,,False,none,mechanism_ok,REJECT,not_matched_to_candidate_or_axis; no_significant_fdr_lincs_signal,rocuronium,False
roflumilast,7,4,0,0,0,,,,0,1.000000000000858,1.0,0.0002006811925924,0.1274660041616248,0.0008971370790523,0.0646550928889195,-0.0,-0.0,0.977,4.899,NOT_SIGNIFICANT,"pvalue_up (mimic-sorted, default)",0,0,,,,False,0,0,UNKNOWN,,,,,False,none,mechanism_ok,REJECT,not_matched_to_candidate_or_axis; no_significant_fdr_lincs_signal,roflumilast,True
rosiglitazone,3,2,0,0,0,,,,0,0.9999999999996452,1.0,0.9987148844809526,1.0,0.0152882641482619,0.409868982514383,0.0,0.0,0.188,0.378,NOT_SIGNIFICANT,"pvalue_up (mimic-sorted, default)",0,0,,,,False,0,0,UNKNOWN,,,,,False,none,mechanism_ok,REJECT,not_matched_to_candidate_or_axis; no_significant_fdr_lincs_signal,rosiglitazone,True
rosuvastatin,1,1,0,0,0,,,,0,1.0,1.0,1.0,1.0,1.0,1.0,0.0,-0.0,0.0,0.0,NOT_SIGNIFICANT,"pvalue_up (mimic-sorted, default)",0,0,,,,False,0,0,UNKNOWN,,,,,False,none,mechanism_ok,REJECT,not_matched_to_candidate_or_axis; no_significant_fdr_lincs_signal,rosuvastatin,True
rutin,2,2,0,0,0,,,,0,1.0,1.0,0.9999999905352492,1.0,0.0305241206880699,0.5174872183840794,-0.0,-0.0,0.079,0.158,NOT_SIGNIFICANT,"pvalue_up (mimic-sorted, default)",0,0,,,,False,0,0,UNKNOWN,,,,,False,none,mechanism_ok,REJECT,not_matched_to_candidate_or_axis; no_significant_fdr_lincs_signal,rutin,True
saxagliptin,2,1,0,0,0,,,,0,0.9999999999997848,1.0,0.0973129397146665,1.0,0.0075041451848732,0.3105094554827977,0.0,0.0,1.29,2.287,NOT_SIGNIFICANT,"pvalue_up (mimic-sorted, default)",0,0,,,,False,0,0,UNKNOWN,,,,,False,none,mechanism_ok,REJECT,not_matched_to_candidate_or_axis; no_significant_fdr_lincs_signal,saxagliptin,False
selegiline,1,1,0,0,0,,,,0,1.0,1.0,1.0,1.0,1.0,1.0,0.0,-0.0,0.0,0.0,NOT_SIGNIFICANT,"pvalue_up (mimic-sorted, default)",0,0,,,,False,0,0,UNKNOWN,,,,,False,none,mechanism_ok,REJECT,not_matched_to_candidate_or_axis; no_significant_fdr_lincs_signal,selegiline,False
sitagliptin,1,1,0,0,0,,,,0,0.9999999999999,1.0,0.9999999950344578,1.0,0.0150589239028156,0.393971432020523,0.0,0.0,0.063,0.063,NOT_SIGNIFICANT,"pvalue_up (mimic-sorted, default)",0,0,,,,False,0,0,UNKNOWN,,,,,False,none,mechanism_ok,REJECT,not_matched_to_candidate_or_axis; no_significant_fdr_lincs_signal,sitagliptin,True
solifenacin succinate,1,1,0,0,0,,,,0,1.0,1.0,1.0,1.0,1.0,1.0,0.0,-0.0,0.0,0.0,NOT_SIGNIFICANT,"pvalue_up (mimic-sorted, default)",0,0,,,,False,0,0,UNKNOWN,,,,,False,none,mechanism_ok,REJECT,not_matched_to_candidate_or_axis; no_significant_fdr_lincs_signal,solifenacin succinate,True
sotalol,1,1,0,0,0,,,,0,1.0,1.0,1.0,1.0,1.0,1.0,0.0,-0.0,0.0,0.0,NOT_SIGNIFICANT,"pvalue_up (mimic-sorted, default)",0,0,,,,False,0,0,UNKNOWN,,,,,False,none,mechanism_ok,REJECT,not_matched_to_candidate_or_axis; no_significant_fdr_lincs_signal,sotalol,False
spironolactone,1,1,0,0,0,,,,0,1.000000000000009,1.0,1.000000000290942,1.0,0.0075236849321814,0.298219481005509,-0.0,-0.0,0.053,0.053,NOT_SIGNIFICANT,"pvalue_up (mimic-sorted, default)",0,0,,,,False,0,0,UNKNOWN,,,,,False,none,mechanism_ok,REJECT,not_matched_to_candidate_or_axis; no_significant_fdr_lincs_signal,spironolactone,True
sufentanil,1,1,0,0,0,,,,0,1.0,1.0,1.0,1.0,1.0,1.0,0.0,-0.0,0.0,0.0,NOT_SIGNIFICANT,"pvalue_up (mimic-sorted, default)",0,0,,,,False,0,0,UNKNOWN,,,,,False,none,mechanism_ok,REJECT,not_matched_to_candidate_or_axis; no_significant_fdr_lincs_signal,sufentanil,True
sulfacetamide,1,1,0,0,0,,,,0,1.0,1.0,1.0,1.0,1.0,1.0,0.0,-0.0,0.0,0.0,NOT_SIGNIFICANT,"pvalue_up (mimic-sorted, default)",0,0,,,,False,0,0,UNKNOWN,,,,,False,none,mechanism_ok,REJECT,not_matched_to_candidate_or_axis; no_significant_fdr_lincs_signal,sulfacetamide,True
sulfadoxine,1,1,0,0,0,,,,0,1.0,1.0,1.0,1.0,1.0,1.0,0.0,-0.0,0.0,0.0,NOT_SIGNIFICANT,"pvalue_up (mimic-sorted, default)",0,0,,,,False,0,0,UNKNOWN,,,,,False,none,mechanism_ok,REJECT,not_matched_to_candidate_or_axis; no_significant_fdr_lincs_signal,sulfadoxine,True
sumatriptan,3,2,0,0,0,,,,0,1.0,1.0,0.9999999628514464,1.0,0.0303429289604502,0.4971541310606035,-0.0,-0.0,0.062,0.122,NOT_SIGNIFICANT,"pvalue_up (mimic-sorted, default)",0,0,,,,False,0,0,UNKNOWN,,,,,False,none,mechanism_ok,REJECT,not_matched_to_candidate_or_axis; no_significant_fdr_lincs_signal,sumatriptan,True
sunitinib,1,1,0,0,0,,,,0,1.0,1.0,1.0,1.0,1.0,1.0,0.0,-0.0,0.0,0.0,NOT_SIGNIFICANT,"pvalue_up (mimic-sorted, default)",0,0,,,,False,0,0,UNKNOWN,,,,,False,none,mechanism_ok,REJECT,not_matched_to_candidate_or_axis; no_significant_fdr_lincs_signal,sunitinib,False
tacrine,1,1,0,0,0,,,,0,0.999999999999919,1.0,1.0000000061662428,1.0,0.0306631565082217,0.3816574455090226,0.0,0.0,0.01,0.01,NOT_SIGNIFICANT,"pvalue_up (mimic-sorted, default)",0,0,,,,False,0,0,UNKNOWN,,,,,False,none,mechanism_ok,REJECT,not_matched_to_candidate_or_axis; no_significant_fdr_lincs_signal,tacrine,False
tacrolimus,3,2,0,0,0,,,,0,0.9999999999996726,1.0,0.9999999472157908,1.0,0.001858825839302,0.1424076516595889,0.0,0.0,0.095,0.266,NOT_SIGNIFICANT,"pvalue_up (mimic-sorted, default)",0,0,,,,False,0,0,APPROVED_MEDICATION,,FK506-binding protein 1A inhibitor,FK506-binding protein 1A inhibitor,,True,chembl_axis_approved,mechanism_ok,REJECT,no_significant_fdr_lincs_signal,tacrolimus,False
tadalafil,2,2,0,0,0,,,,0,0.9999999999994668,1.0,0.999999959223118,1.0,0.0306760892283755,0.5320879156518642,0.0,0.0,0.038,0.077,NOT_SIGNIFICANT,"pvalue_up (mimic-sorted, default)",0,0,,,,False,0,0,UNKNOWN,,,,,False,none,mechanism_ok,REJECT,not_matched_to_candidate_or_axis; no_significant_fdr_lincs_signal,tadalafil,True
tapentadol,1,1,0,0,0,,,,0,1.0,1.0,1.0,1.0,1.0,1.0,0.0,-0.0,0.0,0.0,NOT_SIGNIFICANT,"pvalue_up (mimic-sorted, default)",0,0,,,,False,0,0,UNKNOWN,,,,,False,none,mechanism_ok,REJECT,not_matched_to_candidate_or_axis; no_significant_fdr_lincs_signal,tapentadol,False
telbivudine,2,2,0,0,0,,,,0,1.0,1.0,1.0,1.0,1.0,1.0,0.0,-0.0,0.0,0.0,NOT_SIGNIFICANT,"pvalue_up (mimic-sorted, default)",0,0,,,,False,0,0,UNKNOWN,,,,,False,none,mechanism_ok,REJECT,not_matched_to_candidate_or_axis; no_significant_fdr_lincs_signal,telbivudine,True
telmisartan,1,1,0,0,0,,,,0,1.0000000000000204,1.0,0.999992467629666,1.0,0.0305405983017335,0.4957283825652637,-0.0,-0.0,0.257,0.257,NOT_SIGNIFICANT,"pvalue_up (mimic-sorted, default)",0,0,,,,False,0,0,UNKNOWN,,,,,False,none,mechanism_ok,REJECT,not_matched_to_candidate_or_axis; no_significant_fdr_lincs_signal,telmisartan,False
temazepam,1,1,0,0,0,,,,0,1.0,1.0,1.0,1.0,1.0,1.0,0.0,-0.0,0.0,0.0,NOT_SIGNIFICANT,"pvalue_up (mimic-sorted, default)",0,0,,,,False,0,0,UNKNOWN,,,,,False,none,mechanism_ok,REJECT,not_matched_to_candidate_or_axis; no_significant_fdr_lincs_signal,temazepam,True
temozolomide,12,5,0,2,0,,GSE22206_LCL_case_v_control;GSE22206_case_v_control,,0,0.9999999999989304,1.0,0.999957989705764,1.0,0.0002305060670386,0.0374333422156236,0.0,0.0,0.074,0.349,MIMIC,"pvalue_up (mimic-sorted, default)",0,0,,,,False,0,0,UNKNOWN,,,,,False,none,mechanism_ok,REJECT,not_matched_to_candidate_or_axis; no_significant_fdr_lincs_signal,temozolomide,True
terbinafine,2,2,0,0,0,,,,0,1.0,1.0,0.9999999823208144,1.0,0.0304330362398767,0.5174872183840794,-0.0,-0.0,0.089,0.178,NOT_SIGNIFICANT,"pvalue_up (mimic-sorted, default)",0,0,,,,False,0,0,UNKNOWN,,,,,False,none,mechanism_ok,REJECT,not_matched_to_candidate_or_axis; no_significant_fdr_lincs_signal,terbinafine,True
testosterone,4,3,0,0,0,,,,0,1.0,1.0,0.9999999632518936,1.0,0.0152277704188646,0.393971432020523,-0.0,-0.0,0.032,0.084,NOT_SIGNIFICANT,"pvalue_up (mimic-sorted, default)",0,0,,,,False,0,0,UNKNOWN,,,,,False,none,mechanism_ok,REJECT,not_matched_to_candidate_or_axis; no_significant_fdr_lincs_signal,testosterone,True
tetracaine,1,1,0,0,0,,,,0,0.9999999999998748,1.0,0.999999995086641,1.0,0.0073272394976442,0.298219481005509,0.0,0.0,0.091,0.091,NOT_SIGNIFICANT,"pvalue_up (mimic-sorted, default)",0,0,,,,False,0,0,UNKNOWN,,,,,False,none,mechanism_ok,REJECT,not_matched_to_candidate_or_axis; no_significant_fdr_lincs_signal,tetracaine,True
tetracycline,1,1,0,0,0,,,,0,1.0,1.0,1.0,1.0,1.0,1.0,0.0,-0.0,0.0,0.0,NOT_SIGNIFICANT,"pvalue_up (mimic-sorted, default)",0,0,,,,False,0,0,UNKNOWN,,,,,False,none,mechanism_ok,REJECT,not_matched_to_candidate_or_axis; no_significant_fdr_lincs_signal,tetracycline,False
theophylline,1,1,0,0,0,,,,0,1.0,1.0,1.0,1.0,1.0,1.0,0.0,-0.0,0.0,0.0,NOT_SIGNIFICANT,"pvalue_up (mimic-sorted, default)",0,0,,,,False,0,0,UNKNOWN,,,,,False,none,mechanism_ok,REJECT,not_matched_to_candidate_or_axis; no_significant_fdr_lincs_signal,theophylline,False
tiludronate,1,1,0,0,0,,,,0,1.0,1.0,1.0,1.0,1.0,1.0,0.0,-0.0,0.0,0.0,NOT_SIGNIFICANT,"pvalue_up (mimic-sorted, default)",0,0,,,,False,0,0,UNKNOWN,,,,,False,none,mechanism_ok,REJECT,not_matched_to_candidate_or_axis; no_significant_fdr_lincs_signal,tiludronate,True
timolol,2,2,0,0,0,,,,0,0.9999999999999106,1.0,0.9149379731237486,1.0,0.0304658355386889,0.5320879156518642,0.0,0.0,0.384,0.662,NOT_SIGNIFICANT,"pvalue_up (mimic-sorted, default)",0,0,,,,False,0,0,UNKNOWN,,,,,False,none,mechanism_ok,REJECT,not_matched_to_candidate_or_axis; no_significant_fdr_lincs_signal,timolol,True
tioconazole,1,1,0,0,0,,,,0,1.0,1.0,1.0,1.0,1.0,1.0,0.0,-0.0,0.0,0.0,NOT_SIGNIFICANT,"pvalue_up (mimic-sorted, default)",0,0,,,,False,0,0,UNKNOWN,,,,,False,none,mechanism_ok,REJECT,not_matched_to_candidate_or_axis; no_significant_fdr_lincs_signal,tioconazole,False
tipiracil,1,1,0,0,0,,,,0,0.9999999999998078,1.0,0.99904857381018,1.0,0.030250054631156,0.4957283825652637,0.0,0.0,0.364,0.364,NOT_SIGNIFICANT,"pvalue_up (mimic-sorted, default)",0,0,,,,False,0,0,UNKNOWN,,,,,False,none,mechanism_ok,REJECT,not_matched_to_candidate_or_axis; no_significant_fdr_lincs_signal,tipiracil,False
tipranavir,1,1,0,0,0,,,,0,1.0,1.0,1.0,1.0,1.0,1.0,0.0,-0.0,0.0,0.0,NOT_SIGNIFICANT,"pvalue_up (mimic-sorted, default)",0,0,,,,False,0,0,UNKNOWN,,,,,False,none,mechanism_ok,REJECT,not_matched_to_candidate_or_axis; no_significant_fdr_lincs_signal,tipranavir,False
tofacitinib,6,3,0,0,0,,,,0,0.999999999998165,1.0,0.9997461352013868,1.0,0.0018658477399051,0.1082306984052373,0.0,0.0,0.151,0.329,NOT_SIGNIFICANT,"pvalue_up (mimic-sorted, default)",0,0,,,,False,0,0,UNKNOWN,,,,,False,none,mechanism_ok,REJECT,not_matched_to_candidate_or_axis; no_significant_fdr_lincs_signal,tofacitinib,True
tolazamide,3,3,0,0,0,,,,0,1.0000000000005975,1.0,0.9999970103790964,1.0,0.0037204270497715,0.2222178275127099,-0.0,-0.0,0.132,0.301,NOT_SIGNIFICANT,"pvalue_up (mimic-sorted, default)",0,0,,,,False,0,0,UNKNOWN,,,,,False,none,mechanism_ok,REJECT,not_matched_to_candidate_or_axis; no_significant_fdr_lincs_signal,tolazamide,True
topiramate,1,1,0,0,0,,,,0,0.9999999999998732,1.0,0.8130339729119798,1.0,0.0303045090767102,0.5969268526676671,0.0,0.0,0.8,0.8,NOT_SIGNIFICANT,"pvalue_up (mimic-sorted, default)",0,0,,,,False,0,0,UNKNOWN,,,,,False,none,mechanism_ok,REJECT,not_matched_to_candidate_or_axis; no_significant_fdr_lincs_signal,topiramate,True
topotecan,1,1,0,0,0,,,,0,0.9999999999997417,1.0,0.9989775831909596,1.0,0.0302436144756014,0.4957283825652637,0.0,0.0,0.367,0.367,NOT_SIGNIFICANT,"pvalue_up (mimic-sorted, default)",0,0,,,,False,0,0,UNKNOWN,,,,,False,none,cytotoxic_cancer,REJECT,not_matched_to_candidate_or_axis; cytotoxic_or_cancer_mechanism; no_significant_fdr_lincs_signal,topotecan,False
tranylcypromine,6,4,0,1,0,,GSE22206_fibro_case_v_control,,0,1.0,1.0,0.9412217387930344,1.0,0.0004460148091119,0.0178287512633517,-0.0,-0.0,0.139,0.659,MIMIC,"pvalue_up (mimic-sorted, default)",0,0,,,,False,0,0,UNKNOWN,,,,,False,none,mechanism_ok,REJECT,not_matched_to_candidate_or_axis; no_significant_fdr_lincs_signal,tranylcypromine,True
trazodone,2,2,0,0,0,,,,0,1.0,1.0,0.9999999885811328,1.0,0.0304697512042083,0.5174872183840794,-0.0,-0.0,0.085,0.17,NOT_SIGNIFICANT,"pvalue_up (mimic-sorted, default)",0,0,,,,False,0,0,UNKNOWN,,,,,False,none,mechanism_ok,REJECT,not_matched_to_candidate_or_axis; no_significant_fdr_lincs_signal,trazodone,True
triamcinolone,2,2,0,0,0,,,,0,1.0,1.0,1.0,1.0,1.0,1.0,0.0,-0.0,0.0,0.0,NOT_SIGNIFICANT,"pvalue_up (mimic-sorted, default)",0,0,,,,False,0,0,UNKNOWN,,,,,False,none,mechanism_ok,REJECT,not_matched_to_candidate_or_axis; no_significant_fdr_lincs_signal,triamcinolone,True
triclabendazole,2,2,0,0,0,,,,0,1.0,1.0,1.0,1.0,1.0,1.0,0.0,-0.0,0.0,0.0,NOT_SIGNIFICANT,"pvalue_up (mimic-sorted, default)",0,0,,,,False,0,0,UNKNOWN,,,,,False,none,mechanism_ok,REJECT,not_matched_to_candidate_or_axis; no_significant_fdr_lincs_signal,triclabendazole,True
trientine,1,1,0,0,0,,,,0,1.0,1.0,1.0,1.0,1.0,1.0,0.0,-0.0,0.0,0.0,NOT_SIGNIFICANT,"pvalue_up (mimic-sorted, default)",0,0,,,,False,0,0,UNKNOWN,,,,,False,none,mechanism_ok,REJECT,not_matched_to_candidate_or_axis; no_significant_fdr_lincs_signal,trientine,False
triflupromazine,1,1,0,0,0,,,,0,1.0,1.0,1.0,1.0,1.0,1.0,0.0,-0.0,0.0,0.0,NOT_SIGNIFICANT,"pvalue_up (mimic-sorted, default)",0,0,,,,False,0,0,UNKNOWN,,,,,False,none,mechanism_ok,REJECT,not_matched_to_candidate_or_axis; no_significant_fdr_lincs_signal,triflupromazine,False
triptorelin,1,1,0,0,0,,,,0,0.9999999999998078,1.0,0.9999999935619552,1.0,0.030250054631156,0.4971541310606035,0.0,0.0,0.071,0.071,NOT_SIGNIFICANT,"pvalue_up (mimic-sorted, default)",0,0,,,,False,0,0,UNKNOWN,,,,,False,none,mechanism_ok,REJECT,not_matched_to_candidate_or_axis; no_significant_fdr_lincs_signal,triptorelin,True
tyloxapol,1,1,0,0,0,,,,0,1.0,1.0,1.0,1.0,1.0,1.0,0.0,-0.0,0.0,0.0,NOT_SIGNIFICANT,"pvalue_up (mimic-sorted, default)",0,0,,,,False,0,0,UNKNOWN,,,,,False,none,mechanism_ok,REJECT,not_matched_to_candidate_or_axis; no_significant_fdr_lincs_signal,tyloxapol,False
urea,1,1,0,0,0,,,,0,1.0000000000000404,1.0,0.999911536481367,1.0,0.0147096740899637,0.4125946142688727,-0.0,-0.0,0.32,0.32,NOT_SIGNIFICANT,"pvalue_up (mimic-sorted, default)",0,0,,,,False,0,0,UNKNOWN,,,,,False,none,mechanism_ok,REJECT,not_matched_to_candidate_or_axis; no_significant_fdr_lincs_signal,urea,True
valsartan,1,1,0,0,0,,,,0,1.0,1.0,1.0,1.0,1.0,1.0,0.0,-0.0,0.0,0.0,NOT_SIGNIFICANT,"pvalue_up (mimic-sorted, default)",0,0,,,,False,0,0,UNKNOWN,,,,,False,none,mechanism_ok,REJECT,not_matched_to_candidate_or_axis; no_significant_fdr_lincs_signal,valsartan,True
varenicline,1,1,0,0,0,,,,0,0.9999999999993766,1.0,0.9999999987048956,1.0,0.007444703667652,0.1424076516595889,0.0,0.0,0.017,0.017,NOT_SIGNIFICANT,"pvalue_up (mimic-sorted, default)",0,0,,,,False,0,0,UNKNOWN,,,,,False,none,mechanism_ok,REJECT,not_matched_to_candidate_or_axis; no_significant_fdr_lincs_signal,varenicline,False
venlafaxine,2,1,0,0,0,,,,0,1.000000000000176,1.0,0.999999961937518,1.0,0.0036233721589163,0.253831427890671,-0.0,-0.0,0.126,0.172,NOT_SIGNIFICANT,"pvalue_up (mimic-sorted, default)",0,0,,,,False,0,0,UNKNOWN,,,,,False,none,mechanism_ok,REJECT,not_matched_to_candidate_or_axis; no_significant_fdr_lincs_signal,venlafaxine,True
verapamil,4,4,0,0,0,,,,0,0.9999999999993092,1.0,0.993213538052036,1.0,0.0152698979076206,0.3816574455090226,0.0,0.0,0.12,0.472,NOT_SIGNIFICANT,"pvalue_up (mimic-sorted, default)",0,0,,,,False,0,0,UNKNOWN,,,,,False,none,mechanism_ok,REJECT,not_matched_to_candidate_or_axis; no_significant_fdr_lincs_signal,verapamil,True
vilazodone,1,1,0,0,0,,,,0,1.0,1.0,1.0,1.0,1.0,1.0,0.0,-0.0,0.0,0.0,NOT_SIGNIFICANT,"pvalue_up (mimic-sorted, default)",0,0,,,,False,0,0,UNKNOWN,,,,,False,none,mechanism_ok,REJECT,not_matched_to_candidate_or_axis; no_significant_fdr_lincs_signal,vilazodone,False
vinorelbine,2,1,0,1,0,,GSE22206_fibro_case_v_control,,0,0.9999999999999484,1.0,0.9999999928164658,1.0,0.0013596006184412,0.0420638081746517,0.0,0.0,0.085,0.096,MIMIC,"pvalue_up (mimic-sorted, default)",0,0,,,,False,0,0,UNKNOWN,,,,,False,none,mechanism_ok,REJECT,not_matched_to_candidate_or_axis; no_significant_fdr_lincs_signal,vinorelbine,False
voriconazole,3,2,0,0,0,,,,0,0.9999999999997572,1.0,0.9999997932200552,1.0,0.0036385955619013,0.2179454905769217,0.0,0.0,0.123,0.264,NOT_SIGNIFICANT,"pvalue_up (mimic-sorted, default)",0,0,,,,False,0,0,UNKNOWN,,,,,False,none,mechanism_ok,REJECT,not_matched_to_candidate_or_axis; no_significant_fdr_lincs_signal,voriconazole,True
vortioxetine,1,1,0,0,0,,,,0,1.0,1.0,1.0,1.0,1.0,1.0,0.0,-0.0,0.0,0.0,NOT_SIGNIFICANT,"pvalue_up (mimic-sorted, default)",0,0,,,,False,0,0,UNKNOWN,,,,,False,none,mechanism_ok,REJECT,not_matched_to_candidate_or_axis; no_significant_fdr_lincs_signal,vortioxetine,True
vx 809,2,2,0,0,0,,,,0,1.0,1.0,1.0,1.0,1.0,1.0,0.0,-0.0,0.0,0.0,NOT_SIGNIFICANT,"pvalue_up (mimic-sorted, default)",0,0,,,,False,0,0,UNKNOWN,,,,,False,none,mechanism_ok,REJECT,not_matched_to_candidate_or_axis; no_significant_fdr_lincs_signal,vx 809,True
zafirlukast,1,1,0,0,0,,,,0,1.0000000000000853,1.0,0.9999477472730672,1.0,0.0304497718259922,0.4957283825652637,-0.0,-0.0,0.29,0.29,NOT_SIGNIFICANT,"pvalue_up (mimic-sorted, default)",0,0,,,,False,0,0,UNKNOWN,,,,,False,none,mechanism_ok,REJECT,not_matched_to_candidate_or_axis; no_significant_fdr_lincs_signal,zafirlukast,False
zaleplon,1,1,0,0,0,,,,0,0.9999999999990826,1.0,0.999990491834924,1.0,0.0151326464553562,0.3985000417927636,0.0,0.0,0.282,0.282,NOT_SIGNIFICANT,"pvalue_up (mimic-sorted, default)",0,0,,,,False,0,0,UNKNOWN,,,,,False,none,mechanism_ok,REJECT,not_matched_to_candidate_or_axis; no_significant_fdr_lincs_signal,zaleplon,False
zidovudine,1,1,0,0,0,,,,0,1.0,1.0,1.0,1.0,1.0,1.0,0.0,-0.0,0.0,0.0,NOT_SIGNIFICANT,"pvalue_up (mimic-sorted, default)",0,0,,,,False,0,0,UNKNOWN,,,,,False,none,mechanism_ok,REJECT,not_matched_to_candidate_or_axis; no_significant_fdr_lincs_signal,zidovudine,True
zileuton,6,3,0,0,0,,,,0,0.999999999999892,1.0,0.8350103415042005,1.0,0.0074064813214355,0.2427393415187888,0.0,0.0,0.201,0.78,NOT_SIGNIFICANT,"pvalue_up (mimic-sorted, default)",0,0,,,,False,0,0,UNKNOWN,,,,,False,none,mechanism_ok,REJECT,not_matched_to_candidate_or_axis; no_significant_fdr_lincs_signal,zileuton,True
ziprasidone,3,1,0,0,0,,,,0,0.9999999999996134,1.0,0.9999999951059284,1.0,0.0036534383902289,0.0874030505375287,0.0,0.0,0.02,0.021,NOT_SIGNIFICANT,"pvalue_up (mimic-sorted, default)",0,0,,,,False,0,0,UNKNOWN,,,,,False,none,mechanism_ok,REJECT,not_matched_to_candidate_or_axis; no_significant_fdr_lincs_signal,ziprasidone,False
zolpidem,5,4,0,0,0,,,,0,1.0,1.0,0.999969397088027,1.0,0.0076357147418485,0.1645014523943773,-0.0,-0.0,0.077,0.283,NOT_SIGNIFICANT,"pvalue_up (mimic-sorted, default)",0,0,,,,False,0,0,UNKNOWN,,,,,False,none,mechanism_ok,REJECT,not_matched_to_candidate_or_axis; no_significant_fdr_lincs_signal,zolpidem,True
zonisamide,1,1,0,0,0,,,,0,1.0,1.0,1.0,1.0,1.0,1.0,0.0,-0.0,0.0,0.0,NOT_SIGNIFICANT,"pvalue_up (mimic-sorted, default)",0,0,,,,False,0,0,UNKNOWN,,,,,False,none,mechanism_ok,REJECT,not_matched_to_candidate_or_axis; no_significant_fdr_lincs_signal,zonisamide,False
